{"type":"FeatureCollection","features":[{"type":"Feature","id":1,"properties":{"id":1,"ha":151.4,"acres":374.0,"soil":"Nicollet clay loam, 1 to 3 percent slopes","cell":"42.12229_-93.61261","lon":-93.609,"lat":42.11919,"n":40},"geometry":{"type":"MultiPolygon","coordinates":[[[[-93.61998,42.11992],[-93.61998,42.12218],[-93.6198,42.12244],[-93.61591,42.12244],[-93.61571,42.12252],[-93.61567,42.12271],[-93.61073,42.12275],[-93.6106,42.12585],[-93.60699,42.12585],[-93.60695,42.12567],[-93.60675,42.12559],[-93.60228,42.12559],[-93.60249,42.12544],[-93.60248,42.12498],[-93.60213,42.12463],[-93.60177,42.1246],[-93.6016,42.12437],[-93.6016,42.12133],[-93.60221,42.12071],[-93.60223,42.12],[-93.60203,42.11984],[-93.60124,42.11986],[-93.60124,42.11894],[-93.60244,42.11887],[-93.6025,42.11804],[-93.60283,42.11795],[-93.60286,42.1175],[-93.60271,42.11733],[-93.60221,42.11732],[-93.60203,42.11743],[-93.60201,42.11768],[-93.6016,42.11768],[-93.60157,42.11742],[-93.60133,42.11724],[-93.60133,42.11517],[-93.6016,42.11499],[-93.6016,42.11265],[-93.60215,42.11264],[-93.60232,42.11238],[-93.60268,42.11238],[-93.60211,42.11287],[-93.60211,42.11357],[-93.60223,42.11371],[-93.60426,42.11373],[-93.60447,42.11358],[-93.60447,42.11288],[-93.60415,42.11245],[-93.60386,42.11234],[-93.60801,42.11229],[-93.60876,42.11211],[-93.61035,42.11211],[-93.61055,42.1125],[-93.61071,42.11619],[-93.61519,42.11624],[-93.61555,42.11642],[-93.61845,42.11642],[-93.6186,42.11686],[-93.61998,42.11687],[-93.61998,42.1181],[-93.6198,42.11849],[-93.6198,42.11976],[-93.61998,42.11992]]]]}},{"type":"Feature","id":2,"properties":{"id":2,"ha":148.6,"acres":367.0,"soil":"Clarion loam, Bemis moraine, 2 to 6 percent slopes","cell":"42.01229_-93.72151","lon":-93.72677,"lat":42.01661,"n":39},"geometry":{"type":"MultiPolygon","coordinates":[[[[-93.73735,42.01608],[-93.73744,42.01706],[-93.73687,42.01699],[-93.73645,42.01733],[-93.73646,42.01775],[-93.73667,42.01787],[-93.73711,42.01783],[-93.7372,42.01751],[-93.73744,42.01743],[-93.73744,42.02248],[-93.73394,42.02254],[-93.7337,42.0225],[-93.7335,42.02228],[-93.7316,42.02227],[-93.73123,42.02221],[-93.73106,42.02194],[-93.73013,42.02166],[-93.72908,42.02157],[-93.729,42.02129],[-93.72881,42.0212],[-93.72559,42.0212],[-93.72542,42.02131],[-93.7254,42.02168],[-93.72525,42.02183],[-93.72476,42.02183],[-93.72321,42.02121],[-93.72172,42.02086],[-93.72107,42.0204],[-93.72011,42.02039],[-93.71946,42.02022],[-93.71897,42.02001],[-93.71896,42.01857],[-93.7187,42.01841],[-93.7187,42.01563],[-93.71896,42.01547],[-93.71897,42.01311],[-93.71932,42.01297],[-93.71932,42.01141],[-93.71907,42.01123],[-93.71861,42.01145],[-93.71868,42.00907],[-93.71947,42.00907],[-93.71947,42.00955],[-93.71962,42.00969],[-93.72097,42.0097],[-93.72121,42.00955],[-93.72118,42.00907],[-93.72501,42.00907],[-93.72527,42.00898],[-93.72542,42.00958],[-93.72577,42.00993],[-93.72627,42.01006],[-93.72729,42.00997],[-93.72739,42.0103],[-93.72796,42.01033],[-93.72801,42.01367],[-93.72822,42.01383],[-93.72775,42.01386],[-93.72756,42.01416],[-93.72765,42.01582],[-93.72777,42.01596],[-93.72901,42.01599],[-93.72934,42.01625],[-93.73009,42.01625],[-93.73052,42.0159],[-93.73062,42.01555],[-93.73101,42.01536],[-93.73161,42.01536],[-93.73188,42.01568],[-93.73235,42.01572],[-93.73232,42.01611],[-93.73249,42.01625],[-93.73328,42.01624],[-93.73343,42.01599],[-93.73735,42.01608]]]]}},{"type":"Feature","id":3,"properties":{"id":3,"ha":140.6,"acres":347.0,"soil":"Okoboji mucky silt loam, 0 to 1 percent slopes","cell":"41.91229_-93.70941","lon":-93.71122,"lat":41.91342,"n":42},"geometry":{"type":"MultiPolygon","coordinates":[[[[-93.71715,41.90738],[-93.71731,41.91154],[-93.71677,41.91152],[-93.7166,41.91169],[-93.71662,41.91241],[-93.71726,41.9125],[-93.71731,41.91278],[-93.71731,41.91573],[-93.71705,41.91591],[-93.71705,41.91771],[-93.71722,41.91827],[-93.71722,41.92128],[-93.70926,41.92126],[-93.70926,41.92005],[-93.70962,41.91988],[-93.70962,41.91798],[-93.70934,41.91771],[-93.70926,41.91581],[-93.70896,41.91484],[-93.70844,41.91475],[-93.7082,41.91504],[-93.70594,41.91511],[-93.70568,41.91528],[-93.70526,41.91508],[-93.70486,41.91416],[-93.70342,41.91412],[-93.70327,41.91382],[-93.70297,41.91376],[-93.70297,41.91097],[-93.70323,41.91094],[-93.70333,41.91079],[-93.70333,41.90729],[-93.70977,41.90747],[-93.70977,41.90831],[-93.71001,41.90846],[-93.71084,41.90838],[-93.71088,41.90747],[-93.71715,41.90738]]]]}},{"type":"Feature","id":4,"properties":{"id":4,"ha":112.7,"acres":279.0,"soil":"Clarion loam, Bemis moraine, 2 to 6 percent slopes","cell":"41.95229_-93.80621","lon":-93.80661,"lat":41.95694,"n":40},"geometry":{"type":"MultiPolygon","coordinates":[[[[-93.81532,41.95098],[-93.81541,41.95609],[-93.81464,41.95607],[-93.81445,41.95616],[-93.81442,41.9576],[-93.81417,41.95763],[-93.81406,41.95778],[-93.81417,41.95828],[-93.81503,41.9583],[-93.81517,41.95815],[-93.81517,41.95733],[-93.81541,41.9573],[-93.81541,41.95894],[-93.81514,41.95911],[-93.81514,41.9611],[-93.81123,41.96101],[-93.81103,41.96112],[-93.81101,41.96142],[-93.81044,41.96152],[-93.80589,41.96146],[-93.80556,41.9614],[-93.80539,41.96087],[-93.80447,41.96056],[-93.80092,41.96056],[-93.80068,41.96074],[-93.79952,41.96074],[-93.79826,41.9611],[-93.79681,41.96111],[-93.79637,41.96189],[-93.79637,41.96248],[-93.79655,41.96262],[-93.79655,41.96478],[-93.79577,41.96478],[-93.79577,41.9611],[-93.79613,41.96094],[-93.79613,41.95876],[-93.79602,41.95861],[-93.79577,41.95858],[-93.79577,41.95796],[-93.8002,41.95796],[-93.80044,41.95781],[-93.80044,41.95319],[-93.80026,41.95302],[-93.80017,41.95147],[-93.80036,41.95095],[-93.80508,41.95095],[-93.80508,41.95176],[-93.80481,41.95194],[-93.80481,41.95778],[-93.80503,41.95832],[-93.80549,41.95857],[-93.80661,41.9584],[-93.80682,41.95858],[-93.80939,41.95858],[-93.80941,41.95883],[-93.80961,41.95894],[-93.81031,41.95894],[-93.81048,41.95883],[-93.81049,41.95683],[-93.81033,41.9567],[-93.80995,41.9567],[-93.80975,41.95696],[-93.80961,41.95682],[-93.80959,41.9562],[-93.80939,41.95607],[-93.80963,41.95601],[-93.80996,41.95564],[-93.80996,41.95403],[-93.81032,41.95319],[-93.81023,41.95104],[-93.81047,41.95104],[-93.81073,41.95162],[-93.81125,41.95167],[-93.81195,41.95136],[-93.81227,41.95104],[-93.81532,41.95098]]]]}},{"type":"Feature","id":5,"properties":{"id":5,"ha":119.7,"acres":296.0,"soil":"Nicollet loam, 1 to 3 percent slopes","cell":"42.09229_-93.61261","lon":-93.60925,"lat":42.09721,"n":41},"geometry":{"type":"MultiPolygon","coordinates":[[[[-93.61998,42.0928],[-93.61998,42.09567],[-93.6195,42.09569],[-93.6192,42.09594],[-93.61589,42.09594],[-93.6156,42.09613],[-93.61558,42.09735],[-93.61531,42.09808],[-93.61531,42.09944],[-93.61226,42.09944],[-93.61205,42.09935],[-93.61068,42.09943],[-93.61064,42.10286],[-93.60978,42.10286],[-93.60976,42.10261],[-93.60958,42.1025],[-93.60863,42.1025],[-93.60815,42.10286],[-93.60693,42.10287],[-93.60678,42.10313],[-93.606,42.10313],[-93.60596,42.10294],[-93.60578,42.10286],[-93.6016,42.10286],[-93.6016,42.09988],[-93.60133,42.09971],[-93.60133,42.0963],[-93.60273,42.0963],[-93.60292,42.09621],[-93.60286,42.09405],[-93.60542,42.09405],[-93.60625,42.09376],[-93.60632,42.09315],[-93.60564,42.09307],[-93.60619,42.09262],[-93.61432,42.09262],[-93.61456,42.0928],[-93.61998,42.0928]]]]}},{"type":"Feature","id":6,"properties":{"id":6,"ha":113.3,"acres":280.0,"soil":"Harps clay loam, Bemis moraine, 0 to 2 percent slopes","cell":"41.94229_-93.60051","lon":-93.60163,"lat":41.94082,"n":40},"geometry":{"type":"MultiPolygon","coordinates":[[[[-93.61006,41.93631],[-93.61006,41.93863],[-93.60979,41.93927],[-93.60979,41.94666],[-93.60698,41.94664],[-93.60639,41.94613],[-93.6056,41.94601],[-93.6056,41.93972],[-93.60538,41.93954],[-93.60057,41.93954],[-93.60012,41.9398],[-93.60009,41.94031],[-93.60035,41.94044],[-93.60035,41.94232],[-93.60008,41.9425],[-93.60009,41.94317],[-93.60035,41.94331],[-93.60035,41.94601],[-93.60001,41.94612],[-93.59999,41.94664],[-93.59554,41.94664],[-93.59553,41.94615],[-93.59539,41.94602],[-93.59338,41.94601],[-93.59363,41.94536],[-93.59407,41.94495],[-93.59424,41.9451],[-93.59469,41.94511],[-93.59484,41.94546],[-93.59548,41.9454],[-93.59553,41.94488],[-93.59524,41.94475],[-93.59612,41.94413],[-93.59617,41.94367],[-93.59502,41.94288],[-93.59311,41.94286],[-93.59311,41.94268],[-93.59338,41.9425],[-93.59338,41.93613],[-93.59486,41.93613],[-93.5953,41.93631],[-93.59677,41.93622],[-93.59667,41.93679],[-93.59689,41.93721],[-93.59709,41.93729],[-93.59886,41.93725],[-93.59894,41.9367],[-93.59859,41.93657],[-93.59883,41.93631],[-93.61006,41.93631]]]]}},{"type":"Feature","id":7,"properties":{"id":7,"ha":108.6,"acres":268.0,"soil":"Clarion loam, Bemis moraine, 2 to 6 percent slopes","cell":"42.05229_-93.49161","lon":-93.4967,"lat":42.05253,"n":41},"geometry":{"type":"MultiPolygon","coordinates":[[[[-93.50332,42.0565],[-93.50328,42.05632],[-93.50308,42.05624],[-93.49201,42.05624],[-93.49201,42.05597],[-93.49227,42.05582],[-93.49228,42.05498],[-93.49256,42.05493],[-93.49263,42.05471],[-93.49317,42.05467],[-93.49353,42.05421],[-93.4935,42.05382],[-93.49326,42.05372],[-93.49284,42.05315],[-93.49237,42.05309],[-93.49223,42.0528],[-93.49179,42.05255],[-93.49131,42.05257],[-93.49116,42.05273],[-93.48814,42.05273],[-93.4881,42.05254],[-93.48793,42.05246],[-93.48311,42.05246],[-93.48308,42.0522],[-93.48284,42.0521],[-93.48284,42.04941],[-93.48506,42.04941],[-93.48515,42.05018],[-93.48539,42.05031],[-93.4859,42.05027],[-93.48599,42.04995],[-93.4868,42.04991],[-93.48689,42.04941],[-93.48865,42.04941],[-93.48869,42.0496],[-93.48889,42.04968],[-93.49242,42.04968],[-93.49259,42.0496],[-93.49263,42.04941],[-93.4953,42.04949],[-93.4953,42.04959],[-93.49484,42.0496],[-93.49468,42.04972],[-93.49468,42.05018],[-93.49491,42.05031],[-93.49716,42.05029],[-93.4973,42.05016],[-93.49731,42.04962],[-93.49774,42.0495],[-93.50146,42.0495],[-93.50371,42.04968],[-93.50577,42.04968],[-93.50601,42.04986],[-93.50625,42.05042],[-93.50628,42.05111],[-93.50688,42.05121],[-93.50626,42.05164],[-93.50625,42.05624],[-93.50604,42.0563],[-93.50599,42.0565],[-93.50332,42.0565]]]]}},{"type":"Feature","id":8,"properties":{"id":8,"ha":102.7,"acres":254.0,"soil":"Webster clay loam, Bemis moraine, 0 to 2 percent slopes","cell":"42.03229_-93.74571","lon":-93.74709,"lat":42.02941,"n":40},"geometry":{"type":"MultiPolygon","coordinates":[[[[-93.75564,42.03071],[-93.75547,42.03054],[-93.75438,42.03053],[-93.75416,42.03035],[-93.75133,42.03035],[-93.75111,42.03053],[-93.74845,42.03053],[-93.74826,42.03036],[-93.74751,42.03036],[-93.74734,42.03051],[-93.74734,42.03152],[-93.74707,42.0317],[-93.74707,42.03325],[-93.74734,42.03341],[-93.74734,42.03368],[-93.74674,42.03377],[-93.7468,42.03439],[-93.74307,42.03448],[-93.74323,42.03389],[-93.74264,42.0335],[-93.74225,42.03352],[-93.74181,42.03385],[-93.74177,42.03448],[-93.7392,42.03448],[-93.739,42.03431],[-93.73794,42.0343],[-93.73794,42.03341],[-93.73821,42.03323],[-93.73821,42.02766],[-93.73803,42.0273],[-93.7383,42.02748],[-93.74213,42.02748],[-93.74213,42.02757],[-93.74167,42.02758],[-93.74151,42.0277],[-93.74151,42.02841],[-93.74172,42.02856],[-93.74287,42.02852],[-93.74323,42.02816],[-93.74324,42.02766],[-93.7474,42.02764],[-93.74755,42.0275],[-93.74755,42.02658],[-93.74782,42.02642],[-93.74782,42.02469],[-93.74871,42.02466],[-93.74906,42.02432],[-93.74908,42.02407],[-93.75111,42.02407],[-93.75113,42.02431],[-93.75133,42.02442],[-93.7523,42.02442],[-93.75249,42.02424],[-93.75291,42.02424],[-93.75291,42.02481],[-93.75264,42.02513],[-93.75264,42.02606],[-93.75313,42.0264],[-93.75391,42.0264],[-93.75496,42.02615],[-93.75527,42.02553],[-93.75528,42.02455],[-93.75547,42.02415],[-93.75621,42.02415],[-93.75695,42.02459],[-93.75677,42.03071],[-93.75564,42.03071]]]]}},{"type":"Feature","id":9,"properties":{"id":9,"ha":103.8,"acres":256.0,"soil":"Clarion loam, Bemis moraine, 6 to 10 percent slopes","cell":"42.00229_-93.74571","lon":-93.7468,"lat":42.00463,"n":39},"geometry":{"type":"MultiPolygon","coordinates":[[[[-93.75675,42.00188],[-93.75675,42.00242],[-93.75648,42.00258],[-93.75639,42.00386],[-93.75639,42.0054],[-93.75675,42.00557],[-93.75675,42.00651],[-93.75625,42.00655],[-93.7562,42.00636],[-93.75592,42.00621],[-93.75517,42.0062],[-93.75486,42.00649],[-93.75458,42.00651],[-93.75434,42.00682],[-93.75319,42.00682],[-93.75317,42.0064],[-93.75293,42.00629],[-93.75196,42.00682],[-93.75043,42.00684],[-93.75028,42.00699],[-93.75025,42.00862],[-93.7474,42.00862],[-93.7463,42.00835],[-93.73968,42.00844],[-93.7395,42.00835],[-93.73801,42.00835],[-93.73801,42.00718],[-93.73845,42.00718],[-93.73945,42.00745],[-93.74074,42.00744],[-93.74088,42.0073],[-93.74097,42.00637],[-93.74096,42.00605],[-93.74082,42.00594],[-93.73912,42.00584],[-93.7389,42.00593],[-93.73868,42.00646],[-93.7381,42.00646],[-93.7381,42.00215],[-93.73849,42.00224],[-93.73957,42.00214],[-93.74177,42.00122],[-93.74187,42.0009],[-93.74266,42.00086],[-93.74277,42.00063],[-93.74617,42.00059],[-93.74688,42.00089],[-93.7477,42.0009],[-93.74787,42.00122],[-93.74951,42.00188],[-93.75301,42.00188],[-93.75322,42.00197],[-93.75675,42.00188]]]]}},{"type":"Feature","id":10,"properties":{"id":10,"ha":98.5,"acres":243.0,"soil":"Clarion loam, Bemis moraine, 6 to 10 percent slopes, moderately eroded","cell":"42.00229_-93.78201","lon":-93.78697,"lat":42.00024,"n":32},"geometry":{"type":"MultiPolygon","coordinates":[[[[-93.79538,41.99443],[-93.79538,42.00116],[-93.79264,42.00116],[-93.79246,42.00099],[-93.79176,42.00098],[-93.79144,42.00118],[-93.79093,42.00125],[-93.78694,42.0012],[-93.78633,42.00163],[-93.78622,42.00251],[-93.78527,42.00259],[-93.78523,42.00327],[-93.78542,42.00341],[-93.78622,42.00341],[-93.78622,42.00415],[-93.7866,42.00546],[-93.78723,42.0059],[-93.78759,42.00593],[-93.7881,42.00646],[-93.7878,42.00653],[-93.78774,42.00682],[-93.78753,42.00689],[-93.78747,42.00709],[-93.78716,42.00716],[-93.78697,42.00752],[-93.78538,42.00845],[-93.78167,42.00853],[-93.78167,42.00377],[-93.78192,42.00374],[-93.78203,42.00359],[-93.78203,42.00133],[-93.78176,42.00116],[-93.78176,42.0],[-93.78202,41.99985],[-93.78203,41.99883],[-93.78176,41.99865],[-93.78176,41.99452],[-93.78774,41.99461],[-93.78783,41.99492],[-93.78915,41.99558],[-93.79134,41.9956],[-93.79134,41.99591],[-93.79098,41.99612],[-93.79089,41.99856],[-93.79101,41.99892],[-93.79146,41.99937],[-93.79311,41.99935],[-93.79335,41.99883],[-93.79325,41.99564],[-93.79289,41.995],[-93.79173,41.99488],[-93.79173,41.99443],[-93.79538,41.99443]]]]}},{"type":"Feature","id":11,"properties":{"id":11,"ha":102.5,"acres":253.0,"soil":"Webster clay loam, Bemis moraine, 0 to 2 percent slopes","cell":"42.11229_-93.73361","lon":-93.73692,"lat":42.11635,"n":37},"geometry":{"type":"MultiPolygon","coordinates":[[[[-93.74256,42.1077],[-93.74213,42.10815],[-93.74213,42.11093],[-93.7424,42.11119],[-93.7424,42.1139],[-93.74213,42.11406],[-93.74213,42.11866],[-93.74186,42.11882],[-93.74186,42.12048],[-93.74107,42.12072],[-93.73757,42.12075],[-93.73746,42.1209],[-93.73746,42.1226],[-93.73727,42.1227],[-93.73704,42.1227],[-93.7368,42.12252],[-93.73174,42.12252],[-93.73174,42.1199],[-93.73138,42.11973],[-93.73147,42.11839],[-93.73137,42.11806],[-93.73114,42.11794],[-93.72932,42.11794],[-93.72914,42.11803],[-93.72806,42.11796],[-93.72806,42.11757],[-93.72833,42.11733],[-93.72833,42.11578],[-93.73036,42.11576],[-93.73083,42.11513],[-93.73106,42.11453],[-93.73184,42.11452],[-93.73201,42.11433],[-93.73232,42.11452],[-93.73312,42.11462],[-93.73332,42.11454],[-93.73336,42.11435],[-93.73404,42.11435],[-93.73426,42.11452],[-93.73716,42.11453],[-93.7374,42.11435],[-93.73785,42.1143],[-93.73794,42.11386],[-93.73767,42.11372],[-93.73767,42.10895],[-93.73993,42.10895],[-93.74009,42.10881],[-93.7401,42.10796],[-93.74025,42.10785],[-93.7408,42.1077],[-93.74256,42.1077]]]]}},{"type":"Feature","id":12,"properties":{"id":12,"ha":100.9,"acres":249.0,"soil":"Webster clay loam, Bemis moraine, 0 to 2 percent slopes","cell":"42.12229_-93.68521","lon":-93.68485,"lat":42.11796,"n":44},"geometry":{"type":"MultiPolygon","coordinates":[[[[-93.69281,42.11731],[-93.69281,42.12252],[-93.69085,42.12252],[-93.69067,42.12263],[-93.69066,42.12288],[-93.68871,42.12288],[-93.68863,42.12193],[-93.68694,42.12189],[-93.68672,42.12201],[-93.68661,42.12252],[-93.68315,42.12252],[-93.68295,42.12263],[-93.68293,42.12288],[-93.6808,42.12288],[-93.68041,42.12242],[-93.68089,42.12167],[-93.68086,42.12134],[-93.68029,42.12128],[-93.68015,42.12162],[-93.6799,42.12162],[-93.67966,42.12131],[-93.6791,42.12106],[-93.6791,42.11704],[-93.67937,42.11688],[-93.67937,42.1156],[-93.6791,42.11542],[-93.6791,42.11524],[-93.67937,42.1151],[-93.67937,42.11417],[-93.6791,42.11399],[-93.6791,42.11084],[-93.6832,42.11084],[-93.68332,42.11398],[-93.68387,42.11425],[-93.68796,42.11426],[-93.68787,42.11562],[-93.68823,42.11628],[-93.68823,42.11733],[-93.68835,42.11747],[-93.68903,42.11775],[-93.68964,42.11776],[-93.68984,42.11768],[-93.68991,42.11746],[-93.69066,42.11731],[-93.69281,42.11731]]]]}},{"type":"Feature","id":13,"properties":{"id":13,"ha":96.6,"acres":239.0,"soil":"Nicollet loam, 1 to 3 percent slopes","cell":"41.94229_-93.62471","lon":-93.62739,"lat":41.9468,"n":41},"geometry":{"type":"MultiPolygon","coordinates":[[[[-93.63889,41.94385],[-93.63898,41.94708],[-93.63871,41.94879],[-93.63731,41.94879],[-93.63686,41.9486],[-93.63685,41.94829],[-93.63666,41.94817],[-93.63428,41.94816],[-93.63407,41.94801],[-93.63401,41.94768],[-93.63347,41.94753],[-93.63324,41.94768],[-93.63323,41.9487],[-93.63334,41.94885],[-93.63359,41.94888],[-93.63359,41.94947],[-93.63326,41.94951],[-93.63289,41.94924],[-93.6319,41.94924],[-93.63117,41.94946],[-93.63108,41.94978],[-93.62509,41.94978],[-93.62507,41.94934],[-93.62425,41.94861],[-93.62379,41.94862],[-93.62362,41.94888],[-93.6231,41.94891],[-93.62273,41.94937],[-93.62279,41.94982],[-93.62362,41.94987],[-93.62362,41.95005],[-93.62191,41.95005],[-93.62041,41.9496],[-93.61521,41.94891],[-93.61521,41.94716],[-93.61543,41.947],[-93.61973,41.947],[-93.61993,41.94692],[-93.62024,41.94648],[-93.62024,41.94448],[-93.62059,41.94435],[-93.6206,41.94358],[-93.62605,41.94358],[-93.62609,41.94377],[-93.62629,41.94385],[-93.62954,41.94385],[-93.62976,41.9437],[-93.63006,41.94385],[-93.63431,41.94385],[-93.63431,41.94484],[-93.63395,41.945],[-93.63396,41.94606],[-93.63417,41.94619],[-93.63521,41.94619],[-93.63525,41.94638],[-93.63543,41.94646],[-93.63709,41.94646],[-93.6373,41.94631],[-93.63731,41.945],[-93.63695,41.94484],[-93.63693,41.94405],[-93.636,41.94385],[-93.63889,41.94385]]],[[[-93.63785,41.94978],[-93.63799,41.94978],[-93.63799,41.95005],[-93.63782,41.95005],[-93.63785,41.94978]]]]}},{"type":"Feature","id":14,"properties":{"id":14,"ha":94.9,"acres":235.0,"soil":"Canisteo clay loam, Bemis moraine, 0 to 2 percent slopes","cell":"41.91229_-93.73361","lon":-93.73385,"lat":41.91547,"n":43},"geometry":{"type":"MultiPolygon","coordinates":[[[[-93.7448,41.917],[-93.74373,41.9173],[-93.74207,41.9185],[-93.7415,41.91916],[-93.74084,41.92034],[-93.74025,41.9205],[-93.74013,41.92148],[-93.73744,41.92148],[-93.73729,41.91843],[-93.73747,41.91827],[-93.73747,41.91681],[-93.7372,41.91663],[-93.73717,41.91538],[-93.73696,41.91528],[-93.73249,41.91529],[-93.73232,41.91545],[-93.73232,41.91627],[-93.73205,41.91644],[-93.73207,41.91688],[-93.73232,41.91699],[-93.73232,41.91753],[-93.73206,41.91756],[-93.73196,41.91771],[-93.73205,41.91997],[-93.73232,41.92014],[-93.73232,41.92121],[-93.7275,41.9213],[-93.72777,41.92077],[-93.72777,41.91591],[-93.7275,41.91573],[-93.72741,41.90999],[-93.72777,41.90982],[-93.72777,41.90747],[-93.73205,41.90744],[-93.73196,41.90892],[-93.73232,41.90909],[-93.73232,41.90936],[-93.73205,41.90954],[-93.73205,41.91047],[-93.73232,41.91061],[-93.73232,41.91214],[-93.73196,41.9123],[-93.73205,41.91435],[-93.73263,41.91448],[-93.73582,41.91448],[-93.73586,41.91467],[-93.73606,41.91475],[-93.74318,41.91475],[-93.74387,41.91439],[-93.74429,41.91439],[-93.74488,41.91497],[-93.74516,41.91502],[-93.74516,41.91636],[-93.74491,41.91648],[-93.7448,41.917]]]]}},{"type":"Feature","id":15,"properties":{"id":15,"ha":91.2,"acres":225.0,"soil":"Harps clay loam, Bemis moraine, 0 to 2 percent slopes","cell":"41.99229_-93.68521","lon":-93.68975,"lat":41.98989,"n":36},"geometry":{"type":"MultiPolygon","coordinates":[[[[-93.69818,41.99187],[-93.69811,41.99344],[-93.69561,41.99344],[-93.6952,41.99362],[-93.69112,41.99362],[-93.69112,41.99264],[-93.69168,41.99239],[-93.69173,41.9922],[-93.69155,41.99209],[-93.69112,41.99209],[-93.69064,41.99149],[-93.68998,41.99146],[-93.68974,41.99162],[-93.68965,41.99361],[-93.68483,41.99371],[-93.6848,41.99344],[-93.68456,41.99335],[-93.68456,41.99308],[-93.68481,41.99305],[-93.68492,41.99292],[-93.68489,41.99003],[-93.68468,41.98993],[-93.68187,41.98994],[-93.68169,41.99001],[-93.68165,41.9902],[-93.68151,41.9902],[-93.68136,41.98995],[-93.68061,41.98994],[-93.68043,41.99001],[-93.68039,41.9902],[-93.68021,41.9902],[-93.6801,41.98946],[-93.67963,41.98922],[-93.67917,41.98924],[-93.67953,41.98789],[-93.67953,41.98679],[-93.6902,41.98679],[-93.69054,41.98714],[-93.69213,41.98715],[-93.69235,41.98706],[-93.69237,41.98679],[-93.69252,41.98679],[-93.69259,41.9871],[-93.69332,41.98741],[-93.69492,41.98742],[-93.69546,41.98708],[-93.69552,41.98688],[-93.69774,41.98679],[-93.69809,41.98661],[-93.69809,41.98716],[-93.69792,41.98727],[-93.69782,41.98787],[-93.69791,41.99128],[-93.69757,41.99111],[-93.6966,41.9911],[-93.69642,41.99118],[-93.69638,41.99137],[-93.69651,41.99153],[-93.69683,41.99155],[-93.69687,41.99174],[-93.69705,41.99182],[-93.69782,41.9918],[-93.69794,41.99147],[-93.69818,41.99187]]],[[[-93.67905,41.98937],[-93.67905,41.98974],[-93.67876,41.98972],[-93.67873,41.9894],[-93.67905,41.98937]]]]}},{"type":"Feature","id":16,"properties":{"id":16,"ha":89.3,"acres":221.0,"soil":"Clarion loam, Bemis moraine, 6 to 10 percent slopes, moderately eroded","cell":"42.04229_-93.68521","lon":-93.6907,"lat":42.04628,"n":42},"geometry":{"type":"MultiPolygon","coordinates":[[[[-93.68625,42.05227],[-93.68586,42.05133],[-93.68486,42.05128],[-93.68463,42.05091],[-93.68431,42.05074],[-93.6842,42.04979],[-93.68337,42.04976],[-93.6816,42.05038],[-93.68149,42.04985],[-93.68205,42.04982],[-93.68216,42.04949],[-93.6839,42.04947],[-93.68429,42.04912],[-93.68431,42.04886],[-93.68464,42.04876],[-93.68467,42.04839],[-93.68454,42.04825],[-93.68339,42.04823],[-93.6832,42.04837],[-93.68314,42.04898],[-93.68314,42.04811],[-93.68404,42.04717],[-93.68404,42.04588],[-93.68377,42.04567],[-93.68394,42.04544],[-93.68434,42.04544],[-93.68472,42.04562],[-93.68513,42.04544],[-93.68652,42.04536],[-93.68656,42.04221],[-93.68823,42.04221],[-93.68827,42.0424],[-93.68847,42.04248],[-93.68897,42.04245],[-93.68907,42.04221],[-93.69838,42.04221],[-93.69838,42.04571],[-93.69811,42.04588],[-93.69811,42.04775],[-93.69792,42.04814],[-93.69513,42.04814],[-93.69438,42.04761],[-93.69295,42.04771],[-93.6923,42.04823],[-93.69168,42.04832],[-93.69138,42.04882],[-93.69128,42.05016],[-93.69111,42.05038],[-93.69087,42.05038],[-93.69078,42.0498],[-93.69015,42.04978],[-93.68951,42.05049],[-93.68942,42.05105],[-93.68834,42.05131],[-93.68804,42.05164],[-93.68683,42.05166],[-93.68638,42.05199],[-93.68625,42.05227]]]]}},{"type":"Feature","id":17,"properties":{"id":17,"ha":84.6,"acres":209.0,"soil":"Nicollet loam, 1 to 3 percent slopes","cell":"42.08229_-93.78201","lon":-93.78418,"lat":42.0866,"n":33},"geometry":{"type":"MultiPolygon","coordinates":[[[[-93.79558,42.08515],[-93.79092,42.08515],[-93.79074,42.08528],[-93.79073,42.08569],[-93.79031,42.0855],[-93.79029,42.08526],[-93.7901,42.08515],[-93.78613,42.0852],[-93.78615,42.08653],[-93.78642,42.08668],[-93.78642,42.08695],[-93.78615,42.08711],[-93.78615,42.08919],[-93.78582,42.08929],[-93.78552,42.09],[-93.78553,42.09059],[-93.78579,42.09072],[-93.78579,42.09234],[-93.78411,42.09234],[-93.78392,42.09216],[-93.78286,42.09216],[-93.78285,42.09149],[-93.78259,42.09135],[-93.78249,42.08556],[-93.78228,42.08542],[-93.78097,42.08544],[-93.78085,42.0856],[-93.78085,42.08928],[-93.78112,42.08946],[-93.78112,42.09189],[-93.78086,42.092],[-93.78085,42.09234],[-93.7801,42.09216],[-93.77729,42.09216],[-93.77708,42.09231],[-93.77693,42.09224],[-93.77693,42.08953],[-93.77666,42.08937],[-93.77666,42.08569],[-93.77789,42.08578],[-93.77819,42.08603],[-93.77864,42.08604],[-93.77881,42.0859],[-93.77881,42.08524],[-93.77846,42.08493],[-93.77811,42.0848],[-93.77666,42.08479],[-93.77666,42.08371],[-93.77806,42.08371],[-93.77826,42.08389],[-93.77949,42.08389],[-93.77969,42.08378],[-93.77971,42.08353],[-93.781,42.08353],[-93.78133,42.08389],[-93.78578,42.08389],[-93.78627,42.08357],[-93.78635,42.08201],[-93.7892,42.08201],[-93.78953,42.08183],[-93.79288,42.08183],[-93.79306,42.082],[-93.79378,42.08201],[-93.79379,42.08312],[-93.79423,42.08349],[-93.79475,42.08352],[-93.79489,42.08326],[-93.79521,42.08326],[-93.79558,42.08345],[-93.79558,42.08515]]]]}},{"type":"Feature","id":18,"properties":{"id":18,"ha":89.0,"acres":220.0,"soil":"Clarion loam, Bemis moraine, 2 to 6 percent slopes","cell":"42.12229_-93.78201","lon":-93.78512,"lat":42.12,"n":36},"geometry":{"type":"MultiPolygon","coordinates":[[[[-93.7945,42.11947],[-93.79453,42.11973],[-93.79477,42.11983],[-93.79508,42.12038],[-93.7954,42.12049],[-93.7954,42.12288],[-93.79034,42.12288],[-93.79002,42.12297],[-93.78073,42.12288],[-93.78052,42.12297],[-93.77905,42.12297],[-93.77887,42.12288],[-93.77797,42.12288],[-93.77818,42.12275],[-93.77818,42.12241],[-93.77786,42.12195],[-93.77666,42.12162],[-93.77666,42.11668],[-93.7792,42.11668],[-93.77944,42.1165],[-93.78174,42.1165],[-93.78194,42.11668],[-93.78363,42.11668],[-93.78385,42.11686],[-93.79037,42.11686],[-93.7904,42.11721],[-93.79073,42.11731],[-93.79073,42.11803],[-93.79046,42.11819],[-93.79055,42.11943],[-93.7945,42.11947]]]]}},{"type":"Feature","id":19,"properties":{"id":19,"ha":86.5,"acres":214.0,"soil":"Nicollet loam, 1 to 3 percent slopes","cell":"41.94229_-93.73361","lon":-93.72801,"lat":41.9471,"n":39},"geometry":{"type":"MultiPolygon","coordinates":[[[[-93.73639,41.94574],[-93.73645,41.95014],[-93.73289,41.95014],[-93.73268,41.95032],[-93.73244,41.95032],[-93.7324,41.95013],[-93.7322,41.95005],[-93.72627,41.95005],[-93.72595,41.95023],[-93.72522,41.95023],[-93.72474,41.95005],[-93.71896,41.95014],[-93.71892,41.94949],[-93.71857,41.94917],[-93.71807,41.94915],[-93.7181,41.94736],[-93.72627,41.94727],[-93.72723,41.94708],[-93.72741,41.94692],[-93.72741,41.94536],[-93.72717,41.9452],[-93.7216,41.9452],[-93.72136,41.94538],[-93.71911,41.94538],[-93.71807,41.94517],[-93.71807,41.94421],[-93.7192,41.94419],[-93.71934,41.94367],[-93.7305,41.94367],[-93.73074,41.94385],[-93.73501,41.94385],[-93.73492,41.94403],[-93.7351,41.94422],[-93.73511,41.94534],[-93.73587,41.94572],[-93.73639,41.94574]]]]}},{"type":"Feature","id":20,"properties":{"id":20,"ha":85.5,"acres":211.0,"soil":"Clarion loam, Bemis moraine, 2 to 6 percent slopes","cell":"41.94229_-93.66101","lon":-93.6669,"lat":41.93984,"n":36},"geometry":{"type":"MultiPolygon","coordinates":[[[[-93.67366,41.93919],[-93.67348,41.93936],[-93.67348,41.94241],[-93.67366,41.94259],[-93.67366,41.94286],[-93.67316,41.94294],[-93.67308,41.94349],[-93.67085,41.94349],[-93.67053,41.94332],[-93.66981,41.94332],[-93.66962,41.94346],[-93.66961,41.94412],[-93.66911,41.94412],[-93.66909,41.94342],[-93.66862,41.94322],[-93.65923,41.94331],[-93.65936,41.9417],[-93.66108,41.9417],[-93.66129,41.94153],[-93.66128,41.9392],[-93.6605,41.93883],[-93.65977,41.93882],[-93.65977,41.93717],[-93.66037,41.93657],[-93.66039,41.93631],[-93.66797,41.93631],[-93.66864,41.93613],[-93.66961,41.93613],[-93.66983,41.93631],[-93.67348,41.9364],[-93.67343,41.93666],[-93.67312,41.93681],[-93.67312,41.93747],[-93.67366,41.93779],[-93.67366,41.93919]]]]}},{"type":"Feature","id":21,"properties":{"id":21,"ha":84.3,"acres":208.0,"soil":"Webster clay loam, Bemis moraine, 0 to 2 percent slopes","cell":"42.09229_-93.50371","lon":-93.50942,"lat":42.08909,"n":41},"geometry":{"type":"MultiPolygon","coordinates":[[[[-93.51635,42.09253],[-93.515,42.09253],[-93.51487,42.09228],[-93.51413,42.09217],[-93.51339,42.09219],[-93.51326,42.09253],[-93.50234,42.09244],[-93.50234,42.09181],[-93.50259,42.09178],[-93.5027,42.09163],[-93.5027,42.08552],[-93.50811,42.08561],[-93.50897,42.08552],[-93.50937,42.08588],[-93.51353,42.08588],[-93.5137,42.0858],[-93.51375,42.08561],[-93.51605,42.08561],[-93.51605,42.08761],[-93.51641,42.08825],[-93.51641,42.09178],[-93.51614,42.09235],[-93.51635,42.09253]]]]}},{"type":"Feature","id":22,"properties":{"id":22,"ha":81.3,"acres":201.0,"soil":"Nicollet loam, 1 to 3 percent slopes","cell":"41.94229_-93.79411","lon":-93.79975,"lat":41.94213,"n":37},"geometry":{"type":"MultiPolygon","coordinates":[[[[-93.80107,41.93631],[-93.80126,41.9364],[-93.80283,41.9364],[-93.80284,41.93776],[-93.80308,41.93792],[-93.80413,41.93788],[-93.8043,41.9374],[-93.8043,41.93658],[-93.80468,41.9364],[-93.80535,41.9364],[-93.80535,41.94161],[-93.80499,41.94175],[-93.80499,41.94288],[-93.80204,41.94296],[-93.80186,41.94306],[-93.80183,41.94331],[-93.80058,41.94332],[-93.80041,41.94358],[-93.80008,41.94368],[-93.80005,41.94416],[-93.80032,41.9443],[-93.80032,41.94467],[-93.80007,41.94486],[-93.79996,41.94527],[-93.79996,41.94771],[-93.80032,41.94821],[-93.80035,41.95014],[-93.79872,41.95014],[-93.79852,41.95041],[-93.79577,41.95041],[-93.79577,41.94978],[-93.79602,41.94975],[-93.79613,41.9496],[-93.79613,41.94709],[-93.79586,41.9466],[-93.79586,41.94556],[-93.79613,41.9454],[-93.79613,41.94403],[-93.79591,41.94343],[-93.79594,41.94241],[-93.79613,41.94225],[-93.79613,41.94037],[-93.7964,41.93963],[-93.7964,41.9371],[-93.79604,41.93693],[-93.79609,41.93631],[-93.80107,41.93631]]]]}},{"type":"Feature","id":23,"properties":{"id":23,"ha":75.2,"acres":186.0,"soil":"Clarion loam, Bemis moraine, 6 to 10 percent slopes","cell":"41.95229_-93.70941","lon":-93.70893,"lat":41.95369,"n":38},"geometry":{"type":"MultiPolygon","coordinates":[[[[-93.71713,41.95733],[-93.71648,41.95734],[-93.71633,41.9576],[-93.70938,41.9576],[-93.70836,41.95769],[-93.70836,41.95434],[-93.70804,41.95418],[-93.70793,41.95396],[-93.70594,41.95391],[-93.70577,41.95399],[-93.70573,41.95418],[-93.70271,41.95418],[-93.70256,41.95393],[-93.70193,41.95391],[-93.70165,41.95418],[-93.69853,41.95418],[-93.69857,41.95102],[-93.69908,41.95104],[-93.69915,41.95135],[-93.69959,41.9514],[-93.69983,41.95125],[-93.6998,41.95077],[-93.7157,41.95077],[-93.7157,41.95131],[-93.71514,41.95136],[-93.7151,41.95194],[-93.71473,41.95205],[-93.71471,41.95278],[-93.71493,41.95292],[-93.71636,41.95288],[-93.71645,41.9514],[-93.71696,41.9514],[-93.71696,41.95589],[-93.71713,41.95606],[-93.71713,41.95733]]]]}},{"type":"Feature","id":24,"properties":{"id":24,"ha":76.0,"acres":188.0,"soil":"Clarion loam, Bemis moraine, 2 to 6 percent slopes","cell":"42.04229_-93.52791","lon":-93.52916,"lat":42.03783,"n":42},"geometry":{"type":"MultiPolygon","coordinates":[[[[-93.54066,42.03495],[-93.54066,42.03611],[-93.5396,42.03614],[-93.53949,42.03674],[-93.53711,42.03674],[-93.5369,42.03687],[-93.5369,42.0376],[-93.53735,42.03806],[-93.53915,42.03809],[-93.53935,42.03782],[-93.53949,42.03797],[-93.53944,42.03827],[-93.53737,42.03827],[-93.53718,42.038],[-93.53524,42.038],[-93.53496,42.03827],[-93.53094,42.03832],[-93.53087,42.04123],[-93.53114,42.04141],[-93.53114,42.04177],[-93.52192,42.04168],[-93.52192,42.03941],[-93.52243,42.0389],[-93.52306,42.03888],[-93.52345,42.03845],[-93.52343,42.03803],[-93.5231,42.03769],[-93.52212,42.03764],[-93.52201,42.03743],[-93.52201,42.03561],[-93.52223,42.03517],[-93.52271,42.03504],[-93.53677,42.03513],[-93.53701,42.03495],[-93.54066,42.03495]]]]}},{"type":"Feature","id":25,"properties":{"id":25,"ha":71.2,"acres":176.0,"soil":"Nicollet loam, 1 to 3 percent slopes","cell":"41.93229_-93.74571","lon":-93.7441,"lat":41.93075,"n":40},"geometry":{"type":"MultiPolygon","coordinates":[[[[-93.74831,41.93442],[-93.74831,41.93568],[-93.74747,41.93569],[-93.74732,41.93595],[-93.74564,41.93595],[-93.7456,41.93576],[-93.74543,41.93568],[-93.74289,41.93568],[-93.74125,41.93568],[-93.74107,41.93576],[-93.74103,41.93595],[-93.73987,41.93595],[-93.73972,41.93568],[-93.74051,41.93564],[-93.74122,41.93495],[-93.74124,41.9343],[-93.7415,41.93402],[-93.74151,41.93359],[-93.74134,41.93344],[-93.74076,41.93343],[-93.74059,41.93325],[-93.73996,41.93201],[-93.73909,41.93113],[-93.73909,41.92999],[-93.73936,41.92967],[-93.73936,41.92684],[-93.7396,41.9266],[-93.74042,41.9266],[-93.74061,41.92642],[-93.74173,41.92642],[-93.7419,41.92659],[-93.74262,41.92669],[-93.74579,41.92669],[-93.74714,41.92652],[-93.74726,41.92615],[-93.74724,41.92193],[-93.74831,41.92193],[-93.74831,41.9222],[-93.74795,41.92235],[-93.74795,41.92346],[-93.74768,41.92364],[-93.74768,41.92518],[-93.74795,41.92535],[-93.74804,41.93282],[-93.74831,41.93298],[-93.74831,41.93352],[-93.74804,41.93367],[-93.74804,41.93424],[-93.74831,41.93442]]]]}},{"type":"Feature","id":26,"properties":{"id":26,"ha":72.3,"acres":179.0,"soil":"Talcot clay loam, 32 to 40 inches to sand and gravel, 0 to 2 percent slopes","cell":"42.05229_-93.51581","lon":-93.51276,"lat":42.05358,"n":41},"geometry":{"type":"MultiPolygon","coordinates":[[[[-93.52108,42.05713],[-93.52054,42.05717],[-93.52045,42.05749],[-93.5203,42.05749],[-93.52027,42.05723],[-93.52006,42.05713],[-93.51813,42.05714],[-93.51795,42.05724],[-93.51793,42.05749],[-93.51527,42.05749],[-93.51524,42.05723],[-93.51503,42.05713],[-93.50737,42.05713],[-93.50737,42.0548],[-93.50719,42.05462],[-93.5071,42.05219],[-93.5077,42.0521],[-93.50773,42.05138],[-93.50737,42.05083],[-93.50857,42.05024],[-93.50859,42.04968],[-93.51629,42.04968],[-93.51703,42.04959],[-93.51716,42.04993],[-93.51789,42.04995],[-93.51767,42.05009],[-93.51766,42.05076],[-93.51775,42.05392],[-93.51793,42.05407],[-93.51794,42.05674],[-93.51815,42.05686],[-93.52108,42.05687],[-93.52108,42.05713]]]]}},{"type":"Feature","id":27,"properties":{"id":27,"ha":69.1,"acres":171.0,"soil":"Nicollet loam, 1 to 3 percent slopes","cell":"42.07229_-93.51581","lon":-93.51302,"lat":42.07177,"n":43},"geometry":{"type":"MultiPolygon","coordinates":[[[[-93.51614,42.07345],[-93.51614,42.07746],[-93.51546,42.07708],[-93.51384,42.07699],[-93.5133,42.07716],[-93.51326,42.07771],[-93.51123,42.07771],[-93.5108,42.07797],[-93.5071,42.07797],[-93.5071,42.07499],[-93.50688,42.07483],[-93.50877,42.07483],[-93.50894,42.07475],[-93.50898,42.07456],[-93.51155,42.07456],[-93.51176,42.07443],[-93.51176,42.07381],[-93.51159,42.07367],[-93.51159,42.07205],[-93.51198,42.07203],[-93.51213,42.07187],[-93.5121,42.07142],[-93.51174,42.07133],[-93.51186,42.07088],[-93.51186,42.06772],[-93.5115,42.06755],[-93.51149,42.06608],[-93.51114,42.06594],[-93.51113,42.06517],[-93.51088,42.06504],[-93.51063,42.0646],[-93.51077,42.06441],[-93.51164,42.06439],[-93.51181,42.06412],[-93.51282,42.06405],[-93.51298,42.06437],[-93.51332,42.06458],[-93.51359,42.06459],[-93.51425,42.06413],[-93.51605,42.06405],[-93.51614,42.06489],[-93.51641,42.0656],[-93.51641,42.0663],[-93.51614,42.06646],[-93.51605,42.068],[-93.51614,42.06939],[-93.51641,42.06953],[-93.5165,42.07125],[-93.5165,42.0733],[-93.51614,42.07345]]]]}},{"type":"Feature","id":28,"properties":{"id":28,"ha":69.6,"acres":172.0,"soil":"Clarion loam, Bemis moraine, 2 to 6 percent slopes","cell":"41.97229_-93.51581","lon":-93.51761,"lat":41.9715,"n":42},"geometry":{"type":"MultiPolygon","coordinates":[[[[-93.52715,41.9695],[-93.52577,41.97067],[-93.5238,41.97196],[-93.51729,41.97504],[-93.51209,41.97733],[-93.51209,41.97501],[-93.51279,41.97501],[-93.51299,41.97485],[-93.51299,41.97241],[-93.51288,41.97226],[-93.51223,41.97215],[-93.51209,41.97199],[-93.51229,41.97151],[-93.51362,41.97146],[-93.51387,41.97121],[-93.51388,41.97088],[-93.51376,41.97072],[-93.5129,41.97053],[-93.51209,41.97052],[-93.51209,41.9672],[-93.51376,41.9672],[-93.51393,41.96746],[-93.51502,41.96747],[-93.51519,41.96782],[-93.51628,41.96783],[-93.51632,41.96802],[-93.51649,41.96809],[-93.5178,41.9681],[-93.51786,41.96839],[-93.51843,41.96862],[-93.51854,41.96932],[-93.51898,41.96962],[-93.52092,41.96961],[-93.52107,41.96948],[-93.52107,41.96908],[-93.52134,41.96904],[-93.52162,41.96872],[-93.524,41.96872],[-93.52402,41.96897],[-93.52422,41.96908],[-93.52666,41.96908],[-93.52715,41.9695]]]]}},{"type":"Feature","id":29,"properties":{"id":29,"ha":68.7,"acres":170.0,"soil":"Webster clay loam, Bemis moraine, 0 to 2 percent slopes","cell":"41.97229_-93.75781","lon":-93.76217,"lat":41.97005,"n":38},"geometry":{"type":"MultiPolygon","coordinates":[[[[-93.76626,41.97237],[-93.76618,41.97924],[-93.76448,41.97924],[-93.76442,41.97374],[-93.76413,41.9728],[-93.76379,41.97269],[-93.76374,41.97239],[-93.75696,41.97233],[-93.75687,41.96802],[-93.75723,41.96787],[-93.75723,41.96685],[-93.75713,41.9667],[-93.75687,41.96667],[-93.75687,41.9655],[-93.76618,41.9655],[-93.76618,41.97017],[-93.76583,41.97032],[-93.76582,41.97188],[-93.76626,41.97237]]]]}},{"type":"Feature","id":30,"properties":{"id":30,"ha":69.7,"acres":172.0,"soil":"Harps clay loam, Bemis moraine, 0 to 2 percent slopes","cell":"41.96229_-93.67311","lon":-93.67151,"lat":41.96153,"n":38},"geometry":{"type":"MultiPolygon","coordinates":[[[[-93.67743,41.95944],[-93.67752,41.96456],[-93.677,41.96469],[-93.67459,41.96469],[-93.67435,41.96451],[-93.67241,41.9646],[-93.67225,41.96456],[-93.67223,41.96399],[-93.67201,41.96388],[-93.67037,41.9639],[-93.67024,41.96405],[-93.67024,41.96456],[-93.67009,41.9646],[-93.66363,41.9646],[-93.66363,41.96146],[-93.66796,41.96141],[-93.66803,41.95852],[-93.66836,41.95778],[-93.66933,41.95778],[-93.66959,41.95796],[-93.67266,41.95795],[-93.6729,41.95778],[-93.67348,41.95778],[-93.67369,41.95795],[-93.67525,41.95796],[-93.67549,41.95778],[-93.67743,41.95778],[-93.67743,41.95836],[-93.67717,41.95871],[-93.67716,41.95903],[-93.67743,41.95944]]]]}},{"type":"Feature","id":31,"properties":{"id":31,"ha":67.6,"acres":167.0,"soil":"Clarion loam, Bemis moraine, 2 to 6 percent slopes","cell":"41.97229_-93.70941","lon":-93.70623,"lat":41.96977,"n":34},"geometry":{"type":"MultiPolygon","coordinates":[[[[-93.70758,41.96892],[-93.71156,41.96891],[-93.71174,41.96884],[-93.71178,41.96865],[-93.71237,41.96865],[-93.71304,41.96891],[-93.71574,41.96892],[-93.71584,41.97011],[-93.71727,41.97017],[-93.71723,41.97158],[-93.717,41.9721],[-93.70797,41.97215],[-93.70776,41.97206],[-93.70549,41.97206],[-93.70546,41.97179],[-93.70525,41.9717],[-93.70451,41.97172],[-93.70438,41.97206],[-93.69893,41.97206],[-93.69888,41.97176],[-93.69857,41.9717],[-93.69857,41.9655],[-93.69938,41.96523],[-93.70298,41.96523],[-93.7037,41.96577],[-93.70323,41.9658],[-93.70259,41.96627],[-93.70258,41.96856],[-93.70273,41.96872],[-93.70733,41.96874],[-93.70758,41.96892]]]]}},{"type":"Feature","id":32,"properties":{"id":32,"ha":67.3,"acres":166.0,"soil":"Canisteo clay loam, Bemis moraine, 0 to 2 percent slopes","cell":"41.92229_-93.66101","lon":-93.66589,"lat":41.91772,"n":41},"geometry":{"type":"MultiPolygon","coordinates":[[[[-93.67366,41.91636],[-93.67366,41.9178],[-93.67341,41.91762],[-93.67264,41.91762],[-93.6718,41.9178],[-93.66904,41.91787],[-93.66872,41.9187],[-93.66872,41.91936],[-93.66899,41.91966],[-93.66899,41.92058],[-93.66864,41.9207],[-93.66863,41.9213],[-93.66848,41.92139],[-93.66743,41.9213],[-93.65959,41.92137],[-93.65959,41.91737],[-93.65977,41.91621],[-93.66018,41.91618],[-93.66019,41.91651],[-93.66038,41.91663],[-93.66185,41.91658],[-93.66189,41.91601],[-93.66151,41.91591],[-93.66106,41.91547],[-93.66187,41.9154],[-93.66192,41.91475],[-93.66485,41.91475],[-93.66503,41.91467],[-93.66507,41.91448],[-93.67339,41.91448],[-93.67348,41.9162],[-93.67366,41.91636]]]]}},{"type":"Feature","id":33,"properties":{"id":33,"ha":66.6,"acres":165.0,"soil":"Coland-Spillville complex, 2 to 5 percent slopes","cell":"41.98229_-93.79411","lon":-93.79007,"lat":41.98405,"n":36},"geometry":{"type":"MultiPolygon","coordinates":[[[[-93.79529,41.98364],[-93.79529,41.98623],[-93.79502,41.98643],[-93.79388,41.98643],[-93.79374,41.98627],[-93.79337,41.98625],[-93.79288,41.98646],[-93.79232,41.98644],[-93.79215,41.98658],[-93.79214,41.98706],[-93.79099,41.98709],[-93.79071,41.98783],[-93.79062,41.98868],[-93.78634,41.98868],[-93.78617,41.98833],[-93.78379,41.98832],[-93.78364,41.98817],[-93.78364,41.98724],[-93.78551,41.98724],[-93.78603,41.98713],[-93.78616,41.98699],[-93.78607,41.9813],[-93.78565,41.98083],[-93.78508,41.98054],[-93.78508,41.97996],[-93.78532,41.97996],[-93.78536,41.98015],[-93.78556,41.98023],[-93.7868,41.98023],[-93.78697,41.97996],[-93.79218,41.97996],[-93.79225,41.98047],[-93.79337,41.9805],[-93.79438,41.97995],[-93.7952,41.97987],[-93.79511,41.98347],[-93.79529,41.98364]]],[[[-93.79299,41.98715],[-93.79313,41.98715],[-93.79313,41.98742],[-93.79299,41.98742],[-93.79299,41.98715]]]]}},{"type":"Feature","id":34,"properties":{"id":34,"ha":66.0,"acres":163.0,"soil":"Canisteo clay loam, Bemis moraine, 0 to 2 percent slopes","cell":"42.06229_-93.73361","lon":-93.72934,"lat":42.06103,"n":39},"geometry":{"type":"MultiPolygon","coordinates":[[[[-93.73467,42.0582],[-93.73487,42.05847],[-93.7371,42.05847],[-93.7371,42.0635],[-93.73127,42.0635],[-93.73111,42.06346],[-93.73109,42.06289],[-93.7306,42.06242],[-93.72977,42.0625],[-93.72973,42.06341],[-93.72959,42.06341],[-93.72956,42.06315],[-93.72935,42.06305],[-93.71872,42.06305],[-93.71872,42.06106],[-93.71845,42.0609],[-93.71845,42.06036],[-93.72593,42.06045],[-93.72613,42.06037],[-93.72617,42.06018],[-93.72824,42.06014],[-93.72833,42.05748],[-93.72806,42.05694],[-93.72847,42.05694],[-93.72851,42.05713],[-93.72886,42.05737],[-93.73075,42.05782],[-93.73143,42.05819],[-93.73467,42.0582]]]]}},{"type":"Feature","id":35,"properties":{"id":35,"ha":64.4,"acres":159.0,"soil":"Canisteo clay loam, Bemis moraine, 0 to 2 percent slopes","cell":"42.09229_-93.73361","lon":-93.73349,"lat":42.08859,"n":37},"geometry":{"type":"MultiPolygon","coordinates":[[[[-93.73872,42.08632],[-93.73872,42.08722],[-93.73836,42.08738],[-93.73836,42.09063],[-93.7381,42.09076],[-93.73809,42.09126],[-93.73783,42.09129],[-93.73751,42.0916],[-93.73724,42.09218],[-93.73615,42.09234],[-93.73363,42.09234],[-93.73339,42.09216],[-93.73058,42.09216],[-93.73036,42.09234],[-93.72806,42.0923],[-93.72806,42.08578],[-93.73276,42.08587],[-93.73297,42.08578],[-93.73736,42.08578],[-93.73755,42.08568],[-93.73767,42.0821],[-93.73794,42.08192],[-93.73794,42.07859],[-93.73836,42.07859],[-93.73836,42.08461],[-93.73846,42.08476],[-93.73872,42.08479],[-93.73872,42.08515],[-93.73845,42.08533],[-93.73845,42.08617],[-93.73872,42.08632]]]]}},{"type":"Feature","id":36,"properties":{"id":36,"ha":65.7,"acres":162.0,"soil":"Nicollet loam, 1 to 3 percent slopes","cell":"41.96229_-93.64891","lon":-93.65337,"lat":41.95999,"n":39},"geometry":{"type":"MultiPolygon","coordinates":[[[[-93.65779,41.95607],[-93.65803,41.95716],[-93.65803,41.96062],[-93.65781,41.96106],[-93.65683,41.96143],[-93.65677,41.96182],[-93.65804,41.96253],[-93.65808,41.96451],[-93.65294,41.96451],[-93.65294,41.96378],[-93.65265,41.96309],[-93.65195,41.96269],[-93.65182,41.96229],[-93.64978,41.96227],[-93.6496,41.96238],[-93.64958,41.96263],[-93.64944,41.96263],[-93.64929,41.96228],[-93.64836,41.96227],[-93.64741,41.96174],[-93.64638,41.96164],[-93.64566,41.96137],[-93.64563,41.96083],[-93.64616,41.96081],[-93.64629,41.96054],[-93.6487,41.96047],[-93.64905,41.96019],[-93.64908,41.95812],[-93.64881,41.95748],[-93.64888,41.95613],[-93.65779,41.95607]]]]}},{"type":"Feature","id":37,"properties":{"id":37,"ha":57.1,"acres":141.0,"soil":"Canisteo clay loam, Bemis moraine, 0 to 2 percent slopes","cell":"41.94229_-93.76991","lon":-93.76416,"lat":41.94116,"n":41},"geometry":{"type":"MultiPolygon","coordinates":[[[[-93.77238,41.94331],[-93.76667,41.94322],[-93.76666,41.94175],[-93.76609,41.94134],[-93.76449,41.94134],[-93.7643,41.94161],[-93.76379,41.94161],[-93.76375,41.94142],[-93.76357,41.94134],[-93.76162,41.94134],[-93.76143,41.94148],[-93.76142,41.94205],[-93.76124,41.94172],[-93.7605,41.9417],[-93.76028,41.94179],[-93.76025,41.94205],[-93.75975,41.94205],[-93.75973,41.94172],[-93.75845,41.93989],[-93.75793,41.93975],[-93.75759,41.93847],[-93.75807,41.93823],[-93.75898,41.93729],[-93.75964,41.93729],[-93.76086,41.93701],[-93.76124,41.93685],[-93.76137,41.9364],[-93.76214,41.9364],[-93.7621,41.9366],[-93.76154,41.93669],[-93.76117,41.93705],[-93.76117,41.93808],[-93.76159,41.93851],[-93.76313,41.93941],[-93.76362,41.93944],[-93.76379,41.93929],[-93.76379,41.93811],[-93.76477,41.9378],[-93.76478,41.93667],[-93.76582,41.93667],[-93.76597,41.93692],[-93.76669,41.93694],[-93.76689,41.93686],[-93.76693,41.93667],[-93.76708,41.93667],[-93.7671,41.93718],[-93.76751,41.93751],[-93.76834,41.93756],[-93.76841,41.93913],[-93.77035,41.93918],[-93.77052,41.93935],[-93.77085,41.94028],[-93.77087,41.94247],[-93.77162,41.94293],[-93.77223,41.94295],[-93.77238,41.94331]]],[[[-93.76142,41.94307],[-93.76142,41.94364],[-93.76079,41.94493],[-93.76081,41.94599],[-93.76099,41.94609],[-93.76142,41.9461],[-93.76116,41.94642],[-93.76115,41.94726],[-93.76079,41.94743],[-93.7608,41.94813],[-93.76115,41.94825],[-93.76115,41.95014],[-93.76036,41.95014],[-93.76016,41.95032],[-93.75984,41.95032],[-93.75939,41.95013],[-93.75939,41.94664],[-93.75975,41.94647],[-93.75975,41.94316],[-93.75979,41.94304],[-93.76025,41.94304],[-93.7604,41.9433],[-93.76115,41.94331],[-93.76142,41.94307]]]]}},{"type":"Feature","id":38,"properties":{"id":38,"ha":62.1,"acres":154.0,"soil":"Clarion loam, Bemis moraine, 6 to 10 percent slopes, moderately eroded","cell":"41.98229_-93.72151","lon":-93.72265,"lat":41.98431,"n":37},"geometry":{"type":"MultiPolygon","coordinates":[[[[-93.72489,41.98688],[-93.7231,41.98688],[-93.72237,41.98716],[-93.72226,41.98887],[-93.72261,41.98904],[-93.72261,41.98922],[-93.72235,41.98936],[-93.72231,41.99047],[-93.71959,41.99047],[-93.71942,41.99021],[-93.71834,41.9902],[-93.71825,41.98797],[-93.71833,41.98729],[-93.71861,41.98679],[-93.71884,41.98683],[-93.71901,41.98714],[-93.72036,41.98715],[-93.72085,41.98661],[-93.72085,41.98471],[-93.72053,41.98435],[-93.71969,41.98428],[-93.71923,41.98439],[-93.71911,41.98454],[-93.7187,41.98454],[-93.7187,41.97987],[-93.72693,41.97987],[-93.72693,41.98196],[-93.72729,41.98212],[-93.72729,41.98679],[-93.72508,41.98679],[-93.72489,41.98688]]]]}},{"type":"Feature","id":39,"properties":{"id":39,"ha":63.2,"acres":156.0,"soil":"Clarion loam, Bemis moraine, 6 to 10 percent slopes","cell":"42.12229_-93.76991","lon":-93.77174,"lat":42.11897,"n":37},"geometry":{"type":"MultiPolygon","coordinates":[[[[-93.776,42.11426],[-93.776,42.11453],[-93.77582,42.1147],[-93.77591,42.12321],[-93.77552,42.12288],[-93.77451,42.12288],[-93.77432,42.12297],[-93.76678,42.12288],[-93.76678,42.11965],[-93.76705,42.11948],[-93.76705,42.11794],[-93.76817,42.11765],[-93.76884,42.11727],[-93.76918,42.11694],[-93.76929,42.11653],[-93.76928,42.11556],[-93.76866,42.11493],[-93.76883,42.11453],[-93.77393,42.11452],[-93.7741,42.11445],[-93.77414,42.11426],[-93.776,42.11426]]]]}},{"type":"Feature","id":40,"properties":{"id":40,"ha":59.6,"acres":147.0,"soil":"Canisteo clay loam, Bemis moraine, 0 to 2 percent slopes","cell":"42.01229_-93.75781","lon":-93.75177,"lat":42.01275,"n":37},"geometry":{"type":"MultiPolygon","coordinates":[[[[-93.75684,42.01016],[-93.75675,42.01599],[-93.74706,42.01599],[-93.7469,42.01595],[-93.74688,42.01511],[-93.74654,42.015],[-93.74644,42.01413],[-93.74552,42.01414],[-93.74542,42.01473],[-93.74439,42.0147],[-93.74439,42.01437],[-93.74514,42.01436],[-93.74559,42.01403],[-93.74565,42.01347],[-93.74731,42.01347],[-93.74753,42.01331],[-93.74749,42.01256],[-93.74677,42.01214],[-93.74636,42.01212],[-93.74636,42.01194],[-93.74707,42.01194],[-93.74725,42.01182],[-93.74724,42.00972],[-93.74704,42.00961],[-93.74535,42.00961],[-93.74564,42.00928],[-93.74543,42.00907],[-93.74831,42.00916],[-93.74832,42.0102],[-93.74882,42.0106],[-93.74999,42.01053],[-93.75005,42.00928],[-93.75048,42.00916],[-93.75079,42.00934],[-93.75333,42.00934],[-93.75355,42.00916],[-93.75397,42.00916],[-93.75418,42.00934],[-93.75612,42.00934],[-93.75616,42.00961],[-93.75649,42.00993],[-93.75679,42.00997],[-93.75684,42.01016]]]]}},{"type":"Feature","id":41,"properties":{"id":41,"ha":59.7,"acres":147.0,"soil":"Canisteo clay loam, Bemis moraine, 0 to 2 percent slopes","cell":"42.02229_-93.79411","lon":-93.79088,"lat":42.01945,"n":38},"geometry":{"type":"MultiPolygon","coordinates":[[[[-93.79388,42.01572],[-93.79502,42.01563],[-93.79515,42.01597],[-93.79583,42.01599],[-93.79592,42.02043],[-93.7953,42.02167],[-93.79472,42.02233],[-93.79454,42.02245],[-93.79364,42.02247],[-93.79324,42.02283],[-93.79272,42.0229],[-93.78918,42.0229],[-93.78897,42.02281],[-93.78665,42.02281],[-93.78624,42.02249],[-93.78557,42.0222],[-93.78464,42.02219],[-93.78444,42.0223],[-93.78433,42.02281],[-93.78418,42.02281],[-93.78427,42.02102],[-93.78621,42.02102],[-93.78669,42.0208],[-93.7867,42.01929],[-93.78643,42.01913],[-93.78643,42.01733],[-93.7868,42.01733],[-93.78696,42.01721],[-93.78701,42.01603],[-93.79092,42.01599],[-93.79149,42.01608],[-93.79194,42.01593],[-93.79367,42.01599],[-93.79384,42.01591],[-93.79388,42.01572]]]]}},{"type":"Feature","id":42,"properties":{"id":42,"ha":60.3,"acres":149.0,"soil":"Clarion loam, Bemis moraine, 2 to 6 percent slopes","cell":"42.03229_-93.76991","lon":-93.77163,"lat":42.03088,"n":38},"geometry":{"type":"MultiPolygon","coordinates":[[[[-93.7754,42.02721],[-93.77618,42.02721],[-93.77609,42.03439],[-93.77571,42.03457],[-93.76983,42.03457],[-93.76979,42.03438],[-93.76961,42.03431],[-93.76705,42.0343],[-93.76705,42.02874],[-93.76731,42.02857],[-93.76732,42.02721],[-93.77402,42.02721],[-93.77419,42.02747],[-93.77516,42.02748],[-93.77536,42.0274],[-93.7754,42.02721]]]]}},{"type":"Feature","id":43,"properties":{"id":43,"ha":55.9,"acres":138.0,"soil":"Nicollet loam, 1 to 3 percent slopes","cell":"41.92229_-93.62471","lon":-93.62114,"lat":41.92552,"n":41},"geometry":{"type":"MultiPolygon","coordinates":[[[[-93.62964,41.92826],[-93.62946,41.92876],[-93.62788,41.92876],[-93.62766,41.92858],[-93.62434,41.92858],[-93.62413,41.92849],[-93.62246,41.92858],[-93.62202,41.92887],[-93.622,41.92939],[-93.6215,41.92939],[-93.62139,41.92915],[-93.62077,41.92912],[-93.6206,41.92889],[-93.62059,41.92826],[-93.62033,41.92805],[-93.62033,41.92578],[-93.61996,41.92511],[-93.61305,41.92508],[-93.61301,41.92489],[-93.61281,41.92481],[-93.61063,41.92481],[-93.61021,41.92505],[-93.60991,41.92482],[-93.60991,41.92382],[-93.61237,41.92375],[-93.61241,41.92295],[-93.61158,41.9222],[-93.61965,41.9222],[-93.62012,41.92247],[-93.62012,41.92283],[-93.61986,41.92286],[-93.61976,41.92301],[-93.61976,41.92428],[-93.62002,41.92453],[-93.622,41.92454],[-93.62231,41.92481],[-93.62515,41.92481],[-93.62519,41.925],[-93.62539,41.92508],[-93.62642,41.92507],[-93.627,41.9248],[-93.62783,41.92472],[-93.62955,41.92472],[-93.62946,41.92518],[-93.62964,41.92556],[-93.62964,41.92826]]]]}},{"type":"Feature","id":44,"properties":{"id":44,"ha":54.7,"acres":135.0,"soil":"Clarion loam, Bemis moraine, 2 to 6 percent slopes","cell":"41.92229_-93.78201","lon":-93.77719,"lat":41.91784,"n":47},"geometry":{"type":"MultiPolygon","coordinates":[[[[-93.78442,41.92032],[-93.78413,41.92058],[-93.78266,41.92058],[-93.78264,41.91981],[-93.7821,41.91906],[-93.78109,41.91907],[-93.78092,41.91933],[-93.77782,41.91933],[-93.77748,41.91907],[-93.777,41.91906],[-93.77678,41.91922],[-93.77678,41.92078],[-93.77695,41.92094],[-93.77741,41.92095],[-93.77741,41.92121],[-93.77359,41.9213],[-93.77337,41.92148],[-93.77161,41.92141],[-93.77143,41.91994],[-93.77143,41.91636],[-93.77169,41.91624],[-93.7717,41.91565],[-93.77249,41.91561],[-93.77284,41.91528],[-93.77286,41.91502],[-93.77642,41.91502],[-93.7766,41.91494],[-93.77664,41.91475],[-93.77709,41.91475],[-93.77688,41.91489],[-93.77687,41.91557],[-93.77723,41.91573],[-93.77723,41.91636],[-93.77688,41.91649],[-93.77688,41.91721],[-93.7775,41.9175],[-93.77759,41.91794],[-93.77813,41.91798],[-93.77833,41.91785],[-93.77834,41.91735],[-93.7788,41.91734],[-93.77896,41.91722],[-93.77895,41.91674],[-93.77861,41.9166],[-93.77885,41.91636],[-93.77943,41.91636],[-93.7796,41.9162],[-93.77959,41.91585],[-93.77918,41.91543],[-93.77861,41.91537],[-93.77861,41.91502],[-93.77936,41.915],[-93.77951,41.91475],[-93.78062,41.91473],[-93.78077,41.91439],[-93.78228,41.91447],[-93.78259,41.91473],[-93.78316,41.91475],[-93.78317,41.91523],[-93.78344,41.91588],[-93.78406,41.91677],[-93.78409,41.91717],[-93.78433,41.91729],[-93.78433,41.91807],[-93.78259,41.91808],[-93.78245,41.91821],[-93.78245,41.91864],[-93.78266,41.91879],[-93.78397,41.91879],[-93.78397,41.91941],[-93.78349,41.91948],[-93.78344,41.9199],[-93.7841,41.9203],[-93.78442,41.92032]]]]}},{"type":"Feature","id":45,"properties":{"id":45,"ha":57.8,"acres":143.0,"soil":"Coland clay loam, 0 to 2 percent slopes, occasionally flooded","cell":"41.94229_-93.55211","lon":-93.55164,"lat":41.94432,"n":43},"geometry":{"type":"MultiPolygon","coordinates":[[[[-93.55548,41.94339],[-93.55526,41.94357],[-93.55526,41.94734],[-93.55537,41.94749],[-93.55562,41.94752],[-93.55562,41.94995],[-93.55198,41.94995],[-93.55076,41.94751],[-93.54987,41.94743],[-93.54979,41.94628],[-93.54888,41.945],[-93.54801,41.94413],[-93.54791,41.94378],[-93.54727,41.94286],[-93.54665,41.94223],[-93.54637,41.94141],[-93.54551,41.94062],[-93.54551,41.93998],[-93.54996,41.93998],[-93.54998,41.94023],[-93.55018,41.94034],[-93.55467,41.94034],[-93.55466,41.94114],[-93.55526,41.94124],[-93.55526,41.9415],[-93.5549,41.94151],[-93.55474,41.94163],[-93.55473,41.9428],[-93.55507,41.94334],[-93.55548,41.94339]]]]}},{"type":"Feature","id":46,"properties":{"id":46,"ha":56.8,"acres":140.0,"soil":"Nicollet loam, 1 to 3 percent slopes","cell":"41.92229_-93.60051","lon":-93.59667,"lat":41.9258,"n":40},"geometry":{"type":"MultiPolygon","coordinates":[[[[-93.60035,41.92708],[-93.60044,41.93175],[-93.60023,41.9319],[-93.59895,41.9319],[-93.59859,41.93168],[-93.59854,41.93134],[-93.5982,41.93127],[-93.5977,41.93078],[-93.59694,41.93066],[-93.59667,41.93046],[-93.59615,41.92889],[-93.59573,41.92818],[-93.59329,41.9279],[-93.59329,41.92578],[-93.593,41.92518],[-93.59239,41.92482],[-93.59229,41.92439],[-93.59128,41.92436],[-93.59113,41.92421],[-93.59116,41.92388],[-93.59168,41.92378],[-93.59201,41.92335],[-93.59203,41.92265],[-93.59188,41.92249],[-93.59104,41.92234],[-93.59104,41.92157],[-93.59955,41.92166],[-93.59938,41.92259],[-93.5991,41.92297],[-93.59911,41.92333],[-93.59956,41.92355],[-93.60035,41.92355],[-93.60035,41.92484],[-93.60009,41.92515],[-93.60008,41.92642],[-93.60035,41.92708]]]]}},{"type":"Feature","id":47,"properties":{"id":47,"ha":55.6,"acres":137.0,"soil":"Nicollet loam, 1 to 3 percent slopes","cell":"42.10229_-93.76991","lon":-93.76621,"lat":42.10278,"n":33},"geometry":{"type":"MultiPolygon","coordinates":[[[[-93.77114,42.10671],[-93.76492,42.10671],[-93.76443,42.1068],[-93.76426,42.10657],[-93.76426,42.1059],[-93.76474,42.10589],[-93.76489,42.10572],[-93.76487,42.10529],[-93.76462,42.10518],[-93.76462,42.10464],[-93.76487,42.10453],[-93.76489,42.10409],[-93.76457,42.10373],[-93.76389,42.10352],[-93.76389,42.10315],[-93.76371,42.10303],[-93.76058,42.10303],[-93.76058,42.10249],[-93.76085,42.10233],[-93.7608,42.10158],[-93.76004,42.10115],[-93.75799,42.10114],[-93.75717,42.10087],[-93.75726,42.09975],[-93.75755,42.09997],[-93.75946,42.09997],[-93.75968,42.09979],[-93.76063,42.09979],[-93.76085,42.09997],[-93.76441,42.09997],[-93.76444,42.10024],[-93.76465,42.10033],[-93.76506,42.09997],[-93.7671,42.10006],[-93.76779,42.09996],[-93.76795,42.09979],[-93.76962,42.09979],[-93.76981,42.09997],[-93.77114,42.09997],[-93.77114,42.10671]]]]}},{"type":"Feature","id":48,"properties":{"id":48,"ha":57.7,"acres":143.0,"soil":"Clarion loam, Bemis moraine, 2 to 6 percent slopes","cell":"41.94229_-93.63681","lon":-93.63471,"lat":41.94008,"n":35},"geometry":{"type":"MultiPolygon","coordinates":[[[[-93.63952,41.93667],[-93.63934,41.94088],[-93.63889,41.94349],[-93.63016,41.94349],[-93.62976,41.94323],[-93.63003,41.94241],[-93.63003,41.93801],[-93.63042,41.938],[-93.63057,41.93785],[-93.63057,41.93683],[-93.63039,41.93667],[-93.63952,41.93667]]]]}},{"type":"Feature","id":49,"properties":{"id":49,"ha":55.7,"acres":138.0,"soil":"Clarion loam, Bemis moraine, 6 to 10 percent slopes, moderately eroded","cell":"41.96229_-93.58841","lon":-93.58574,"lat":41.96496,"n":41},"geometry":{"type":"MultiPolygon","coordinates":[[[[-93.59029,41.96838],[-93.58831,41.96838],[-93.58814,41.96858],[-93.58756,41.96862],[-93.58751,41.96918],[-93.58673,41.96918],[-93.58654,41.96892],[-93.58485,41.96892],[-93.58484,41.96843],[-93.58465,41.96829],[-93.58143,41.96829],[-93.58143,41.96308],[-93.58125,41.96243],[-93.58125,41.96137],[-93.58146,41.96146],[-93.58658,41.96146],[-93.58679,41.96137],[-93.5897,41.96137],[-93.59029,41.96146],[-93.59036,41.96168],[-93.59065,41.96173],[-93.59065,41.96227],[-93.59019,41.96227],[-93.59003,41.96241],[-93.59005,41.96289],[-93.59065,41.96299],[-93.59065,41.96325],[-93.59019,41.96326],[-93.59003,41.96338],[-93.59002,41.96478],[-93.58891,41.9648],[-93.58877,41.96514],[-93.58838,41.96516],[-93.58823,41.96532],[-93.58826,41.96569],[-93.58889,41.96611],[-93.59029,41.96616],[-93.59029,41.96838]]]]}},{"type":"Feature","id":50,"properties":{"id":50,"ha":54.7,"acres":135.0,"soil":"Clarion loam, Bemis moraine, 2 to 6 percent slopes","cell":"41.94229_-93.64891","lon":-93.65158,"lat":41.94328,"n":42},"geometry":{"type":"MultiPolygon","coordinates":[[[[-93.65398,41.9397],[-93.65389,41.94243],[-93.65401,41.94286],[-93.65425,41.94295],[-93.65425,41.94322],[-93.6539,41.94335],[-93.65389,41.9447],[-93.65345,41.94527],[-93.65335,41.95005],[-93.64913,41.95014],[-93.64917,41.94345],[-93.64943,41.94307],[-93.64953,41.9407],[-93.6497,41.94055],[-93.6497,41.93782],[-93.64944,41.93756],[-93.6497,41.93742],[-93.6497,41.93658],[-93.65072,41.93667],[-93.65139,41.93649],[-93.6544,41.93649],[-93.65452,41.93657],[-93.65404,41.93659],[-93.65389,41.93674],[-93.65395,41.93723],[-93.65452,41.93729],[-93.65452,41.93756],[-93.65406,41.93761],[-93.6539,41.93799],[-93.6539,41.93904],[-93.65425,41.93918],[-93.65425,41.93951],[-93.65398,41.9397]]]]}},{"type":"Feature","id":51,"properties":{"id":51,"ha":56.0,"acres":138.0,"soil":"Nicollet loam, 1 to 3 percent slopes","cell":"41.97229_-93.67311","lon":-93.67461,"lat":41.97387,"n":36},"geometry":{"type":"MultiPolygon","coordinates":[[[[-93.67752,41.96874],[-93.6777,41.97527],[-93.67752,41.9759],[-93.67745,41.97836],[-93.67685,41.97916],[-93.67244,41.97916],[-93.6716,41.97878],[-93.67153,41.97842],[-93.67157,41.97772],[-93.67208,41.97771],[-93.67225,41.97754],[-93.67224,41.97713],[-93.67198,41.97685],[-93.67196,41.97621],[-93.6714,41.9761],[-93.67135,41.9759],[-93.67141,41.97549],[-93.67162,41.97529],[-93.67162,41.96874],[-93.67752,41.96874]]]]}},{"type":"Feature","id":52,"properties":{"id":52,"ha":55.2,"acres":136.0,"soil":"Nicollet loam, 1 to 3 percent slopes","cell":"42.00229_-93.72151","lon":-93.72307,"lat":41.9981,"n":34},"geometry":{"type":"MultiPolygon","coordinates":[[[[-93.72729,41.99443],[-93.72729,41.99606],[-93.72756,41.99622],[-93.72756,42.00046],[-93.72791,42.00063],[-93.72791,42.00089],[-93.72716,42.00091],[-93.72673,42.0013],[-93.72621,42.00152],[-93.71993,42.00153],[-93.71896,42.00242],[-93.71866,42.00242],[-93.7187,42.00027],[-93.71897,42.00009],[-93.71897,41.99604],[-93.71879,41.99587],[-93.71843,41.99595],[-93.71834,41.99443],[-93.71956,41.99443],[-93.7198,41.99461],[-93.72297,41.99461],[-93.72318,41.99447],[-93.72352,41.9952],[-93.72474,41.99524],[-93.72498,41.99506],[-93.72497,41.99472],[-93.72475,41.99461],[-93.7251,41.99443],[-93.72729,41.99443]]]]}},{"type":"Feature","id":53,"properties":{"id":53,"ha":55.9,"acres":138.0,"soil":"Clarion loam, Bemis moraine, 2 to 6 percent slopes","cell":"42.04229_-93.54001","lon":-93.54606,"lat":42.03838,"n":41},"geometry":{"type":"MultiPolygon","coordinates":[[[[-93.55036,42.03495],[-93.55045,42.0373],[-93.55072,42.03746],[-93.55072,42.04141],[-93.55042,42.04148],[-93.55036,42.04177],[-93.54141,42.04168],[-93.54141,42.04079],[-93.54177,42.04062],[-93.54177,42.03872],[-93.54141,42.03851],[-93.54141,42.03504],[-93.5416,42.03495],[-93.54443,42.03495],[-93.54465,42.03513],[-93.54872,42.03513],[-93.54896,42.03495],[-93.55036,42.03495]]]]}},{"type":"Feature","id":54,"properties":{"id":54,"ha":54.2,"acres":134.0,"soil":"Webster clay loam, Bemis moraine, 0 to 2 percent slopes","cell":"42.09229_-93.72151","lon":-93.72296,"lat":42.08879,"n":37},"geometry":{"type":"MultiPolygon","coordinates":[[[[-93.72572,42.09225],[-93.72429,42.09225],[-93.72427,42.092],[-93.72407,42.09189],[-93.72474,42.09188],[-93.72492,42.09162],[-93.72573,42.09158],[-93.72581,42.09113],[-93.72557,42.09099],[-93.72393,42.09101],[-93.7238,42.09115],[-93.7238,42.09173],[-93.72402,42.09189],[-93.72272,42.09189],[-93.72247,42.09225],[-93.71845,42.09222],[-93.71836,42.08848],[-93.71845,42.08661],[-93.71872,42.08551],[-93.72138,42.08551],[-93.72153,42.08577],[-93.72225,42.08578],[-93.72245,42.0857],[-93.72249,42.08551],[-93.72758,42.08545],[-93.72758,42.09216],[-93.72591,42.09216],[-93.72572,42.09225]]]]}},{"type":"Feature","id":55,"properties":{"id":55,"ha":54.9,"acres":136.0,"soil":"Harps clay loam, Bemis moraine, 0 to 2 percent slopes","cell":"41.98229_-93.75781","lon":-93.75184,"lat":41.98349,"n":38},"geometry":{"type":"MultiPolygon","coordinates":[[[[-93.75639,41.98023],[-93.75648,41.98688],[-93.75409,41.98688],[-93.75388,41.98706],[-93.75232,41.98679],[-93.7478,41.98679],[-93.74777,41.98653],[-93.74753,41.98643],[-93.74753,41.9832],[-93.74726,41.98302],[-93.74717,41.97996],[-93.75347,41.98004],[-93.75361,41.98013],[-93.75362,41.98073],[-93.75385,41.98086],[-93.75545,41.98086],[-93.75561,41.98072],[-93.75562,41.98023],[-93.75639,41.98023]]]]}},{"type":"Feature","id":56,"properties":{"id":56,"ha":53.3,"acres":132.0,"soil":"Nicollet loam, 1 to 3 percent slopes","cell":"41.94229_-93.78201","lon":-93.77645,"lat":41.93992,"n":41},"geometry":{"type":"MultiPolygon","coordinates":[[[[-93.78092,41.93667],[-93.78092,41.94259],[-93.78058,41.94269],[-93.78056,41.94322],[-93.78034,41.94329],[-93.78029,41.94349],[-93.77727,41.94349],[-93.77722,41.9433],[-93.77702,41.94322],[-93.77574,41.94322],[-93.77557,41.9433],[-93.77553,41.94349],[-93.77448,41.94349],[-93.77433,41.94333],[-93.77377,41.94326],[-93.77316,41.94265],[-93.77224,41.94209],[-93.77224,41.9399],[-93.77204,41.93972],[-93.77195,41.93767],[-93.77175,41.93756],[-93.77125,41.93765],[-93.77059,41.93758],[-93.77017,41.9373],[-93.77031,41.93667],[-93.77553,41.93667],[-93.77565,41.93747],[-93.77598,41.93788],[-93.7764,41.93792],[-93.77698,41.93745],[-93.77708,41.93658],[-93.78092,41.93667]]]]}},{"type":"Feature","id":57,"properties":{"id":57,"ha":54.1,"acres":134.0,"soil":"Canisteo clay loam, Bemis moraine, 0 to 2 percent slopes","cell":"42.07229_-93.74571","lon":-93.74719,"lat":42.07472,"n":35},"geometry":{"type":"MultiPolygon","coordinates":[[[[-93.75165,42.07132],[-93.75174,42.07796],[-93.74261,42.07796],[-93.74261,42.0715],[-93.74455,42.0715],[-93.74473,42.07176],[-93.74578,42.07177],[-93.74603,42.07155],[-93.747,42.07149],[-93.74763,42.07132],[-93.7495,42.07132],[-93.74969,42.07149],[-93.75073,42.0715],[-93.75097,42.07132],[-93.75165,42.07132]]]]}},{"type":"Feature","id":58,"properties":{"id":58,"ha":53.7,"acres":133.0,"soil":"Webster clay loam, Bemis moraine, 0 to 2 percent slopes","cell":"42.03229_-93.78201","lon":-93.78693,"lat":42.02778,"n":36},"geometry":{"type":"MultiPolygon","coordinates":[[[[-93.78893,42.03053],[-93.7878,42.03053],[-93.78756,42.03035],[-93.78133,42.03026],[-93.78133,42.02945],[-93.78161,42.02941],[-93.78196,42.02902],[-93.78195,42.02807],[-93.78169,42.02793],[-93.78169,42.02625],[-93.78195,42.02563],[-93.78196,42.02496],[-93.78169,42.02478],[-93.78169,42.02445],[-93.78331,42.02442],[-93.7835,42.02407],[-93.78689,42.02469],[-93.78747,42.02469],[-93.78972,42.0259],[-93.7902,42.02637],[-93.79206,42.02725],[-93.79381,42.02883],[-93.79449,42.0301],[-93.79445,42.03026],[-93.78915,42.03035],[-93.78893,42.03053]]]]}},{"type":"Feature","id":59,"properties":{"id":59,"ha":52.9,"acres":131.0,"soil":"Webster clay loam, 0 to 2 percent slopes","cell":"42.08229_-93.54001","lon":-93.53602,"lat":42.08159,"n":42},"geometry":{"type":"MultiPolygon","coordinates":[[[[-93.54066,42.07833],[-93.54066,42.08498],[-93.538,42.08498],[-93.538,42.08315],[-93.53783,42.08301],[-93.5374,42.08301],[-93.53716,42.08315],[-93.53716,42.0839],[-93.53694,42.0839],[-93.53671,42.08345],[-93.53648,42.08336],[-93.53567,42.08398],[-93.53554,42.08508],[-93.53541,42.08517],[-93.53162,42.08525],[-93.53162,42.08443],[-93.53144,42.08427],[-93.53142,42.07896],[-93.53213,42.07894],[-93.53253,42.07856],[-93.53306,42.07833],[-93.53336,42.0786],[-93.53399,42.07859],[-93.53414,42.07833],[-93.54066,42.07833]]]]}},{"type":"Feature","id":60,"properties":{"id":60,"ha":52.6,"acres":130.0,"soil":"Omsrud-Storden complex, Bemis moraine, 10 to 16 percent slopes, moderately eroded","cell":"42.12229_-93.58841","lon":-93.58724,"lat":42.1183,"n":36},"geometry":{"type":"MultiPolygon","coordinates":[[[[-93.59115,42.11509],[-93.59106,42.12109],[-93.59029,42.12109],[-93.5901,42.12119],[-93.59006,42.12217],[-93.58941,42.12208],[-93.58654,42.12208],[-93.58634,42.12216],[-93.58629,42.12235],[-93.58507,42.12235],[-93.58336,42.1218],[-93.58336,42.12118],[-93.58363,42.12102],[-93.58363,42.12036],[-93.58301,42.11969],[-93.58301,42.1182],[-93.58322,42.11804],[-93.58395,42.11796],[-93.58399,42.1172],[-93.58378,42.11705],[-93.58249,42.11705],[-93.58202,42.11678],[-93.58202,42.11642],[-93.58228,42.11639],[-93.5826,42.11608],[-93.58265,42.11579],[-93.58352,42.11577],[-93.58415,42.11524],[-93.5848,42.11513],[-93.5854,42.11461],[-93.58782,42.11454],[-93.58884,42.11426],[-93.5907,42.11418],[-93.59072,42.11444],[-93.59107,42.11471],[-93.59115,42.11509]]]]}},{"type":"Feature","id":61,"properties":{"id":61,"ha":51.0,"acres":126.0,"soil":"Clarion loam, Bemis moraine, 6 to 10 percent slopes, moderately eroded","cell":"41.97229_-93.69731","lon":-93.69226,"lat":41.97067,"n":35},"geometry":{"type":"MultiPolygon","coordinates":[[[[-93.69782,41.97188],[-93.69789,41.97359],[-93.69671,41.9736],[-93.69629,41.97412],[-93.69635,41.97487],[-93.69762,41.97493],[-93.69791,41.97511],[-93.69791,41.97549],[-93.69613,41.97548],[-93.69593,41.97574],[-93.693,41.97574],[-93.69293,41.97552],[-93.69264,41.97547],[-93.69257,41.9722],[-93.69058,41.97215],[-93.69055,41.97188],[-93.69034,41.97179],[-93.68867,41.97179],[-93.68848,41.97206],[-93.68797,41.97206],[-93.6879,41.97184],[-93.68761,41.97179],[-93.68761,41.96788],[-93.68797,41.96733],[-93.68806,41.96576],[-93.68816,41.96632],[-93.68868,41.9664],[-93.68887,41.96624],[-93.68887,41.96523],[-93.69216,41.96523],[-93.69216,41.96785],[-93.69252,41.96802],[-93.69253,41.96877],[-93.69279,41.96892],[-93.69283,41.96919],[-93.69318,41.96927],[-93.69364,41.96988],[-93.69393,41.96984],[-93.69531,41.97011],[-93.69534,41.97045],[-93.696,41.9711],[-93.69629,41.97116],[-93.6964,41.9714],[-93.69746,41.97143],[-93.69749,41.97178],[-93.69782,41.97188]]]]}},{"type":"Feature","id":62,"properties":{"id":62,"ha":52.7,"acres":130.0,"soil":"Canisteo clay loam, Bemis moraine, 0 to 2 percent slopes","cell":"42.07229_-93.72151","lon":-93.72312,"lat":42.06743,"n":36},"geometry":{"type":"MultiPolygon","coordinates":[[[[-93.72758,42.06422],[-93.72758,42.07069],[-93.72075,42.07069],[-93.72057,42.0706],[-93.71845,42.07057],[-93.71845,42.06898],[-93.71948,42.06896],[-93.71971,42.06853],[-93.71962,42.06803],[-93.71845,42.06777],[-93.71845,42.06484],[-93.71871,42.06463],[-93.71872,42.06422],[-93.72758,42.06422]]]]}},{"type":"Feature","id":63,"properties":{"id":63,"ha":50.5,"acres":125.0,"soil":"Canisteo clay loam, Bemis moraine, 0 to 2 percent slopes","cell":"42.07229_-93.73361","lon":-93.73169,"lat":42.07545,"n":35},"geometry":{"type":"MultiPolygon","coordinates":[[[[-93.7371,42.07267],[-93.73692,42.07284],[-93.73694,42.07309],[-93.7371,42.0732],[-93.7371,42.07375],[-93.73692,42.07392],[-93.73692,42.07475],[-93.7371,42.0749],[-93.7371,42.07796],[-93.73377,42.07792],[-93.73339,42.07778],[-93.73148,42.07778],[-93.73126,42.07796],[-93.73024,42.07787],[-93.72417,42.07787],[-93.72402,42.07769],[-93.72447,42.07769],[-93.72464,42.07757],[-93.72462,42.0768],[-93.72443,42.07671],[-93.72339,42.07671],[-93.72339,42.07579],[-93.72312,42.07563],[-93.72312,42.07491],[-93.73116,42.07491],[-93.73185,42.07455],[-93.73291,42.07451],[-93.733,42.07138],[-93.73315,42.07123],[-93.73695,42.07123],[-93.7371,42.07138],[-93.7371,42.07267]]]]}},{"type":"Feature","id":64,"properties":{"id":64,"ha":51.9,"acres":128.0,"soil":"Webster clay loam, Bemis moraine, 0 to 2 percent slopes","cell":"42.04229_-93.73361","lon":-93.73889,"lat":42.03913,"n":39},"geometry":{"type":"MultiPolygon","coordinates":[[[[-93.74249,42.0352],[-93.7424,42.03862],[-93.74213,42.0388],[-93.74213,42.03955],[-93.7424,42.0397],[-93.7424,42.04014],[-93.74213,42.04031],[-93.74213,42.04364],[-93.73543,42.04295],[-93.73543,42.03502],[-93.74087,42.03502],[-93.74107,42.0352],[-93.74249,42.0352]]]]}},{"type":"Feature","id":65,"properties":{"id":65,"ha":46.9,"acres":116.0,"soil":"Clarion loam, Bemis moraine, 2 to 6 percent slopes","cell":"41.92229_-93.63681","lon":-93.63627,"lat":41.92585,"n":39},"geometry":{"type":"MultiPolygon","coordinates":[[[[-93.63943,41.93002],[-93.63925,41.93018],[-93.63925,41.93163],[-93.63506,41.93163],[-93.63502,41.93144],[-93.63482,41.93136],[-93.6305,41.93136],[-93.6303,41.93105],[-93.6303,41.92948],[-93.63141,41.92947],[-93.63156,41.92912],[-93.63788,41.92912],[-93.63811,41.92899],[-93.63812,41.92739],[-93.63785,41.92723],[-93.63782,41.92544],[-93.63763,41.92535],[-93.6358,41.92535],[-93.63497,41.92499],[-93.63497,41.91843],[-93.63529,41.91841],[-93.63542,41.91825],[-93.63638,41.91825],[-93.63659,41.91843],[-93.63934,41.91843],[-93.63928,41.91969],[-93.63848,41.9198],[-93.63827,41.9201],[-93.63826,41.92234],[-93.63818,41.92247],[-93.63781,41.92248],[-93.6375,41.92264],[-93.63736,41.92328],[-93.63778,41.92381],[-93.63925,41.92382],[-93.63943,41.93002]]]]}},{"type":"Feature","id":66,"properties":{"id":66,"ha":50.7,"acres":125.0,"soil":"Canisteo clay loam, Bemis moraine, 0 to 2 percent slopes","cell":"41.97229_-93.72151","lon":-93.72295,"lat":41.97584,"n":36},"geometry":{"type":"MultiPolygon","coordinates":[[[[-93.72693,41.97269],[-93.72693,41.9738],[-93.72729,41.97395],[-93.72729,41.97673],[-93.72693,41.97689],[-93.72693,41.97931],[-93.72022,41.97933],[-93.72018,41.97897],[-93.71941,41.97847],[-93.71929,41.97745],[-93.71858,41.97703],[-93.71834,41.977],[-93.71834,41.97646],[-93.71869,41.9763],[-93.7187,41.97242],[-93.72005,41.97241],[-93.72022,41.97206],[-93.72036,41.97206],[-93.72064,41.97241],[-93.72245,41.97251],[-93.72319,41.97269],[-93.72693,41.97269]]]]}},{"type":"Feature","id":67,"properties":{"id":67,"ha":49.0,"acres":121.0,"soil":"Webster clay loam, Bemis moraine, 0 to 2 percent slopes","cell":"41.96229_-93.60051","lon":-93.59511,"lat":41.96559,"n":38},"geometry":{"type":"MultiPolygon","coordinates":[[[[-93.59973,41.96829],[-93.59973,41.96855],[-93.59895,41.96867],[-93.59883,41.96903],[-93.59813,41.96918],[-93.59796,41.96918],[-93.59796,41.9687],[-93.59777,41.96856],[-93.59641,41.96856],[-93.59581,41.96893],[-93.5958,41.96843],[-93.59563,41.96829],[-93.59462,41.96829],[-93.59442,41.96855],[-93.59354,41.96859],[-93.59329,41.96855],[-93.59325,41.96836],[-93.59302,41.96829],[-93.59209,41.96841],[-93.59191,41.96918],[-93.5914,41.96921],[-93.59136,41.96846],[-93.59098,41.96838],[-93.59078,41.96846],[-93.59077,41.96602],[-93.59051,41.96583],[-93.59076,41.96566],[-93.59078,41.96532],[-93.59051,41.96492],[-93.59051,41.96362],[-93.59094,41.96361],[-93.59112,41.9635],[-93.59113,41.96277],[-93.59091,41.96263],[-93.59109,41.96255],[-93.59113,41.96236],[-93.59766,41.96245],[-93.59811,41.96262],[-93.59822,41.96296],[-93.59874,41.96299],[-93.59879,41.96418],[-93.59999,41.96424],[-93.59999,41.9659],[-93.59973,41.96629],[-93.59973,41.9673],[-93.59927,41.96731],[-93.5991,41.96746],[-93.59912,41.96819],[-93.59973,41.96829]]],[[[-93.59128,41.96952],[-93.59128,41.96981],[-93.59113,41.96981],[-93.59113,41.96954],[-93.59128,41.96952]]]]}},{"type":"Feature","id":68,"properties":{"id":68,"ha":48.3,"acres":119.0,"soil":"Clarion loam, Bemis moraine, 2 to 6 percent slopes","cell":"41.97229_-93.73361","lon":-93.72928,"lat":41.96754,"n":33},"geometry":{"type":"MultiPolygon","coordinates":[[[[-93.73663,41.9655],[-93.73658,41.96741],[-93.73636,41.96855],[-93.73208,41.96858],[-93.73178,41.96879],[-93.73178,41.97029],[-93.73157,41.97044],[-93.72992,41.97046],[-93.72971,41.97026],[-93.72777,41.97026],[-93.72757,41.97039],[-93.72756,41.9708],[-93.72714,41.9708],[-93.72741,41.97044],[-93.72741,41.96908],[-93.72721,41.96892],[-93.72494,41.96892],[-93.72478,41.96906],[-93.72477,41.96954],[-93.72264,41.96954],[-93.72247,41.96932],[-93.72256,41.96639],[-93.72282,41.96599],[-93.72283,41.9655],[-93.72322,41.96549],[-93.72337,41.96532],[-93.72497,41.96532],[-93.72562,41.9655],[-93.72696,41.9655],[-93.72693,41.96625],[-93.72717,41.9664],[-93.7286,41.96635],[-93.72866,41.96592],[-93.7284,41.96577],[-93.7284,41.9655],[-93.73663,41.9655]]]]}},{"type":"Feature","id":69,"properties":{"id":69,"ha":50.3,"acres":124.0,"soil":"Webster clay loam, Bemis moraine, 0 to 2 percent slopes","cell":"42.04229_-93.56421","lon":-93.56497,"lat":42.03832,"n":45},"geometry":{"type":"MultiPolygon","coordinates":[[[[-93.5688,42.0415],[-93.56789,42.04151],[-93.56749,42.04174],[-93.56163,42.04168],[-93.56119,42.04184],[-93.56114,42.04231],[-93.561,42.04231],[-93.561,42.03629],[-93.56082,42.03612],[-93.56082,42.03522],[-93.5612,42.03516],[-93.56127,42.03486],[-93.56814,42.03492],[-93.56932,42.03723],[-93.56932,42.0398],[-93.56905,42.03994],[-93.5688,42.0415]]]]}},{"type":"Feature","id":70,"properties":{"id":70,"ha":47.4,"acres":117.0,"soil":"Webster clay loam, Bemis moraine, 0 to 2 percent slopes","cell":"42.02229_-93.54001","lon":-93.54599,"lat":42.02667,"n":43},"geometry":{"type":"MultiPolygon","coordinates":[[[[-93.54932,42.03009],[-93.54707,42.03009],[-93.54705,42.02985],[-93.54685,42.02974],[-93.54405,42.02974],[-93.54384,42.02982],[-93.54179,42.02975],[-93.54132,42.02923],[-93.54141,42.02354],[-93.54935,42.02354],[-93.55072,42.02345],[-93.55072,42.02381],[-93.55045,42.02399],[-93.55045,42.02866],[-93.55072,42.02884],[-93.55072,42.02911],[-93.54918,42.02916],[-93.54911,42.02993],[-93.54932,42.03009]]]]}},{"type":"Feature","id":71,"properties":{"id":71,"ha":49.5,"acres":122.0,"soil":"Nicollet loam, 1 to 3 percent slopes","cell":"41.95229_-93.78201","lon":-93.78195,"lat":41.95521,"n":38},"geometry":{"type":"MultiPolygon","coordinates":[[[[-93.78648,41.95682],[-93.7844,41.95702],[-93.78433,41.95834],[-93.78409,41.95858],[-93.77859,41.95867],[-93.77837,41.95833],[-93.77727,41.95831],[-93.77727,41.95796],[-93.77752,41.95793],[-93.77762,41.95778],[-93.77762,41.95623],[-93.77735,41.95559],[-93.77732,41.95296],[-93.77777,41.95296],[-93.77779,41.95317],[-93.77797,41.95328],[-93.77966,41.95326],[-93.78013,41.95279],[-93.78014,41.95173],[-93.78307,41.95176],[-93.78311,41.95195],[-93.78331,41.95203],[-93.78522,41.95203],[-93.78542,41.95192],[-93.78544,41.95167],[-93.78632,41.95174],[-93.78648,41.95191],[-93.78648,41.95682]]]]}},{"type":"Feature","id":72,"properties":{"id":72,"ha":47.7,"acres":118.0,"soil":"Nicollet clay loam, 1 to 3 percent slopes","cell":"42.11229_-93.52791","lon":-93.52612,"lat":42.11072,"n":39},"geometry":{"type":"MultiPolygon","coordinates":[[[[-93.53083,42.11377],[-93.53049,42.11355],[-93.53028,42.11363],[-93.53024,42.11382],[-93.52201,42.11382],[-93.52192,42.11155],[-93.52174,42.1114],[-93.52174,42.10726],[-93.52647,42.10726],[-93.52647,42.10789],[-93.52611,42.10805],[-93.52613,42.10939],[-93.52647,42.10967],[-93.52659,42.11011],[-93.52797,42.11014],[-93.52819,42.11003],[-93.52848,42.10934],[-93.52848,42.10805],[-93.52821,42.10789],[-93.52821,42.10717],[-93.53069,42.10726],[-93.5306,42.11085],[-93.53083,42.11377]]]]}},{"type":"Feature","id":73,"properties":{"id":73,"ha":47.4,"acres":117.0,"soil":"Webster clay loam, Bemis moraine, 0 to 2 percent slopes","cell":"42.00229_-93.73361","lon":-93.73271,"lat":41.99754,"n":37},"geometry":{"type":"MultiPolygon","coordinates":[[[[-93.73708,42.00116],[-93.73553,42.00122],[-93.73531,42.00093],[-93.73418,42.00053],[-93.73398,42.00061],[-93.73366,42.00116],[-93.73343,42.00116],[-93.73337,42.00096],[-93.73307,42.00089],[-93.73304,42.00063],[-93.7328,42.00053],[-93.7328,42.0],[-93.73307,41.99982],[-93.73305,41.99948],[-93.73283,41.99937],[-93.73242,41.9994],[-93.73232,41.99964],[-93.7314,41.99964],[-93.73089,41.99937],[-93.7307,41.99964],[-93.73016,41.99968],[-93.73007,41.99991],[-93.7293,41.99993],[-93.72917,42.00053],[-93.72882,42.00066],[-93.72881,42.0011],[-93.7284,42.00116],[-93.7284,42.00077],[-93.72867,42.00044],[-93.72852,42.00028],[-93.72804,42.00027],[-93.72804,41.99604],[-93.72777,41.99586],[-93.72777,41.99443],[-93.73007,41.99443],[-93.73017,41.99511],[-93.73067,41.9956],[-93.73148,41.99554],[-93.73215,41.99487],[-93.73217,41.99443],[-93.73491,41.99443],[-93.73514,41.99461],[-93.73701,41.99461],[-93.73708,42.00116]]]]}},{"type":"Feature","id":74,"properties":{"id":74,"ha":40.9,"acres":101.0,"soil":"Clarion loam, Bemis moraine, 2 to 6 percent slopes","cell":"42.00229_-93.50371","lon":-93.5077,"lat":42.00482,"n":45},"geometry":{"type":"MultiPolygon","coordinates":[[[[-93.51413,42.00496],[-93.51317,42.00591],[-93.51313,42.00629],[-93.51291,42.00645],[-93.51205,42.00646],[-93.51134,42.00685],[-93.51125,42.00744],[-93.50974,42.00747],[-93.50963,42.00807],[-93.5092,42.0081],[-93.50909,42.00834],[-93.50281,42.00834],[-93.50275,42.00806],[-93.50292,42.00794],[-93.50292,42.00757],[-93.50239,42.00718],[-93.50239,42.00502],[-93.50347,42.00498],[-93.50355,42.00439],[-93.50413,42.00432],[-93.50418,42.00385],[-93.50397,42.00367],[-93.50248,42.00367],[-93.50239,42.00187],[-93.50307,42.00187],[-93.50326,42.00178],[-93.50328,42.0007],[-93.50539,42.0007],[-93.50562,42.00116],[-93.50595,42.00133],[-93.506,42.00181],[-93.50661,42.00187],[-93.50662,42.00269],[-93.50747,42.00277],[-93.50764,42.00312],[-93.50846,42.00311],[-93.50858,42.00277],[-93.50936,42.00277],[-93.50938,42.00303],[-93.50982,42.0034],[-93.51304,42.0034],[-93.51325,42.00327],[-93.51326,42.00277],[-93.51397,42.00277],[-93.51412,42.00306],[-93.51413,42.00496]]]]}},{"type":"Feature","id":75,"properties":{"id":75,"ha":44.3,"acres":109.0,"soil":"Canisteo clay loam, Bemis moraine, 0 to 2 percent slopes","cell":"42.00229_-93.70941","lon":-93.71248,"lat":41.9977,"n":36},"geometry":{"type":"MultiPolygon","coordinates":[[[[-93.71767,41.99532],[-93.71712,41.99524],[-93.71643,41.99554],[-93.71633,41.99568],[-93.71634,41.99737],[-93.7166,41.99748],[-93.71674,41.99774],[-93.71758,41.99775],[-93.71758,42.00023],[-93.71744,42.00004],[-93.71743,41.99815],[-93.71727,41.99803],[-93.71681,41.99802],[-93.71634,41.9985],[-93.71633,41.99901],[-93.71582,41.99903],[-93.71514,41.99933],[-93.71507,41.99964],[-93.71461,41.99964],[-93.71444,41.99978],[-93.71449,42.00056],[-93.71582,42.00063],[-93.716,42.00116],[-93.71387,42.00122],[-93.71342,42.00089],[-93.70863,42.00089],[-93.70862,42.00039],[-93.70837,42.00027],[-93.70836,41.99915],[-93.70798,41.99847],[-93.70779,41.99838],[-93.70801,41.99833],[-93.70833,41.99802],[-93.70845,41.9976],[-93.70845,41.99669],[-93.70863,41.99604],[-93.70863,41.99538],[-93.70845,41.99524],[-93.70979,41.99521],[-93.71023,41.99485],[-93.71025,41.99434],[-93.71321,41.99434],[-93.71322,41.99552],[-93.71425,41.99586],[-93.7147,41.99586],[-93.71492,41.9957],[-93.71489,41.99434],[-93.71764,41.99434],[-93.71767,41.99532]]],[[[-93.7139,41.99434],[-93.71411,41.99434],[-93.71393,41.99487],[-93.71393,41.99443],[-93.7139,41.99434]]],[[[-93.71741,42.00116],[-93.71744,42.0009],[-93.71758,42.0009],[-93.71758,42.00116],[-93.71741,42.00116]]]]}},{"type":"Feature","id":76,"properties":{"id":76,"ha":45.9,"acres":113.0,"soil":"Canisteo clay loam, 0 to 2 percent slopes","cell":"42.10229_-93.54001","lon":-93.53718,"lat":42.10078,"n":42},"geometry":{"type":"MultiPolygon","coordinates":[[[[-93.54057,42.10627],[-93.5389,42.10627],[-93.53889,42.10552],[-93.53863,42.10537],[-93.53862,42.10362],[-93.53786,42.10296],[-93.53723,42.103],[-93.53716,42.10349],[-93.53701,42.10349],[-93.53688,42.10315],[-93.53611,42.10313],[-93.5359,42.10295],[-93.5351,42.10295],[-93.53485,42.10313],[-93.53166,42.10322],[-93.53162,42.10203],[-93.53144,42.10181],[-93.53144,42.10016],[-93.53221,42.10014],[-93.53234,42.0998],[-93.53302,42.0998],[-93.53322,42.10007],[-93.53457,42.10007],[-93.53477,42.0998],[-93.53594,42.0998],[-93.53645,42.09942],[-93.53637,42.09697],[-93.5359,42.09668],[-93.53548,42.09661],[-93.53586,42.0963],[-93.5378,42.0963],[-93.53847,42.09594],[-93.5394,42.09594],[-93.53942,42.09619],[-93.5396,42.0963],[-93.54057,42.0963],[-93.54057,42.09971],[-93.5403,42.09989],[-93.54039,42.1027],[-93.54057,42.10285],[-93.54057,42.10627]]]]}},{"type":"Feature","id":77,"properties":{"id":77,"ha":41.5,"acres":102.0,"soil":"Nicollet loam, 1 to 3 percent slopes","cell":"41.93229_-93.76991","lon":-93.77143,"lat":41.93097,"n":44},"geometry":{"type":"MultiPolygon","coordinates":[[[[-93.78023,41.92429],[-93.78014,41.92202],[-93.78092,41.92202],[-93.78092,41.92535],[-93.78064,41.92508],[-93.77702,41.92508],[-93.77626,41.92538],[-93.77597,41.92562],[-93.77598,41.9268],[-93.77615,41.92696],[-93.77615,41.92876],[-93.77357,41.92876],[-93.77276,41.92932],[-93.77274,41.93298],[-93.77283,41.93524],[-93.77301,41.93554],[-93.77301,41.93604],[-93.76978,41.93595],[-93.76936,41.93419],[-93.76862,41.93415],[-93.76843,41.93442],[-93.76765,41.93442],[-93.76753,41.93417],[-93.76693,41.93411],[-93.76693,41.93128],[-93.76676,41.9311],[-93.76676,41.92912],[-93.76741,41.92921],[-93.77112,41.92921],[-93.772,41.92831],[-93.77499,41.92829],[-93.77538,41.9277],[-93.77537,41.92702],[-93.7752,41.92688],[-93.7752,41.92479],[-93.77997,41.92471],[-93.78023,41.92429]]]]}},{"type":"Feature","id":78,"properties":{"id":78,"ha":46.4,"acres":115.0,"soil":"Clarion loam, Bemis moraine, 2 to 6 percent slopes","cell":"42.07229_-93.52791","lon":-93.5257,"lat":42.07451,"n":44},"geometry":{"type":"MultiPolygon","coordinates":[[[[-93.52984,42.07214],[-93.52961,42.0725],[-93.52961,42.07788],[-93.52884,42.07788],[-93.5288,42.0777],[-93.52862,42.07762],[-93.52545,42.07762],[-93.52415,42.07771],[-93.52351,42.07789],[-93.5218,42.07797],[-93.52165,42.07783],[-93.52165,42.07654],[-93.52171,42.07546],[-93.52192,42.07528],[-93.52192,42.07115],[-93.52332,42.07115],[-93.52336,42.07134],[-93.52354,42.07142],[-93.52545,42.07142],[-93.52565,42.07134],[-93.52569,42.07115],[-93.52925,42.07106],[-93.52936,42.07202],[-93.52984,42.07214]]]]}},{"type":"Feature","id":79,"properties":{"id":79,"ha":46.5,"acres":115.0,"soil":"Clarion loam, Bemis moraine, 6 to 10 percent slopes, moderately eroded","cell":"41.92229_-93.50371","lon":-93.50686,"lat":41.92262,"n":41},"geometry":{"type":"MultiPolygon","coordinates":[[[[-93.51152,41.92147],[-93.51125,41.92165],[-93.51125,41.92268],[-93.51161,41.92314],[-93.51161,41.92479],[-93.51152,41.92537],[-93.51134,41.92562],[-93.50497,41.92569],[-93.50406,41.92509],[-93.50319,41.925],[-93.50266,41.92447],[-93.50257,41.9195],[-93.50282,41.91947],[-93.50293,41.91932],[-93.50737,41.91932],[-93.50778,41.9195],[-93.50936,41.9195],[-93.50941,41.92114],[-93.5105,41.9212],[-93.51085,41.92138],[-93.5111,41.9212],[-93.51152,41.9212],[-93.51152,41.92147]]]]}},{"type":"Feature","id":80,"properties":{"id":80,"ha":44.9,"acres":111.0,"soil":"Nicollet loam, 1 to 3 percent slopes","cell":"41.99229_-93.74571","lon":-93.75027,"lat":41.99653,"n":42},"geometry":{"type":"MultiPolygon","coordinates":[[[[-93.75666,41.99712],[-93.75666,41.99865],[-93.75571,41.99865],[-93.75546,41.99847],[-93.75012,41.99847],[-93.74965,41.99904],[-93.74788,41.99973],[-93.74733,41.99972],[-93.7478,41.99946],[-93.7478,41.9979],[-93.74741,41.9975],[-93.74376,41.99739],[-93.74356,41.9975],[-93.74355,41.99775],[-93.74298,41.99775],[-93.74259,41.99749],[-93.74259,41.9968],[-93.74282,41.99642],[-93.74374,41.99611],[-93.74408,41.99459],[-93.74479,41.99452],[-93.75643,41.99461],[-93.75648,41.99696],[-93.75666,41.99712]]]]}},{"type":"Feature","id":81,"properties":{"id":81,"ha":42.2,"acres":104.0,"soil":"Clarion loam, Bemis moraine, 2 to 6 percent slopes","cell":"41.99229_-93.78201","lon":-93.77929,"lat":41.98865,"n":35},"geometry":{"type":"MultiPolygon","coordinates":[[[[-93.78181,41.98714],[-93.78181,41.98959],[-93.78192,41.99008],[-93.78218,41.99043],[-93.78244,41.99398],[-93.77693,41.99398],[-93.77677,41.99363],[-93.77673,41.98994],[-93.77873,41.99003],[-93.77944,41.98988],[-93.77978,41.98851],[-93.77978,41.9876],[-93.7796,41.98743],[-93.77959,41.987],[-93.77937,41.98681],[-93.777,41.98679],[-93.777,41.98471],[-93.77664,41.98454],[-93.77664,41.98023],[-93.77777,41.98005],[-93.77779,41.98201],[-93.77871,41.98302],[-93.77944,41.9842],[-93.78061,41.98494],[-93.78132,41.98582],[-93.78159,41.98594],[-93.78163,41.98699],[-93.78181,41.98714]]]]}},{"type":"Feature","id":82,"properties":{"id":82,"ha":44.5,"acres":110.0,"soil":"Webster clay loam, Bemis moraine, 0 to 2 percent slopes","cell":"42.00229_-93.72151","lon":-93.72318,"lat":42.00536,"n":35},"geometry":{"type":"MultiPolygon","coordinates":[[[[-93.72783,42.00808],[-93.72657,42.00818],[-93.72604,42.00835],[-93.72506,42.00835],[-93.72462,42.0082],[-93.72462,42.00785],[-93.72427,42.00723],[-93.72378,42.00709],[-93.7231,42.00709],[-93.72291,42.00719],[-93.72264,42.00782],[-93.72211,42.00844],[-93.72187,42.00835],[-93.7187,42.00841],[-93.7187,42.00364],[-93.71887,42.00341],[-93.71918,42.0034],[-93.71985,42.00311],[-93.72016,42.00273],[-93.72067,42.00251],[-93.72167,42.00251],[-93.72231,42.00215],[-93.72261,42.00215],[-93.72263,42.0024],[-93.72283,42.00251],[-93.72542,42.00251],[-93.72559,42.0024],[-93.72561,42.00215],[-93.72584,42.0025],[-93.72729,42.00249],[-93.72738,42.0031],[-93.72756,42.00322],[-93.72764,42.00763],[-93.72783,42.00808]]]]}},{"type":"Feature","id":83,"properties":{"id":83,"ha":42.8,"acres":106.0,"soil":"Coland-Spillville complex, 2 to 5 percent slopes","cell":"42.01229_-93.76991","lon":-93.77245,"lat":42.01196,"n":39},"geometry":{"type":"MultiPolygon","coordinates":[[[[-93.77632,42.00916],[-93.77633,42.01186],[-93.77615,42.01203],[-93.77621,42.01684],[-93.77575,42.01631],[-93.77464,42.01566],[-93.77385,42.01563],[-93.77374,42.0153],[-93.77319,42.01527],[-93.77311,42.01503],[-93.77259,42.015],[-93.77254,42.0147],[-93.77224,42.01464],[-93.77187,42.01414],[-93.77159,42.01413],[-93.77126,42.01379],[-93.77098,42.01374],[-93.77087,42.01341],[-93.77063,42.0134],[-93.77032,42.01374],[-93.77008,42.01374],[-93.76998,42.0135],[-93.76942,42.01338],[-93.76943,42.01295],[-93.76915,42.01284],[-93.76903,42.01263],[-93.76745,42.01161],[-93.76698,42.01158],[-93.76694,42.00934],[-93.76896,42.00934],[-93.76918,42.00916],[-93.77632,42.00916]]],[[[-93.77337,42.01599],[-93.77337,42.01658],[-93.77224,42.01658],[-93.77224,42.01599],[-93.77255,42.01591],[-93.77259,42.01555],[-93.77304,42.01536],[-93.77303,42.01588],[-93.77337,42.01599]]]]}},{"type":"Feature","id":84,"properties":{"id":84,"ha":41.8,"acres":103.0,"soil":"Clarion loam, Bemis moraine, 2 to 6 percent slopes","cell":"42.04229_-93.68521","lon":-93.6883,"lat":42.04,"n":39},"geometry":{"type":"MultiPolygon","coordinates":[[[[-93.69147,42.04149],[-93.69126,42.0414],[-93.68633,42.04149],[-93.68467,42.0414],[-93.68465,42.04115],[-93.68445,42.04104],[-93.67919,42.04104],[-93.67937,42.03898],[-93.68041,42.03903],[-93.68063,42.03925],[-93.68259,42.03924],[-93.68278,42.03908],[-93.68278,42.03826],[-93.68302,42.03815],[-93.68504,42.03808],[-93.68627,42.03835],[-93.69104,42.03871],[-93.69222,42.03898],[-93.69397,42.03906],[-93.69705,42.0396],[-93.69823,42.03961],[-93.69838,42.03975],[-93.69838,42.04104],[-93.69339,42.04104],[-93.69273,42.04149],[-93.69147,42.04149]]]]}},{"type":"Feature","id":85,"properties":{"id":85,"ha":42.7,"acres":106.0,"soil":"Nicollet loam, 1 to 3 percent slopes","cell":"41.93229_-93.78201","lon":-93.78194,"lat":41.93198,"n":45},"geometry":{"type":"MultiPolygon","coordinates":[[[[-93.78586,41.92948],[-93.78595,41.93388],[-93.78568,41.93404],[-93.78564,41.93595],[-93.7814,41.93595],[-93.7814,41.93306],[-93.78105,41.93267],[-93.77646,41.93262],[-93.77646,41.93031],[-93.77692,41.92921],[-93.78559,41.92921],[-93.78564,41.92941],[-93.78586,41.92948]]]]}},{"type":"Feature","id":86,"properties":{"id":86,"ha":42.0,"acres":104.0,"soil":"Webster clay loam, Bemis moraine, 0 to 2 percent slopes","cell":"41.98229_-93.73361","lon":-93.73139,"lat":41.98386,"n":37},"geometry":{"type":"MultiPolygon","coordinates":[[[[-93.73229,41.98338],[-93.73672,41.98338],[-93.73672,41.98679],[-93.73469,41.98679],[-93.73449,41.98652],[-93.73283,41.98652],[-93.73221,41.98679],[-93.72777,41.98679],[-93.72777,41.98194],[-93.72766,41.98179],[-93.72741,41.98176],[-93.72741,41.97987],[-93.73205,41.97987],[-93.73209,41.9833],[-93.73229,41.98338]]]]}},{"type":"Feature","id":87,"properties":{"id":87,"ha":42.3,"acres":104.0,"soil":"Clarion loam, Bemis moraine, 2 to 6 percent slopes","cell":"41.99229_-93.79411","lon":-93.78892,"lat":41.99177,"n":36},"geometry":{"type":"MultiPolygon","coordinates":[[[[-93.79529,41.99056],[-93.79532,41.99389],[-93.79514,41.99389],[-93.79502,41.99346],[-93.794,41.99335],[-93.79331,41.99362],[-93.78895,41.99371],[-93.78837,41.99389],[-93.78757,41.99393],[-93.78364,41.99398],[-93.78355,41.99005],[-93.78382,41.98931],[-93.78603,41.98931],[-93.7867,41.98958],[-93.79043,41.98958],[-93.79103,41.98992],[-93.79166,41.98994],[-93.79187,41.9901],[-93.79188,41.99044],[-93.79205,41.99056],[-93.79529,41.99056]]]]}},{"type":"Feature","id":88,"properties":{"id":88,"ha":41.6,"acres":103.0,"soil":"Clarion loam, Bemis moraine, 2 to 6 percent slopes","cell":"41.97229_-93.74571","lon":-93.75083,"lat":41.97657,"n":37},"geometry":{"type":"MultiPolygon","coordinates":[[[[-93.75361,41.9761],[-93.75362,41.97635],[-93.7538,41.97646],[-93.7563,41.97646],[-93.7563,41.97951],[-93.75343,41.97951],[-93.75324,41.97943],[-93.75193,41.97942],[-93.75169,41.97924],[-93.74699,41.97933],[-93.74699,41.97808],[-93.74726,41.9779],[-93.74726,41.97723],[-93.74699,41.97709],[-93.74699,41.97404],[-93.74726,41.97387],[-93.74726,41.97251],[-93.75145,41.97251],[-93.75174,41.97599],[-93.75194,41.9761],[-93.75361,41.9761]]]]}},{"type":"Feature","id":89,"properties":{"id":89,"ha":42.2,"acres":104.0,"soil":"Nicollet clay loam, 1 to 3 percent slopes","cell":"42.08229_-93.52791","lon":-93.52581,"lat":42.08136,"n":44},"geometry":{"type":"MultiPolygon","coordinates":[[[[-93.5297,42.07842],[-93.5297,42.07979],[-93.52988,42.07995],[-93.52988,42.08224],[-93.52961,42.08263],[-93.52961,42.0839],[-93.52937,42.084],[-93.52934,42.08426],[-93.52201,42.08435],[-93.52192,42.08076],[-93.52165,42.08058],[-93.52165,42.0786],[-93.52485,42.0786],[-93.52506,42.07842],[-93.5297,42.07842]]]]}},{"type":"Feature","id":90,"properties":{"id":90,"ha":41.7,"acres":103.0,"soil":"Canisteo clay loam, Bemis moraine, 0 to 2 percent slopes","cell":"41.92229_-93.73361","lon":-93.73231,"lat":41.92439,"n":42},"geometry":{"type":"MultiPolygon","coordinates":[[[[-93.73636,41.92193],[-93.73649,41.92218],[-93.73699,41.9222],[-93.73699,41.92436],[-93.73672,41.92454],[-93.73672,41.92723],[-93.73594,41.92723],[-93.7359,41.92704],[-93.73573,41.92696],[-93.73217,41.92696],[-93.73213,41.92677],[-93.73195,41.92669],[-93.73011,41.92669],[-93.72937,41.92687],[-93.72777,41.92687],[-93.72777,41.92373],[-93.7275,41.92355],[-93.7275,41.92202],[-93.72801,41.92193],[-93.73636,41.92193]]]]}},{"type":"Feature","id":91,"properties":{"id":91,"ha":41.5,"acres":103.0,"soil":"Webster clay loam, Bemis moraine, 0 to 2 percent slopes","cell":"42.00229_-93.70941","lon":-93.70398,"lat":42.00552,"n":35},"geometry":{"type":"MultiPolygon","coordinates":[[[[-93.70815,42.00727],[-93.70814,42.00817],[-93.70776,42.00808],[-93.69923,42.00808],[-93.69902,42.0076],[-93.69902,42.00494],[-93.70012,42.00488],[-93.70043,42.00404],[-93.7014,42.00322],[-93.70219,42.00313],[-93.70282,42.00278],[-93.70464,42.00278],[-93.70486,42.0026],[-93.70546,42.00251],[-93.70564,42.00251],[-93.70569,42.00272],[-93.70593,42.00278],[-93.70657,42.00251],[-93.70725,42.00249],[-93.70738,42.00215],[-93.70768,42.00215],[-93.70815,42.00242],[-93.70815,42.00415],[-93.70851,42.00431],[-93.70851,42.00521],[-93.70812,42.00522],[-93.70797,42.00537],[-93.70797,42.00711],[-93.70815,42.00727]]]]}},{"type":"Feature","id":92,"properties":{"id":92,"ha":40.6,"acres":100.0,"soil":"Webster clay loam, Bemis moraine, 0 to 2 percent slopes","cell":"42.09229_-93.64891","lon":-93.64511,"lat":42.09538,"n":39},"geometry":{"type":"MultiPolygon","coordinates":[[[[-93.64901,42.09898],[-93.64884,42.09872],[-93.64784,42.09871],[-93.64767,42.09836],[-93.64644,42.09835],[-93.64607,42.0981],[-93.64559,42.09809],[-93.64558,42.09784],[-93.6454,42.09773],[-93.64438,42.09773],[-93.64421,42.09809],[-93.6438,42.09809],[-93.64376,42.09781],[-93.64334,42.09755],[-93.64038,42.09746],[-93.64038,42.09605],[-93.64147,42.09592],[-93.64164,42.09575],[-93.64159,42.09501],[-93.64029,42.0945],[-93.64029,42.09377],[-93.64065,42.09363],[-93.64065,42.0927],[-93.647,42.0927],[-93.64724,42.09288],[-93.64854,42.09287],[-93.64874,42.0927],[-93.64915,42.09282],[-93.64915,42.09883],[-93.64901,42.09898]]]]}},{"type":"Feature","id":93,"properties":{"id":93,"ha":39.9,"acres":99.0,"soil":"Harps clay loam, Bemis moraine, 0 to 2 percent slopes","cell":"41.94229_-93.70941","lon":-93.71361,"lat":41.93929,"n":41},"geometry":{"type":"MultiPolygon","coordinates":[[[[-93.7174,41.93663],[-93.71722,41.94331],[-93.71321,41.94322],[-93.71304,41.943],[-93.71303,41.94218],[-93.71277,41.94205],[-93.71277,41.9397],[-93.71255,41.93947],[-93.7081,41.93945],[-93.70807,41.9364],[-93.71234,41.9364],[-93.71255,41.93657],[-93.71222,41.93667],[-93.7122,41.93713],[-93.71244,41.93729],[-93.71419,41.93726],[-93.71438,41.9364],[-93.71728,41.9364],[-93.7174,41.93663]]]]}},{"type":"Feature","id":94,"properties":{"id":94,"ha":38.8,"acres":96.0,"soil":"Webster clay loam, Bemis moraine, 0 to 2 percent slopes","cell":"42.04229_-93.76991","lon":-93.76695,"lat":42.03907,"n":38},"geometry":{"type":"MultiPolygon","coordinates":[[[[-93.77186,42.03547],[-93.76984,42.03547],[-93.76963,42.0356],[-93.76963,42.03633],[-93.76998,42.03646],[-93.76998,42.04146],[-93.76973,42.04159],[-93.76969,42.04185],[-93.76804,42.04185],[-93.76782,42.04203],[-93.76669,42.04205],[-93.76656,42.04219],[-93.76656,42.04274],[-93.76609,42.04299],[-93.76571,42.04336],[-93.76567,42.04366],[-93.76487,42.04422],[-93.76423,42.04446],[-93.76336,42.04446],[-93.76336,42.04392],[-93.76387,42.04389],[-93.76426,42.04357],[-93.76426,42.03583],[-93.76453,42.03569],[-93.76453,42.03502],[-93.7661,42.03502],[-93.76629,42.03512],[-93.76629,42.0352],[-93.76572,42.03527],[-93.76567,42.03567],[-93.76651,42.03646],[-93.76688,42.03645],[-93.76704,42.03633],[-93.76705,42.03511],[-93.7718,42.03511],[-93.77186,42.03547]]]]}},{"type":"Feature","id":95,"properties":{"id":95,"ha":39.2,"acres":97.0,"soil":"Clarion loam, 2 to 6 percent slopes","cell":"42.09229_-93.56421","lon":-93.56282,"lat":42.09139,"n":42},"geometry":{"type":"MultiPolygon","coordinates":[[[[-93.56315,42.08552],[-93.56366,42.08552],[-93.56378,42.08613],[-93.56528,42.08615],[-93.56545,42.08637],[-93.56528,42.08818],[-93.56492,42.08847],[-93.56491,42.09162],[-93.56456,42.09357],[-93.56331,42.09678],[-93.56216,42.09846],[-93.56163,42.09846],[-93.5615,42.09812],[-93.56082,42.0981],[-93.56082,42.09656],[-93.561,42.09639],[-93.561,42.08777],[-93.56126,42.0876],[-93.56127,42.08552],[-93.56204,42.08552],[-93.56208,42.08607],[-93.56264,42.08615],[-93.56312,42.08579],[-93.56315,42.08552]]]]}},{"type":"Feature","id":96,"properties":{"id":96,"ha":39.7,"acres":98.0,"soil":"Zook silty clay loam, 0 to 2 percent slopes, occasionally flooded","cell":"41.95229_-93.55211","lon":-93.55764,"lat":41.95451,"n":44},"geometry":{"type":"MultiPolygon","coordinates":[[[[-93.5602,41.95749],[-93.56014,41.96132],[-93.55902,41.9607],[-93.5568,41.95718],[-93.55673,41.95664],[-93.55624,41.95588],[-93.55519,41.95471],[-93.55419,41.95301],[-93.55369,41.95252],[-93.55257,41.95076],[-93.5601,41.95076],[-93.56029,41.95085],[-93.56021,41.95519],[-93.56002,41.95543],[-93.56003,41.95733],[-93.5602,41.95749]]]]}},{"type":"Feature","id":97,"properties":{"id":97,"ha":38.2,"acres":94.0,"soil":"Clarion loam, Bemis moraine, 2 to 6 percent slopes","cell":"42.04229_-93.76991","lon":-93.7715,"lat":42.04469,"n":38},"geometry":{"type":"MultiPolygon","coordinates":[[[[-93.77556,42.04751],[-93.77465,42.04733],[-93.7709,42.04698],[-93.76939,42.04644],[-93.76752,42.04635],[-93.76686,42.04608],[-93.76437,42.04607],[-93.7639,42.0458],[-93.76535,42.04526],[-93.76672,42.04511],[-93.76705,42.04465],[-93.76705,42.04352],[-93.76722,42.04329],[-93.7679,42.04321],[-93.76794,42.04239],[-93.7682,42.04236],[-93.7683,42.04221],[-93.76944,42.04221],[-93.76966,42.04239],[-93.77211,42.04239],[-93.77232,42.0423],[-93.77235,42.04203],[-93.77492,42.04203],[-93.77496,42.04258],[-93.77528,42.04266],[-93.7753,42.04292],[-93.77563,42.04324],[-93.77609,42.04329],[-93.77609,42.04587],[-93.77582,42.0465],[-93.77582,42.04736],[-93.77556,42.04751]]],[[[-93.76323,42.04571],[-93.76238,42.04571],[-93.76238,42.04518],[-93.76257,42.04518],[-93.76267,42.04539],[-93.76323,42.04571]]]]}},{"type":"Feature","id":98,"properties":{"id":98,"ha":40.4,"acres":100.0,"soil":"Webster clay loam, Bemis moraine, 0 to 2 percent slopes","cell":"42.00229_-93.52791","lon":-93.52568,"lat":42.00526,"n":46},"geometry":{"type":"MultiPolygon","coordinates":[[[[-93.52942,42.0025],[-93.52966,42.00267],[-93.52966,42.00681],[-93.5294,42.00696],[-93.52939,42.00807],[-93.52422,42.00807],[-93.52404,42.00815],[-93.524,42.00834],[-93.5221,42.00834],[-93.52206,42.00644],[-93.52179,42.00627],[-93.52179,42.00214],[-93.52256,42.00214],[-93.52314,42.0025],[-93.52942,42.0025]]]]}},{"type":"Feature","id":99,"properties":{"id":99,"ha":39.6,"acres":98.0,"soil":"Clarion loam, Bemis moraine, 2 to 6 percent slopes","cell":"41.94229_-93.74571","lon":-93.74129,"lat":41.94293,"n":40},"geometry":{"type":"MultiPolygon","coordinates":[[[[-93.74543,41.9399],[-93.74563,41.94008],[-93.74642,41.94008],[-93.74642,41.94331],[-93.74188,41.94333],[-93.74175,41.94349],[-93.74175,41.94691],[-93.73747,41.94691],[-93.73747,41.94134],[-93.73867,41.94127],[-93.73873,41.94017],[-93.74174,41.94017],[-93.74214,41.9399],[-93.74543,41.9399]]]]}},{"type":"Feature","id":100,"properties":{"id":100,"ha":39.9,"acres":99.0,"soil":"Nicollet loam, 1 to 3 percent slopes","cell":"42.04229_-93.79411","lon":-93.79077,"lat":42.04655,"n":37},"geometry":{"type":"MultiPolygon","coordinates":[[[[-93.79507,42.04392],[-93.7954,42.04426],[-93.79448,42.04451],[-93.79414,42.04526],[-93.79423,42.04603],[-93.7954,42.04607],[-93.7954,42.0467],[-93.79504,42.04696],[-93.79513,42.04925],[-93.79489,42.04949],[-93.79379,42.04949],[-93.79156,42.04913],[-93.78775,42.04873],[-93.78697,42.0485],[-93.78627,42.0485],[-93.78627,42.04441],[-93.78654,42.04401],[-93.79507,42.04392]]]]}},{"type":"Feature","id":101,"properties":{"id":101,"ha":38.9,"acres":96.0,"soil":"Clarion loam, Bemis moraine, 2 to 6 percent slopes","cell":"41.94229_-93.51581","lon":-93.5181,"lat":41.94009,"n":38},"geometry":{"type":"MultiPolygon","coordinates":[[[[-93.51981,41.94303],[-93.5196,41.94285],[-93.51499,41.94276],[-93.51468,41.94241],[-93.51257,41.9424],[-93.51245,41.94232],[-93.51245,41.9406],[-93.51383,41.94027],[-93.51388,41.93935],[-93.51679,41.93935],[-93.51699,41.93927],[-93.51709,41.93764],[-93.51744,41.93764],[-93.51764,41.93782],[-93.51818,41.93779],[-93.51861,41.93712],[-93.51918,41.9367],[-93.51912,41.93626],[-93.51879,41.93605],[-93.5183,41.93602],[-93.51829,41.93594],[-93.52123,41.93594],[-93.52185,41.93614],[-93.52185,41.93899],[-93.52158,41.93917],[-93.52158,41.94227],[-93.52136,41.94264],[-93.52099,41.94284],[-93.52095,41.94303],[-93.51981,41.94303]]]]}},{"type":"Feature","id":102,"properties":{"id":102,"ha":39.0,"acres":96.0,"soil":"Harps clay loam, Bemis moraine, 0 to 2 percent slopes","cell":"41.98229_-93.76991","lon":-93.77019,"lat":41.98304,"n":39},"geometry":{"type":"MultiPolygon","coordinates":[[[[-93.77597,41.98329],[-93.77172,41.98329],[-93.77128,41.98343],[-93.77121,41.98441],[-93.77094,41.98481],[-93.771,41.9852],[-93.77148,41.98526],[-93.77148,41.98631],[-93.77118,41.98684],[-93.76687,41.9868],[-93.76667,41.98632],[-93.76667,41.98365],[-93.76693,41.9835],[-93.76693,41.98282],[-93.76679,41.98267],[-93.7664,41.98266],[-93.7664,41.98221],[-93.7667,41.98214],[-93.76693,41.98169],[-93.76676,41.98005],[-93.7696,41.98005],[-93.76984,41.98023],[-93.77444,41.98023],[-93.7749,41.98043],[-93.7749,41.98077],[-93.77463,41.98093],[-93.77473,41.98164],[-93.77528,41.98204],[-93.77567,41.98269],[-93.77591,41.98275],[-93.77597,41.98329]]]]}},{"type":"Feature","id":103,"properties":{"id":103,"ha":39.7,"acres":98.0,"soil":"Webster clay loam, Bemis moraine, 0 to 2 percent slopes","cell":"42.06229_-93.52791","lon":-93.52592,"lat":42.0607,"n":43},"geometry":{"type":"MultiPolygon","coordinates":[[[[-93.52818,42.06351],[-93.52797,42.06342],[-93.52643,42.06351],[-93.52192,42.06342],[-93.52192,42.05848],[-93.52309,42.05844],[-93.52344,42.058],[-93.52345,42.05758],[-93.52368,42.05758],[-93.5237,42.05783],[-93.5239,42.05794],[-93.52494,42.05794],[-93.52512,42.05785],[-93.52988,42.05788],[-93.52988,42.06154],[-93.52961,42.0617],[-93.52961,42.06351],[-93.52818,42.06351]]]]}},{"type":"Feature","id":104,"properties":{"id":104,"ha":33.4,"acres":82.0,"soil":"Canisteo clay loam, Bemis moraine, 0 to 2 percent slopes","cell":"41.93229_-93.79411","lon":-93.79063,"lat":41.92931,"n":40},"geometry":{"type":"MultiPolygon","coordinates":[[[[-93.79529,41.92382],[-93.79482,41.92387],[-93.79475,41.92438],[-93.7946,41.92436],[-93.7946,41.92184],[-93.79529,41.92184],[-93.79529,41.92382]]],[[[-93.79487,41.92469],[-93.79529,41.92472],[-93.79511,41.92499],[-93.79511,41.92768],[-93.79529,41.92786],[-93.79529,41.93217],[-93.79481,41.93219],[-93.79466,41.93253],[-93.79424,41.93253],[-93.79407,41.93227],[-93.79209,41.93226],[-93.79205,41.93207],[-93.79187,41.93199],[-93.78634,41.93202],[-93.78634,41.9293],[-93.78613,41.92912],[-93.78607,41.92754],[-93.78607,41.92241],[-93.78628,41.92199],[-93.78686,41.92193],[-93.78693,41.92239],[-93.78684,41.92723],[-93.78659,41.92726],[-93.78648,41.92741],[-93.78649,41.92896],[-93.78664,41.92911],[-93.78742,41.92885],[-93.78807,41.92894],[-93.79206,41.92885],[-93.79236,41.92894],[-93.79376,41.92894],[-93.79398,41.92912],[-93.79477,41.92909],[-93.79487,41.92896],[-93.79487,41.9275],[-93.7946,41.92732],[-93.7946,41.9258],[-93.79487,41.92565],[-93.79487,41.92469]]]]}},{"type":"Feature","id":105,"properties":{"id":105,"ha":38.2,"acres":94.0,"soil":"Clarion loam, Bemis moraine, 2 to 6 percent slopes","cell":"41.94229_-93.78201","lon":-93.77954,"lat":41.94675,"n":40},"geometry":{"type":"MultiPolygon","coordinates":[[[[-93.78334,41.94367],[-93.78334,41.94412],[-93.78307,41.9443],[-93.78307,41.95014],[-93.7821,41.95014],[-93.78202,41.94939],[-93.78186,41.94925],[-93.78116,41.94915],[-93.77864,41.94915],[-93.7784,41.94931],[-93.77843,41.9503],[-93.77574,41.95032],[-93.77574,41.95014],[-93.77601,41.94996],[-93.77601,41.94869],[-93.77583,41.94825],[-93.77599,41.94814],[-93.77637,41.94709],[-93.77636,41.94597],[-93.7761,41.94583],[-93.77607,41.94358],[-93.77678,41.94358],[-93.77682,41.94377],[-93.77702,41.94385],[-93.78055,41.94385],[-93.78073,41.94377],[-93.78077,41.94358],[-93.78334,41.94367]]]]}},{"type":"Feature","id":106,"properties":{"id":106,"ha":37.9,"acres":94.0,"soil":"Nicollet loam, 1 to 3 percent slopes","cell":"41.99229_-93.54001","lon":-93.54357,"lat":41.98832,"n":39},"geometry":{"type":"MultiPolygon","coordinates":[[[[-93.54359,41.99379],[-93.5434,41.9937],[-93.54173,41.9937],[-93.54173,41.99091],[-93.542,41.99075],[-93.542,41.98947],[-93.54173,41.98929],[-93.54173,41.98818],[-93.54137,41.98772],[-93.54137,41.98343],[-93.54189,41.98343],[-93.542,41.9831],[-93.54466,41.9831],[-93.54479,41.98344],[-93.54556,41.98346],[-93.54556,41.98946],[-93.54538,41.9901],[-93.54539,41.99077],[-93.54556,41.99104],[-93.54556,41.99324],[-93.54521,41.99379],[-93.54359,41.99379]]]]}},{"type":"Feature","id":107,"properties":{"id":107,"ha":38.2,"acres":94.0,"soil":"Nicollet loam, 1 to 3 percent slopes","cell":"41.95229_-93.52791","lon":-93.52277,"lat":41.95355,"n":41},"geometry":{"type":"MultiPolygon","coordinates":[[[[-93.52625,41.95076],[-93.52625,41.9574],[-93.52208,41.9574],[-93.52206,41.95417],[-93.52193,41.95401],[-93.51766,41.95399],[-93.51775,41.95094],[-93.52086,41.95094],[-93.52193,41.95076],[-93.52625,41.95076]]]]}},{"type":"Feature","id":108,"properties":{"id":108,"ha":35.5,"acres":88.0,"soil":"Clarion loam, Bemis moraine, 2 to 6 percent slopes","cell":"42.07229_-93.79411","lon":-93.78912,"lat":42.07544,"n":38},"geometry":{"type":"MultiPolygon","coordinates":[[[[-93.79558,42.07455],[-93.79558,42.07518],[-93.7954,42.07536],[-93.7954,42.07781],[-93.79434,42.07779],[-93.79414,42.07796],[-93.78918,42.07796],[-93.7885,42.07761],[-93.78658,42.0776],[-93.78598,42.076],[-93.78494,42.07522],[-93.78442,42.07444],[-93.78318,42.07437],[-93.78306,42.07407],[-93.78241,42.07378],[-93.78196,42.0734],[-93.78196,42.07284],[-93.78223,42.07268],[-93.78223,42.07202],[-93.7819,42.07181],[-93.78172,42.0715],[-93.7821,42.07147],[-93.78223,42.07132],[-93.78327,42.07132],[-93.78329,42.07264],[-93.78347,42.07275],[-93.78417,42.07275],[-93.78438,42.07259],[-93.7844,42.07132],[-93.78579,42.07132],[-93.78579,42.07473],[-93.78596,42.0749],[-93.7925,42.07491],[-93.79298,42.07455],[-93.79558,42.07455]]]]}},{"type":"Feature","id":109,"properties":{"id":109,"ha":34.7,"acres":86.0,"soil":"Clarion loam, Bemis moraine, 2 to 6 percent slopes","cell":"42.05229_-93.75781","lon":-93.76168,"lat":42.0542,"n":35},"geometry":{"type":"MultiPolygon","coordinates":[[[[-93.77172,42.05631],[-93.76932,42.05622],[-93.76892,42.05631],[-93.76705,42.05631],[-93.7669,42.05606],[-93.76618,42.05604],[-93.76598,42.05612],[-93.76593,42.05631],[-93.75736,42.05631],[-93.75726,42.05443],[-93.75747,42.05436],[-93.75752,42.05416],[-93.75779,42.05398],[-93.75779,42.04958],[-93.75848,42.04958],[-93.75852,42.04977],[-93.75894,42.05009],[-93.75974,42.05012],[-93.75981,42.05033],[-93.7601,42.05039],[-93.7601,42.05065],[-93.75983,42.0508],[-93.75983,42.05148],[-93.7601,42.05164],[-93.76011,42.05214],[-93.76036,42.05227],[-93.76047,42.0526],[-93.76237,42.05263],[-93.76274,42.0529],[-93.76441,42.0529],[-93.76444,42.05343],[-93.76468,42.05353],[-93.7648,42.05378],[-93.76533,42.0538],[-93.76541,42.05432],[-93.76567,42.05443],[-93.76568,42.05495],[-93.76629,42.05532],[-93.7664,42.05566],[-93.76898,42.05568],[-93.76942,42.05542],[-93.77064,42.05542],[-93.77103,42.05599],[-93.77172,42.05631]]]]}},{"type":"Feature","id":110,"properties":{"id":110,"ha":34.5,"acres":85.0,"soil":"Clarion loam, Bemis moraine, 2 to 6 percent slopes","cell":"42.04229_-93.73361","lon":-93.73864,"lat":42.04649,"n":39},"geometry":{"type":"MultiPolygon","coordinates":[[[[-93.74357,42.04904],[-93.74315,42.04904],[-93.74293,42.04886],[-93.741,42.04886],[-93.74096,42.0484],[-93.74048,42.04823],[-93.73947,42.04825],[-93.73886,42.04886],[-93.73684,42.04895],[-93.73668,42.04891],[-93.73664,42.04858],[-93.73644,42.0485],[-93.73545,42.04851],[-93.7353,42.04886],[-93.73417,42.04886],[-93.73399,42.04844],[-93.7339,42.04347],[-93.73377,42.04331],[-93.7361,42.04355],[-93.73642,42.04392],[-93.73739,42.04391],[-93.73758,42.04374],[-93.73795,42.04374],[-93.73899,42.04385],[-93.73901,42.04409],[-93.7392,42.04419],[-93.74051,42.04419],[-93.74072,42.04408],[-93.74289,42.04428],[-93.7424,42.0446],[-93.7424,42.04528],[-93.74267,42.04544],[-93.74267,42.04614],[-93.7424,42.04636],[-93.74267,42.04658],[-93.74274,42.04701],[-93.74333,42.04706],[-93.7433,42.04808],[-93.74363,42.04823],[-93.74357,42.04904]]]]}},{"type":"Feature","id":111,"properties":{"id":111,"ha":35.9,"acres":89.0,"soil":"Nicollet loam, 1 to 3 percent slopes","cell":"42.08229_-93.61261","lon":-93.61247,"lat":42.08344,"n":41},"geometry":{"type":"MultiPolygon","coordinates":[[[[-93.62016,42.08418],[-93.62006,42.08489],[-93.6195,42.08491],[-93.61935,42.08512],[-93.61921,42.08501],[-93.61918,42.08445],[-93.6187,42.08426],[-93.61846,42.08441],[-93.61845,42.08516],[-93.61507,42.08516],[-93.61456,42.08489],[-93.60627,42.08489],[-93.60636,42.08157],[-93.61288,42.08157],[-93.61299,42.08181],[-93.61342,42.08184],[-93.61346,42.08202],[-93.61389,42.08237],[-93.61644,42.08238],[-93.61765,42.08246],[-93.61865,42.08273],[-93.61953,42.08274],[-93.61998,42.08293],[-93.61998,42.08313],[-93.61983,42.08327],[-93.61912,42.08335],[-93.61909,42.08414],[-93.6193,42.08426],[-93.62016,42.08418]]]]}},{"type":"Feature","id":112,"properties":{"id":112,"ha":34.2,"acres":85.0,"soil":"Nicollet loam, 1 to 3 percent slopes","cell":"41.96229_-93.60051","lon":-93.60653,"lat":41.96177,"n":43},"geometry":{"type":"MultiPolygon","coordinates":[[[[-93.60961,41.95773],[-93.60961,41.95886],[-93.60943,41.95903],[-93.6095,41.96478],[-93.60407,41.96487],[-93.60403,41.96468],[-93.60385,41.9646],[-93.60157,41.9646],[-93.60173,41.96437],[-93.6017,41.96398],[-93.60136,41.96355],[-93.60084,41.96352],[-93.60084,41.96241],[-93.60118,41.96262],[-93.60224,41.96263],[-93.60224,41.9629],[-93.60188,41.96306],[-93.60189,41.96374],[-93.60208,41.96388],[-93.60292,41.96383],[-93.60327,41.96299],[-93.60439,41.96299],[-93.60459,41.96288],[-93.60455,41.96206],[-93.60362,41.962],[-93.60357,41.96171],[-93.60299,41.96137],[-93.60394,41.96129],[-93.60398,41.96062],[-93.60375,41.96047],[-93.60421,41.96012],[-93.60425,41.95984],[-93.6044,41.95984],[-93.60448,41.96016],[-93.60413,41.96088],[-93.60416,41.96127],[-93.60437,41.96137],[-93.60504,41.96137],[-93.60521,41.96127],[-93.60524,41.95786],[-93.60547,41.95778],[-93.60569,41.95795],[-93.60886,41.95796],[-93.60961,41.95773]]]]}},{"type":"Feature","id":113,"properties":{"id":113,"ha":36.1,"acres":89.0,"soil":"Clarion loam, Bemis moraine, 2 to 6 percent slopes","cell":"41.97229_-93.76991","lon":-93.76972,"lat":41.97645,"n":41},"geometry":{"type":"MultiPolygon","coordinates":[[[[-93.77363,41.97951],[-93.7676,41.97951],[-93.76741,41.97926],[-93.76667,41.97924],[-93.76667,41.97269],[-93.77112,41.97269],[-93.77112,41.97296],[-93.77086,41.97312],[-93.7709,41.97513],[-93.77129,41.97546],[-93.77313,41.97547],[-93.77349,41.97581],[-93.77412,41.97583],[-93.77427,41.97598],[-93.77427,41.9761],[-93.77363,41.97611],[-93.77346,41.97626],[-93.77346,41.97907],[-93.77363,41.97951]]]]}},{"type":"Feature","id":114,"properties":{"id":114,"ha":36.1,"acres":89.0,"soil":"Webster clay loam, Bemis moraine, 0 to 2 percent slopes","cell":"42.07229_-93.70941","lon":-93.7065,"lat":42.07608,"n":37},"geometry":{"type":"MultiPolygon","coordinates":[[[[-93.71293,42.07778],[-93.71014,42.07778],[-93.70886,42.0776],[-93.70146,42.07769],[-93.70111,42.07745],[-93.70138,42.07719],[-93.70138,42.0766],[-93.70103,42.07621],[-93.69922,42.07614],[-93.69922,42.07455],[-93.70919,42.07455],[-93.7101,42.07473],[-93.71281,42.07473],[-93.71293,42.07481],[-93.71293,42.07778]]]]}},{"type":"Feature","id":115,"properties":{"id":115,"ha":36.3,"acres":90.0,"soil":"Clarion loam, Bemis moraine, 2 to 6 percent slopes","cell":"42.00229_-93.76991","lon":-93.77228,"lat":42.00159,"n":38},"geometry":{"type":"MultiPolygon","coordinates":[[[[-93.77624,42.00431],[-93.77224,42.00431],[-93.77222,42.00406],[-93.77202,42.00395],[-93.76819,42.00395],[-93.76819,42.00314],[-93.76852,42.00305],[-93.76855,42.00258],[-93.76838,42.00243],[-93.76792,42.00242],[-93.76792,42.00215],[-93.76838,42.00215],[-93.76854,42.00203],[-93.76855,42.00045],[-93.76844,42.0003],[-93.76819,42.00027],[-93.76819,41.99901],[-93.77597,41.99901],[-93.77598,42.00046],[-93.77615,42.00062],[-93.77615,42.00131],[-93.77605,42.00152],[-93.77558,42.00159],[-93.77553,42.00188],[-93.77567,42.00205],[-93.77605,42.00206],[-93.77624,42.00245],[-93.77624,42.00431]]]]}},{"type":"Feature","id":116,"properties":{"id":116,"ha":35.0,"acres":86.0,"soil":"Harps clay loam, Bemis moraine, 0 to 2 percent slopes","cell":"42.08229_-93.64891","lon":-93.64431,"lat":42.08111,"n":39},"geometry":{"type":"MultiPolygon","coordinates":[[[[-93.64924,42.07832],[-93.64924,42.08138],[-93.64535,42.08138],[-93.64496,42.08149],[-93.64448,42.08308],[-93.64448,42.08373],[-93.6446,42.08406],[-93.64484,42.08424],[-93.64484,42.08479],[-93.64455,42.08484],[-93.64448,42.08506],[-93.64098,42.08515],[-93.64074,42.08506],[-93.64073,42.08429],[-93.64038,42.08416],[-93.64038,42.08404],[-93.64053,42.08389],[-93.6412,42.08385],[-93.64137,42.08337],[-93.64127,42.08177],[-93.64111,42.08165],[-93.64069,42.08165],[-93.64065,42.08153],[-93.64065,42.07948],[-93.64118,42.07895],[-93.64242,42.07893],[-93.64317,42.07814],[-93.64535,42.07841],[-93.64924,42.07832]]]]}},{"type":"Feature","id":117,"properties":{"id":117,"ha":35.0,"acres":86.0,"soil":"Clarion loam, Bemis moraine, 2 to 6 percent slopes","cell":"42.07229_-93.54001","lon":-93.53457,"lat":42.06765,"n":44},"geometry":{"type":"MultiPolygon","coordinates":[[[[-93.53782,42.06989],[-93.53045,42.0698],[-93.53043,42.0654],[-93.53185,42.06538],[-93.53198,42.06477],[-93.53574,42.06477],[-93.53626,42.06504],[-93.53626,42.06676],[-93.53664,42.06726],[-93.53726,42.06726],[-93.53737,42.06693],[-93.53841,42.06693],[-93.53843,42.06717],[-93.53861,42.06728],[-93.54066,42.06729],[-93.54066,42.06755],[-93.53987,42.06756],[-93.53968,42.06768],[-93.53967,42.0698],[-93.538,42.0698],[-93.53782,42.06989]]]]}},{"type":"Feature","id":118,"properties":{"id":118,"ha":34.1,"acres":84.0,"soil":"Webster clay loam, Bemis moraine, 0 to 2 percent slopes","cell":"41.93229_-93.58841","lon":-93.58734,"lat":41.9323,"n":42},"geometry":{"type":"MultiPolygon","coordinates":[[[[-93.59038,41.93216],[-93.59029,41.93541],[-93.58866,41.93541],[-93.58799,41.93534],[-93.58797,41.9348],[-93.58752,41.93445],[-93.58674,41.93442],[-93.58627,41.93462],[-93.58625,41.93535],[-93.5843,41.93541],[-93.58417,41.93387],[-93.58335,41.93343],[-93.58265,41.93344],[-93.58248,41.93379],[-93.5819,41.93379],[-93.58143,41.93352],[-93.58143,41.93235],[-93.58472,41.93235],[-93.58492,41.93253],[-93.5855,41.93248],[-93.58583,41.9321],[-93.58574,41.93011],[-93.5862,41.9301],[-93.58637,41.92995],[-93.58637,41.92928],[-93.58619,41.92913],[-93.58621,41.92885],[-93.59074,41.92889],[-93.59074,41.93199],[-93.59038,41.93216]]]]}},{"type":"Feature","id":119,"properties":{"id":119,"ha":34.9,"acres":86.0,"soil":"Harps clay loam, Bemis moraine, 0 to 2 percent slopes","cell":"41.96229_-93.69731","lon":-93.69522,"lat":41.96093,"n":37},"geometry":{"type":"MultiPolygon","coordinates":[[[[-93.69747,41.96367],[-93.69754,41.96469],[-93.69363,41.96469],[-93.69358,41.96422],[-93.69273,41.96415],[-93.69263,41.96373],[-93.69246,41.96362],[-93.69246,41.95858],[-93.69299,41.95847],[-93.693,41.95763],[-93.69319,41.95733],[-93.69465,41.95742],[-93.69486,41.95733],[-93.69669,41.95729],[-93.69675,41.95688],[-93.69635,41.95679],[-93.69642,41.95607],[-93.69686,41.95635],[-93.69698,41.95699],[-93.69746,41.95706],[-93.69747,41.95783],[-93.69782,41.95796],[-93.69782,41.96352],[-93.69747,41.96367]]]]}},{"type":"Feature","id":120,"properties":{"id":120,"ha":34.3,"acres":85.0,"soil":"Storden loam, Bemis moraine, 6 to 10 percent slopes, moderately eroded","cell":"41.94229_-93.76991","lon":-93.76389,"lat":41.94605,"n":46},"geometry":{"type":"MultiPolygon","coordinates":[[[[-93.76168,41.94574],[-93.76189,41.94561],[-93.76189,41.94522],[-93.76171,41.94511],[-93.76128,41.94511],[-93.76128,41.94497],[-93.7619,41.94369],[-93.7619,41.9417],[-93.76331,41.9417],[-93.76348,41.94196],[-93.76454,41.94197],[-93.76474,41.94189],[-93.76478,41.9417],[-93.76596,41.9417],[-93.76618,41.94186],[-93.76618,41.94726],[-93.76582,41.94743],[-93.76582,41.94933],[-93.76618,41.94955],[-93.76618,41.95011],[-93.7654,41.95032],[-93.76163,41.95032],[-93.76163,41.94806],[-93.76128,41.94789],[-93.76128,41.94763],[-93.76162,41.9475],[-93.76163,41.94652],[-93.7619,41.94622],[-93.76189,41.94587],[-93.76168,41.94574]]]]}},{"type":"Feature","id":121,"properties":{"id":121,"ha":33.0,"acres":81.0,"soil":"Nicollet loam, 1 to 3 percent slopes","cell":"42.00229_-93.76991","lon":-93.77026,"lat":42.00637,"n":36},"geometry":{"type":"MultiPolygon","coordinates":[[[[-93.77624,42.0053],[-93.77624,42.00844],[-93.77074,42.00844],[-93.77049,42.00862],[-93.76694,42.00862],[-93.76693,42.00796],[-93.76675,42.00781],[-93.76715,42.0078],[-93.76729,42.00765],[-93.76729,42.00575],[-93.76718,42.00557],[-93.77013,42.00557],[-93.77031,42.00549],[-93.77035,42.0053],[-93.77624,42.0053]]],[[[-93.76681,42.00523],[-93.76442,42.00521],[-93.76423,42.00494],[-93.76262,42.00494],[-93.76253,42.00384],[-93.76235,42.0035],[-93.76342,42.0035],[-93.76403,42.00339],[-93.76415,42.0032],[-93.76465,42.00314],[-93.76618,42.00314],[-93.76631,42.00339],[-93.76681,42.00341],[-93.76681,42.00523]]]]}},{"type":"Feature","id":122,"properties":{"id":122,"ha":30.8,"acres":76.0,"soil":"Webster clay loam, Bemis moraine, 0 to 2 percent slopes","cell":"42.11229_-93.62471","lon":-93.62661,"lat":42.11002,"n":42},"geometry":{"type":"MultiPolygon","coordinates":[[[[-93.62993,42.1079],[-93.63002,42.1139],[-93.62736,42.1139],[-93.62716,42.11372],[-93.62566,42.11372],[-93.62547,42.11362],[-93.62547,42.11327],[-93.62583,42.11312],[-93.62583,42.11237],[-93.62598,42.11237],[-93.62607,42.11323],[-93.6268,42.11326],[-93.627,42.11311],[-93.62699,42.11277],[-93.62673,42.11264],[-93.62673,42.11237],[-93.627,42.11221],[-93.627,42.11091],[-93.62673,42.11075],[-93.62673,42.10876],[-93.62646,42.10845],[-93.62646,42.10723],[-93.62633,42.10709],[-93.6297,42.10707],[-93.62993,42.1079]]],[[[-93.62598,42.11138],[-93.62556,42.11138],[-93.62556,42.11063],[-93.6253,42.11031],[-93.62158,42.1103],[-93.62103,42.11019],[-93.62116,42.11003],[-93.62116,42.10797],[-93.62149,42.10779],[-93.62179,42.10707],[-93.6222,42.10707],[-93.6224,42.10725],[-93.62292,42.10725],[-93.62293,42.10793],[-93.62339,42.10832],[-93.62469,42.10831],[-93.625,42.10756],[-93.62516,42.10769],[-93.62562,42.1077],[-93.62562,42.11095],[-93.62598,42.11111],[-93.62598,42.11138]]]]}},{"type":"Feature","id":123,"properties":{"id":123,"ha":33.6,"acres":83.0,"soil":"Clarion loam, Bemis moraine, 6 to 10 percent slopes, moderately eroded","cell":"41.93229_-93.50371","lon":-93.50928,"lat":41.931,"n":41},"geometry":{"type":"MultiPolygon","coordinates":[[[[-93.51152,41.92713],[-93.51161,41.93522],[-93.50733,41.93527],[-93.50733,41.93202],[-93.50766,41.9318],[-93.50769,41.93153],[-93.50754,41.93137],[-93.50715,41.93135],[-93.50715,41.93063],[-93.50733,41.93046],[-93.50732,41.92817],[-93.50711,41.92803],[-93.50517,41.92803],[-93.50538,41.92713],[-93.50873,41.92713],[-93.5089,41.92705],[-93.50894,41.92686],[-93.50909,41.92686],[-93.50913,41.92705],[-93.50931,41.92713],[-93.51152,41.92713]]]]}},{"type":"Feature","id":124,"properties":{"id":124,"ha":33.3,"acres":82.0,"soil":"Clarion loam, Bemis moraine, 2 to 6 percent slopes","cell":"42.07229_-93.76991","lon":-93.77163,"lat":42.06762,"n":34},"geometry":{"type":"MultiPolygon","coordinates":[[[[-93.77541,42.0662],[-93.77507,42.06621],[-93.77492,42.06636],[-93.77492,42.06918],[-93.77505,42.06932],[-93.7753,42.06934],[-93.77469,42.06951],[-93.77465,42.07006],[-93.77506,42.07058],[-93.77501,42.07078],[-93.77321,42.07078],[-93.77323,42.07035],[-93.77269,42.06988],[-93.77165,42.06989],[-93.7715,42.07024],[-93.7683,42.07024],[-93.76825,42.06994],[-93.76795,42.06988],[-93.76795,42.06808],[-93.7683,42.06792],[-93.76822,42.06588],[-93.76893,42.06467],[-93.76935,42.06467],[-93.76939,42.06486],[-93.76957,42.06494],[-93.77528,42.06492],[-93.77503,42.06514],[-93.77501,42.0654],[-93.77528,42.06557],[-93.77541,42.0662]]]]}},{"type":"Feature","id":125,"properties":{"id":125,"ha":32.1,"acres":79.0,"soil":"Zook silty clay loam, 0 to 2 percent slopes, occasionally flooded","cell":"41.99229_-93.57631","lon":-93.57437,"lat":41.99093,"n":40},"geometry":{"type":"MultiPolygon","coordinates":[[[[-93.58059,41.99461],[-93.58041,41.99433],[-93.58016,41.99416],[-93.58059,41.99416],[-93.58059,41.99461]]],[[[-93.57928,41.99398],[-93.57899,41.99362],[-93.57616,41.99362],[-93.57595,41.99371],[-93.57456,41.99372],[-93.57439,41.99398],[-93.57164,41.994],[-93.57137,41.98805],[-93.57164,41.98789],[-93.57164,41.98616],[-93.57179,41.98616],[-93.57186,41.98674],[-93.57261,41.98688],[-93.5746,41.98688],[-93.57506,41.98675],[-93.57514,41.98654],[-93.57556,41.98672],[-93.57556,41.98754],[-93.57493,41.98785],[-93.57495,41.99108],[-93.57515,41.99119],[-93.57685,41.99119],[-93.57712,41.99146],[-93.57933,41.99146],[-93.57928,41.99398]]]]}},{"type":"Feature","id":126,"properties":{"id":126,"ha":32.2,"acres":80.0,"soil":"Canisteo clay loam, Bemis moraine, 0 to 2 percent slopes","cell":"42.09229_-93.64891","lon":-93.6548,"lat":42.08978,"n":37},"geometry":{"type":"MultiPolygon","coordinates":[[[[-93.65862,42.09039],[-93.65877,42.09059],[-93.65869,42.09225],[-93.64982,42.09216],[-93.64991,42.08908],[-93.65418,42.08908],[-93.65466,42.08878],[-93.65467,42.08731],[-93.65551,42.08724],[-93.65557,42.08641],[-93.65576,42.08632],[-93.65658,42.0863],[-93.65673,42.08605],[-93.65818,42.08604],[-93.65835,42.08578],[-93.65863,42.08578],[-93.65897,42.08606],[-93.65896,42.08632],[-93.65862,42.08634],[-93.6585,42.0865],[-93.6585,42.08786],[-93.65877,42.0885],[-93.65877,42.08946],[-93.65683,42.08946],[-93.65611,42.08957],[-93.65598,42.08971],[-93.65598,42.09056],[-93.6562,42.09072],[-93.6584,42.09072],[-93.65859,42.09062],[-93.65862,42.09039]]]]}},{"type":"Feature","id":127,"properties":{"id":127,"ha":32.9,"acres":81.0,"soil":"Nicollet clay loam, 1 to 3 percent slopes","cell":"42.12229_-93.54001","lon":-93.53654,"lat":42.11787,"n":39},"geometry":{"type":"MultiPolygon","coordinates":[[[[-93.54057,42.11579],[-93.54054,42.12049],[-93.53985,42.12082],[-93.53827,42.12082],[-93.5381,42.12047],[-93.53671,42.12046],[-93.53673,42.1197],[-93.53619,42.11921],[-93.53502,42.11924],[-93.53492,42.11979],[-93.53457,42.11957],[-93.53324,42.11957],[-93.53317,42.11863],[-93.53184,42.11858],[-93.53162,42.11841],[-93.53162,42.11579],[-93.53244,42.11579],[-93.53261,42.11553],[-93.53302,42.11553],[-93.53307,42.11571],[-93.53327,42.11579],[-93.54057,42.11579]]]]}},{"type":"Feature","id":128,"properties":{"id":128,"ha":31.7,"acres":78.0,"soil":"Nicollet loam, 1 to 3 percent slopes","cell":"41.96229_-93.75781","lon":-93.75912,"lat":41.96092,"n":39},"geometry":{"type":"MultiPolygon","coordinates":[[[[-93.76241,41.95924],[-93.76137,41.95921],[-93.76116,41.95936],[-93.76142,41.95984],[-93.76126,41.95995],[-93.76115,41.96038],[-93.76124,41.96487],[-93.75686,41.96482],[-93.75687,41.95796],[-93.75743,41.9579],[-93.7575,41.95751],[-93.75733,41.95733],[-93.75678,41.95733],[-93.75685,41.9567],[-93.75718,41.9567],[-93.75785,41.95705],[-93.75953,41.95706],[-93.75974,41.95691],[-93.75972,41.95643],[-93.76016,41.95643],[-93.76018,41.95722],[-93.76079,41.9576],[-93.76002,41.95762],[-93.75992,41.95795],[-93.76011,41.95804],[-93.76151,41.95804],[-93.76187,41.95778],[-93.76241,41.95829],[-93.76241,41.95924]]],[[[-93.76223,41.95742],[-93.7623,41.95735],[-93.76234,41.95742],[-93.76223,41.95742]]]]}},{"type":"Feature","id":129,"properties":{"id":129,"ha":32.8,"acres":81.0,"soil":"Clarion loam, 2 to 6 percent slopes","cell":"42.08229_-93.57631","lon":-93.57801,"lat":42.08292,"n":40},"geometry":{"type":"MultiPolygon","coordinates":[[[[-93.58096,42.08085],[-93.58102,42.08525],[-93.58073,42.0854],[-93.58077,42.08644],[-93.58064,42.08678],[-93.57848,42.08678],[-93.57822,42.08652],[-93.57796,42.08565],[-93.5778,42.08553],[-93.57562,42.08552],[-93.57519,42.08502],[-93.57519,42.08274],[-93.57546,42.08257],[-93.57546,42.0813],[-93.57515,42.08112],[-93.5751,42.08092],[-93.57519,42.07932],[-93.57554,42.0792],[-93.57555,42.07834],[-93.5765,42.07833],[-93.5766,42.07911],[-93.57697,42.07956],[-93.57841,42.07959],[-93.57886,42.08082],[-93.58096,42.08085]]]]}},{"type":"Feature","id":130,"properties":{"id":130,"ha":32.4,"acres":80.0,"soil":"Clarion loam, Bemis moraine, 6 to 10 percent slopes, moderately eroded","cell":"41.94229_-93.61261","lon":-93.61477,"lat":41.94563,"n":43},"geometry":{"type":"MultiPolygon","coordinates":[[[[-93.61303,41.94871],[-93.61284,41.94861],[-93.61054,41.94855],[-93.61054,41.94825],[-93.61086,41.94818],[-93.61113,41.94755],[-93.61178,41.94716],[-93.6118,41.94646],[-93.61162,41.94628],[-93.61088,41.94628],[-93.6107,41.94639],[-93.61068,41.94664],[-93.61054,41.94664],[-93.61054,41.94358],[-93.61619,41.94358],[-93.6173,41.94367],[-93.61756,41.94358],[-93.62012,41.94358],[-93.62012,41.94412],[-93.61976,41.94428],[-93.61976,41.94641],[-93.61959,41.94664],[-93.61524,41.94665],[-93.61473,41.94705],[-93.61473,41.94879],[-93.61303,41.94871]]]]}},{"type":"Feature","id":131,"properties":{"id":131,"ha":29.5,"acres":73.0,"soil":"Zook silty clay loam, 0 to 2 percent slopes, occasionally flooded","cell":"41.92229_-93.55211","lon":-93.55598,"lat":41.92528,"n":38},"geometry":{"type":"MultiPolygon","coordinates":[[[[-93.55925,41.92677],[-93.55903,41.92659],[-93.55599,41.92654],[-93.55535,41.92711],[-93.55535,41.92841],[-93.55562,41.92866],[-93.55485,41.92866],[-93.55463,41.92848],[-93.55131,41.92848],[-93.55102,41.92842],[-93.5509,41.92818],[-93.55107,41.92796],[-93.55107,41.92668],[-93.55106,41.92643],[-93.5509,41.92633],[-93.5509,41.92549],[-93.5513,41.92516],[-93.55165,41.92509],[-93.5517,41.92471],[-93.55193,41.92471],[-93.55224,41.92524],[-93.55243,41.92534],[-93.55304,41.92516],[-93.55423,41.92534],[-93.55449,41.92516],[-93.55514,41.92516],[-93.55547,41.92533],[-93.55715,41.92533],[-93.5576,41.92507],[-93.55763,41.9246],[-93.55736,41.92388],[-93.55736,41.92047],[-93.55798,41.92],[-93.55799,41.9191],[-93.55814,41.91921],[-93.55814,41.92014],[-93.55841,41.92045],[-93.55845,41.92112],[-93.56002,41.92124],[-93.55994,41.92223],[-93.55967,41.92264],[-93.55978,41.92299],[-93.56002,41.92317],[-93.55993,41.92677],[-93.55925,41.92677]]]]}},{"type":"Feature","id":132,"properties":{"id":132,"ha":31.3,"acres":77.0,"soil":"Clarion loam, Bemis moraine, 2 to 6 percent slopes","cell":"42.03229_-93.56421","lon":-93.56534,"lat":42.03205,"n":43},"geometry":{"type":"MultiPolygon","coordinates":[[[[-93.56819,42.034],[-93.56711,42.03396],[-93.56688,42.03414],[-93.56037,42.03414],[-93.56034,42.03243],[-93.56067,42.03237],[-93.56099,42.03184],[-93.561,42.03045],[-93.56114,42.03045],[-93.56116,42.0316],[-93.56168,42.03171],[-93.56189,42.03157],[-93.56189,42.03098],[-93.56213,42.0308],[-93.5628,42.03068],[-93.56313,42.03035],[-93.56315,42.0301],[-93.56617,42.03009],[-93.56662,42.02983],[-93.5681,42.02982],[-93.56862,42.02947],[-93.56964,42.02953],[-93.56995,42.03031],[-93.57004,42.0315],[-93.56973,42.03203],[-93.56908,42.03234],[-93.56879,42.03326],[-93.56819,42.034]]]]}},{"type":"Feature","id":133,"properties":{"id":133,"ha":32.2,"acres":79.0,"soil":"Coland clay loam, 0 to 2 percent slopes, occasionally flooded","cell":"42.04229_-93.60051","lon":-93.59747,"lat":42.04225,"n":41},"geometry":{"type":"MultiPolygon","coordinates":[[[[-93.59824,42.04537],[-93.59586,42.04528],[-93.59495,42.04491],[-93.59504,42.04416],[-93.59468,42.04402],[-93.59441,42.04308],[-93.59423,42.04159],[-93.59423,42.03986],[-93.59456,42.03953],[-93.59602,42.03952],[-93.59621,42.03926],[-93.59945,42.03926],[-93.60006,42.03933],[-93.60022,42.0395],[-93.60022,42.04064],[-93.60049,42.04079],[-93.60049,42.04519],[-93.59846,42.04519],[-93.59824,42.04537]]]]}},{"type":"Feature","id":134,"properties":{"id":134,"ha":29.7,"acres":73.0,"soil":"Harps clay loam, Bemis moraine, 0 to 2 percent slopes","cell":"42.00229_-93.75781","lon":-93.76175,"lat":42.00638,"n":36},"geometry":{"type":"MultiPolygon","coordinates":[[[[-93.75876,42.00837],[-93.75876,42.00734],[-93.75846,42.00692],[-93.75827,42.00682],[-93.75746,42.00682],[-93.75741,42.00663],[-93.75741,42.00521],[-93.75827,42.0053],[-93.75849,42.00512],[-93.75844,42.00437],[-93.75796,42.00405],[-93.75741,42.00413],[-93.7575,42.00278],[-93.75968,42.00287],[-93.76016,42.00315],[-93.76017,42.00513],[-93.76031,42.00528],[-93.76394,42.0053],[-93.76413,42.00556],[-93.76657,42.00557],[-93.76681,42.00581],[-93.76681,42.00745],[-93.76635,42.00746],[-93.76618,42.00761],[-93.7662,42.00797],[-93.76645,42.00811],[-93.76645,42.00862],[-93.76214,42.00862],[-93.76017,42.00835],[-93.75876,42.00837]]],[[[-93.75859,42.0087],[-93.75864,42.00871],[-93.75854,42.00871],[-93.75859,42.0087]]]]}},{"type":"Feature","id":135,"properties":{"id":135,"ha":31.4,"acres":78.0,"soil":"Okoboji mucky silt loam, 0 to 1 percent slopes","cell":"41.95229_-93.73361","lon":-93.73202,"lat":41.95584,"n":39},"geometry":{"type":"MultiPolygon","coordinates":[[[[-93.72741,41.95467],[-93.72769,41.95418],[-93.72973,41.95418],[-93.72992,41.95391],[-93.73663,41.95391],[-93.73663,41.9567],[-93.73636,41.95684],[-93.73636,41.95768],[-93.72878,41.95769],[-93.72858,41.95777],[-93.72854,41.95795],[-93.72741,41.95795],[-93.72741,41.95467]]]]}},{"type":"Feature","id":136,"properties":{"id":136,"ha":30.9,"acres":76.0,"soil":"Clarion loam, Bemis moraine, 6 to 10 percent slopes, moderately eroded","cell":"42.06229_-93.78201","lon":-93.77888,"lat":42.06086,"n":38},"geometry":{"type":"MultiPolygon","coordinates":[[[[-93.78112,42.05685],[-93.78112,42.06215],[-93.78085,42.06232],[-93.78085,42.06476],[-93.78048,42.06458],[-93.77918,42.06458],[-93.77844,42.06505],[-93.7779,42.06521],[-93.77675,42.06521],[-93.77675,42.05936],[-93.77693,42.05921],[-93.77693,42.05691],[-93.78112,42.05685]]]]}},{"type":"Feature","id":137,"properties":{"id":137,"ha":30.0,"acres":74.0,"soil":"Clarion loam, Bemis moraine, 2 to 6 percent slopes","cell":"41.96229_-93.62471","lon":-93.62298,"lat":41.95922,"n":40},"geometry":{"type":"MultiPolygon","coordinates":[[[[-93.62272,41.9558],[-93.6229,41.9558],[-93.62303,41.95641],[-93.62497,41.95643],[-93.62569,41.95672],[-93.62574,41.95699],[-93.62605,41.95706],[-93.62605,41.95968],[-93.62632,41.95984],[-93.62632,41.96086],[-93.62617,41.96101],[-93.62461,41.96105],[-93.62452,41.962],[-93.62423,41.96205],[-93.62416,41.96227],[-93.62291,41.96227],[-93.62239,41.96272],[-93.62133,41.96272],[-93.62119,41.96172],[-93.61997,41.9611],[-93.61997,41.95957],[-93.62024,41.95941],[-93.62024,41.95813],[-93.61997,41.95795],[-93.61997,41.95655],[-93.62038,41.95643],[-93.62261,41.95641],[-93.62275,41.95627],[-93.62272,41.9558]]]]}},{"type":"Feature","id":138,"properties":{"id":138,"ha":28.0,"acres":69.0,"soil":"Webster clay loam, Bemis moraine, 0 to 2 percent slopes","cell":"41.96229_-93.61261","lon":-93.61557,"lat":41.9577,"n":42},"geometry":{"type":"MultiPolygon","coordinates":[[[[-93.61931,41.96146],[-93.61912,41.96137],[-93.61807,41.96137],[-93.61789,41.96148],[-93.61787,41.96173],[-93.61772,41.96173],[-93.61772,41.96137],[-93.61808,41.96122],[-93.61794,41.96084],[-93.61461,41.96077],[-93.61458,41.96038],[-93.61501,41.96009],[-93.61521,41.95941],[-93.61519,41.95896],[-93.61494,41.95885],[-93.61492,41.9578],[-93.61437,41.9576],[-93.61117,41.9576],[-93.61116,41.95684],[-93.6109,41.9567],[-93.6109,41.95434],[-93.61068,41.95418],[-93.61225,41.95422],[-93.61275,41.95522],[-93.61303,41.95535],[-93.61418,41.95541],[-93.61433,41.95582],[-93.61489,41.95606],[-93.61913,41.95589],[-93.61922,41.95834],[-93.61885,41.95858],[-93.61807,41.95861],[-93.61796,41.95903],[-93.61834,41.95954],[-93.61913,41.95957],[-93.61931,41.96146]]]]}},{"type":"Feature","id":139,"properties":{"id":139,"ha":29.8,"acres":74.0,"soil":"Clarion loam, Bemis moraine, 6 to 10 percent slopes, moderately eroded","cell":"41.92229_-93.57631","lon":-93.57558,"lat":41.92671,"n":43},"geometry":{"type":"MultiPolygon","coordinates":[[[[-93.58059,41.92508],[-93.58059,41.92687],[-93.58032,41.92704],[-93.58032,41.92849],[-93.57964,41.92849],[-93.5796,41.9283],[-93.57939,41.92822],[-93.57614,41.92822],[-93.57547,41.92849],[-93.57302,41.92849],[-93.57281,41.92858],[-93.57098,41.92858],[-93.57083,41.92836],[-93.57074,41.92508],[-93.5787,41.92508],[-93.5789,41.92497],[-93.57892,41.92472],[-93.57969,41.92472],[-93.57982,41.92506],[-93.58059,41.92508]]]]}},{"type":"Feature","id":140,"properties":{"id":140,"ha":28.9,"acres":72.0,"soil":"Clarion loam, 6 to 10 percent slopes, moderately eroded","cell":"42.10229_-93.56421","lon":-93.56497,"lat":42.10225,"n":42},"geometry":{"type":"MultiPolygon","coordinates":[[[[-93.56647,42.10564],[-93.5654,42.10564],[-93.56539,42.10451],[-93.56482,42.10412],[-93.56192,42.10422],[-93.56127,42.10554],[-93.561,42.10515],[-93.56103,42.10293],[-93.56253,42.10046],[-93.56337,42.09971],[-93.56841,42.09971],[-93.56869,42.1002],[-93.56869,42.10231],[-93.56824,42.1025],[-93.56746,42.10259],[-93.56743,42.10451],[-93.56719,42.10474],[-93.56648,42.10482],[-93.56647,42.10564]]]]}},{"type":"Feature","id":141,"properties":{"id":141,"ha":28.5,"acres":70.0,"soil":"Webster clay loam, Bemis moraine, 0 to 2 percent slopes","cell":"42.04229_-93.74571","lon":-93.74862,"lat":42.04673,"n":39},"geometry":{"type":"MultiPolygon","coordinates":[[[[-93.74645,42.049],[-93.74567,42.04902],[-93.74567,42.04796],[-93.74627,42.04786],[-93.74629,42.0474],[-93.74617,42.04726],[-93.74535,42.04725],[-93.74518,42.0476],[-93.7441,42.04761],[-93.74393,42.04787],[-93.74378,42.04787],[-93.74378,42.04733],[-93.74414,42.04717],[-93.74414,42.04446],[-93.74493,42.04451],[-93.74601,42.04481],[-93.74751,42.04482],[-93.74825,42.04517],[-93.75012,42.04518],[-93.75032,42.04544],[-93.75311,42.04544],[-93.7548,42.04573],[-93.7548,42.04619],[-93.75465,42.04634],[-93.75332,42.0465],[-93.75301,42.0471],[-93.75293,42.04765],[-93.75221,42.04787],[-93.75148,42.0479],[-93.75113,42.04816],[-93.75111,42.04859],[-93.75064,42.04886],[-93.74668,42.04886],[-93.74645,42.049]]]]}},{"type":"Feature","id":142,"properties":{"id":142,"ha":28.2,"acres":70.0,"soil":"Clarion loam, Bemis moraine, 6 to 10 percent slopes","cell":"41.97229_-93.78201","lon":-93.77906,"lat":41.96814,"n":37},"geometry":{"type":"MultiPolygon","coordinates":[[[[-93.77637,41.97233],[-93.77635,41.9655],[-93.78433,41.9655],[-93.78433,41.9661],[-93.78409,41.96622],[-93.78397,41.96656],[-93.78397,41.9673],[-93.78106,41.96731],[-93.78056,41.96779],[-93.78056,41.96855],[-93.77988,41.96856],[-93.77969,41.96865],[-93.77966,41.96954],[-93.7792,41.96955],[-93.77903,41.96971],[-93.77906,41.97044],[-93.77966,41.97053],[-93.7793,41.97095],[-93.7793,41.97218],[-93.77915,41.97233],[-93.77637,41.97233]]]]}},{"type":"Feature","id":143,"properties":{"id":143,"ha":28.0,"acres":69.0,"soil":"Nicollet loam, 1 to 3 percent slopes","cell":"42.04229_-93.75781","lon":-93.75957,"lat":42.03933,"n":38},"geometry":{"type":"MultiPolygon","coordinates":[[[[-93.76162,42.04169],[-93.76083,42.04167],[-93.76064,42.04183],[-93.76064,42.04289],[-93.76126,42.04321],[-93.76126,42.04356],[-93.75734,42.04356],[-93.75734,42.04265],[-93.75779,42.04221],[-93.75779,42.03628],[-93.75769,42.03613],[-93.75743,42.0361],[-93.75743,42.03512],[-93.75763,42.03502],[-93.75872,42.03502],[-93.75884,42.0351],[-93.75885,42.03571],[-93.75908,42.03583],[-93.76043,42.03582],[-93.76077,42.03517],[-93.76128,42.03502],[-93.76162,42.0351],[-93.76162,42.04169]]]]}},{"type":"Feature","id":144,"properties":{"id":144,"ha":27.6,"acres":68.0,"soil":"Canisteo clay loam, Bemis moraine, 0 to 2 percent slopes","cell":"41.97229_-93.70941","lon":-93.70835,"lat":41.97577,"n":34},"geometry":{"type":"MultiPolygon","coordinates":[[[[-93.70917,41.97924],[-93.70895,41.97878],[-93.70863,41.97871],[-93.70872,41.97812],[-93.70836,41.97775],[-93.70832,41.97591],[-93.70812,41.97583],[-93.70585,41.97583],[-93.70568,41.97548],[-93.70423,41.97547],[-93.70422,41.97523],[-93.7039,41.9749],[-93.70348,41.97484],[-93.70333,41.97469],[-93.70333,41.97242],[-93.70469,41.97241],[-93.70486,41.97206],[-93.70501,41.97206],[-93.70503,41.97231],[-93.7052,41.97242],[-93.70752,41.97242],[-93.70752,41.97502],[-93.70767,41.97519],[-93.71264,41.97529],[-93.71264,41.9788],[-93.71282,41.97924],[-93.70917,41.97924]]]]}},{"type":"Feature","id":145,"properties":{"id":145,"ha":28.2,"acres":70.0,"soil":"Nicollet loam, 1 to 3 percent slopes","cell":"41.97229_-93.60051","lon":-93.60482,"lat":41.97461,"n":39},"geometry":{"type":"MultiPolygon","coordinates":[[[[-93.60978,41.97662],[-93.60942,41.97646],[-93.60751,41.97646],[-93.60731,41.97654],[-93.60727,41.97673],[-93.60425,41.97673],[-93.60423,41.97648],[-93.60406,41.97637],[-93.60212,41.97637],[-93.60191,41.97647],[-93.60188,41.97673],[-93.60084,41.97673],[-93.60084,41.9751],[-93.60139,41.97488],[-93.6017,41.97448],[-93.60173,41.97377],[-93.60156,41.97359],[-93.60084,41.97359],[-93.60084,41.97242],[-93.60802,41.97242],[-93.60817,41.97281],[-93.60791,41.97309],[-93.60764,41.97444],[-93.60799,41.97457],[-93.60802,41.97484],[-93.6083,41.975],[-93.6088,41.97502],[-93.60895,41.97519],[-93.60948,41.97525],[-93.60952,41.97632],[-93.60979,41.97646],[-93.60978,41.97662]]]]}},{"type":"Feature","id":146,"properties":{"id":146,"ha":27.4,"acres":68.0,"soil":"Webster clay loam, Bemis moraine, 0 to 2 percent slopes","cell":"42.06229_-93.76991","lon":-93.7694,"lat":42.0599,"n":39},"geometry":{"type":"MultiPolygon","coordinates":[[[[-93.7736,42.05781],[-93.77346,42.0575],[-93.77251,42.05751],[-93.7724,42.05766],[-93.77249,42.05874],[-93.7717,42.05874],[-93.77151,42.05887],[-93.77164,42.06127],[-93.77151,42.06142],[-93.7715,42.0626],[-93.76947,42.06244],[-93.76908,42.06305],[-93.76832,42.06307],[-93.76786,42.0635],[-93.76783,42.0639],[-93.76804,42.0642],[-93.76786,42.06435],[-93.76721,42.06431],[-93.76678,42.06381],[-93.76678,42.0626],[-93.76705,42.06242],[-93.76705,42.05962],[-93.76678,42.05946],[-93.76678,42.0591],[-93.76705,42.05894],[-93.76705,42.05685],[-93.76911,42.05685],[-93.76986,42.05757],[-93.77062,42.05754],[-93.77081,42.05711],[-93.77117,42.05685],[-93.77357,42.05694],[-93.77402,42.05714],[-93.77402,42.05757],[-93.7736,42.05781]]]]}},{"type":"Feature","id":147,"properties":{"id":147,"ha":28.1,"acres":69.0,"soil":"Canisteo clay loam, Bemis moraine, 0 to 2 percent slopes","cell":"42.04229_-93.70941","lon":-93.71314,"lat":42.04687,"n":40},"geometry":{"type":"MultiPolygon","coordinates":[[[[-93.71778,42.04792],[-93.71763,42.04858],[-93.71749,42.04868],[-93.71724,42.0485],[-93.7138,42.0485],[-93.71359,42.04859],[-93.71356,42.04886],[-93.71036,42.04886],[-93.71019,42.04851],[-93.70884,42.0485],[-93.70884,42.04607],[-93.7091,42.04593],[-93.70911,42.04527],[-93.71131,42.04526],[-93.71209,42.04516],[-93.71256,42.04448],[-93.71339,42.04392],[-93.71362,42.04392],[-93.71367,42.04443],[-93.71402,42.04478],[-93.71518,42.04482],[-93.71519,42.04532],[-93.71554,42.04544],[-93.71565,42.04587],[-93.71766,42.0458],[-93.71778,42.04792]]]]}},{"type":"Feature","id":148,"properties":{"id":148,"ha":28.0,"acres":69.0,"soil":"Nicollet loam, 1 to 3 percent slopes","cell":"41.96229_-93.57631","lon":-93.57797,"lat":41.96092,"n":40},"geometry":{"type":"MultiPolygon","coordinates":[[[[-93.58059,41.95796],[-93.58032,41.96001],[-93.58032,41.9621],[-93.5801,41.96227],[-93.5798,41.9623],[-93.57969,41.96245],[-93.57979,41.96375],[-93.58005,41.9642],[-93.58059,41.96424],[-93.58059,41.96487],[-93.57763,41.96487],[-93.57703,41.96455],[-93.577,41.96343],[-93.57634,41.96268],[-93.57604,41.96263],[-93.57603,41.96185],[-93.5755,41.96114],[-93.57541,41.95936],[-93.57502,41.95921],[-93.57477,41.95896],[-93.57456,41.95796],[-93.57524,41.95795],[-93.57541,41.95778],[-93.57769,41.95778],[-93.57802,41.95795],[-93.58059,41.95796]]]]}},{"type":"Feature","id":149,"properties":{"id":149,"ha":28.1,"acres":70.0,"soil":"Nicollet loam, 1 to 3 percent slopes","cell":"41.95229_-93.57631","lon":-93.5756,"lat":41.95234,"n":42},"geometry":{"type":"MultiPolygon","coordinates":[[[[-93.58059,41.95265],[-93.58059,41.95392],[-93.5802,41.95418],[-93.57924,41.95418],[-93.57915,41.9539],[-93.57895,41.95382],[-93.57161,41.95391],[-93.57123,41.95366],[-93.57074,41.95364],[-93.57073,41.95269],[-93.57029,41.95256],[-93.5702,41.95216],[-93.57029,41.95203],[-93.57073,41.9519],[-93.57074,41.95059],[-93.57149,41.95077],[-93.5801,41.95077],[-93.58033,41.95094],[-93.58041,41.95249],[-93.58059,41.95265]]]]}},{"type":"Feature","id":150,"properties":{"id":150,"ha":28.3,"acres":70.0,"soil":"Nicollet loam, 1 to 3 percent slopes","cell":"41.99229_-93.52791","lon":-93.52867,"lat":41.9903,"n":39},"geometry":{"type":"MultiPolygon","coordinates":[[[[-93.53119,41.98822],[-93.53092,41.98856],[-93.53092,41.99202],[-93.53074,41.99224],[-93.53065,41.99388],[-93.52952,41.99388],[-93.5293,41.9937],[-93.52637,41.9937],[-93.52619,41.99052],[-93.52673,41.98983],[-93.52673,41.98881],[-93.52645,41.98867],[-93.52643,41.98724],[-93.52676,41.98693],[-93.52714,41.98687],[-93.53095,41.98687],[-93.53119,41.98822]]]]}},{"type":"Feature","id":151,"properties":{"id":151,"ha":28.1,"acres":69.0,"soil":"Clarion loam, Bemis moraine, 2 to 6 percent slopes","cell":"42.00229_-93.55211","lon":-93.55307,"lat":42.00473,"n":41},"geometry":{"type":"MultiPolygon","coordinates":[[[[-93.55526,42.0043],[-93.55508,42.00448],[-93.55508,42.00575],[-93.55526,42.00605],[-93.55526,42.00834],[-93.55108,42.00834],[-93.55107,42.00599],[-93.55081,42.00582],[-93.55081,42.00313],[-93.55107,42.00298],[-93.55108,42.0011],[-93.55135,42.00061],[-93.55158,42.00061],[-93.55204,42.00124],[-93.55526,42.00127],[-93.55526,42.0043]]]]}},{"type":"Feature","id":152,"properties":{"id":152,"ha":27.2,"acres":67.0,"soil":"Clarion loam, Bemis moraine, 2 to 6 percent slopes","cell":"42.00229_-93.55211","lon":-93.54819,"lat":42.00479,"n":44},"geometry":{"type":"MultiPolygon","coordinates":[[[[-93.55059,42.00807],[-93.54865,42.00771],[-93.54845,42.00784],[-93.54844,42.00834],[-93.54511,42.00834],[-93.54515,42.0078],[-93.54594,42.00777],[-93.54667,42.00701],[-93.54662,42.00652],[-93.54604,42.00645],[-93.54604,42.00367],[-93.54586,42.00319],[-93.54586,42.00151],[-93.54899,42.00151],[-93.54943,42.00088],[-93.54969,42.00088],[-93.54973,42.00116],[-93.55,42.00124],[-93.55,42.00179],[-93.55059,42.00187],[-93.55059,42.00277],[-93.55032,42.00295],[-93.55032,42.006],[-93.55059,42.00618],[-93.55059,42.00807]]]]}},{"type":"Feature","id":153,"properties":{"id":153,"ha":28.0,"acres":69.0,"soil":"Coland clay loam, 0 to 2 percent slopes, occasionally flooded","cell":"41.98229_-93.56421","lon":-93.56284,"lat":41.98312,"n":39},"geometry":{"type":"MultiPolygon","coordinates":[[[[-93.56497,41.98417],[-93.56499,41.98639],[-93.56446,41.9866],[-93.56078,41.9866],[-93.56078,41.98398],[-93.56051,41.98382],[-93.56051,41.98346],[-93.56078,41.98329],[-93.56078,41.98227],[-93.56015,41.98161],[-93.56015,41.9808],[-93.5607,41.97977],[-93.56308,41.97977],[-93.5633,41.97995],[-93.56559,41.97995],[-93.56559,41.98004],[-93.56514,41.98009],[-93.56497,41.98039],[-93.56497,41.98142],[-93.56532,41.98166],[-93.56532,41.98399],[-93.56507,41.98403],[-93.56497,41.98417]]]]}},{"type":"Feature","id":154,"properties":{"id":154,"ha":27.3,"acres":68.0,"soil":"Webster clay loam, Bemis moraine, 0 to 2 percent slopes","cell":"41.93229_-93.60051","lon":-93.60573,"lat":41.93402,"n":36},"geometry":{"type":"MultiPolygon","coordinates":[[[[-93.61006,41.93577],[-93.60276,41.93568],[-93.60264,41.93545],[-93.60221,41.93532],[-93.60177,41.93537],[-93.6017,41.93568],[-93.60111,41.93568],[-93.6011,41.93395],[-93.60084,41.93368],[-93.60084,41.93262],[-93.60536,41.93262],[-93.60631,41.93253],[-93.6071,41.93217],[-93.60711,41.93176],[-93.60691,41.93164],[-93.60783,41.93163],[-93.60802,41.93146],[-93.60853,41.93146],[-93.60853,41.93175],[-93.60826,41.93205],[-93.60835,41.93222],[-93.60899,41.93253],[-93.60974,41.93253],[-93.60991,41.93235],[-93.61006,41.93243],[-93.61006,41.93577]]]]}},{"type":"Feature","id":155,"properties":{"id":155,"ha":27.7,"acres":68.0,"soil":"Clarion loam, Bemis moraine, 2 to 6 percent slopes","cell":"41.97229_-93.73361","lon":-93.72981,"lat":41.97602,"n":41},"geometry":{"type":"MultiPolygon","coordinates":[[[[-93.73196,41.97376],[-93.73205,41.97817],[-93.73232,41.97835],[-93.73232,41.97933],[-93.72741,41.9793],[-93.72741,41.97709],[-93.72766,41.97706],[-93.72777,41.97691],[-93.72777,41.97377],[-93.72766,41.97362],[-93.72741,41.97359],[-93.72741,41.97269],[-93.72829,41.97268],[-93.72849,41.97251],[-93.73178,41.97251],[-93.73178,41.9736],[-93.73196,41.97376]]]]}},{"type":"Feature","id":156,"properties":{"id":156,"ha":26.0,"acres":64.0,"soil":"Coland clay loam, 0 to 2 percent slopes, occasionally flooded","cell":"42.02229_-93.60051","lon":-93.6031,"lat":42.01769,"n":43},"geometry":{"type":"MultiPolygon","coordinates":[[[[-93.60741,42.01428],[-93.60597,42.01432],[-93.60526,42.0154],[-93.60525,42.0162],[-93.60383,42.01626],[-93.60364,42.01641],[-93.60368,42.01682],[-93.60434,42.01747],[-93.60498,42.01776],[-93.60498,42.02075],[-93.60516,42.02099],[-93.60454,42.0212],[-93.60317,42.02121],[-93.60258,42.02167],[-93.60193,42.02192],[-93.60144,42.02192],[-93.60097,42.02165],[-93.60097,42.01984],[-93.60074,42.01967],[-93.60097,42.01953],[-93.60097,42.01815],[-93.60123,42.01802],[-93.60124,42.01752],[-93.60219,42.01744],[-93.60223,42.01644],[-93.60208,42.01627],[-93.6016,42.01626],[-93.60143,42.01634],[-93.60139,42.01653],[-93.60106,42.01653],[-93.60106,42.01402],[-93.60741,42.01402],[-93.60741,42.01428]]]]}},{"type":"Feature","id":157,"properties":{"id":157,"ha":27.7,"acres":69.0,"soil":"Canisteo clay loam, Bemis moraine, 0 to 2 percent slopes","cell":"41.96229_-93.74571","lon":-93.74203,"lat":41.96715,"n":40},"geometry":{"type":"MultiPolygon","coordinates":[[[[-93.74651,41.96891],[-93.74092,41.96891],[-93.74067,41.96865],[-93.73747,41.96864],[-93.73747,41.96541],[-93.74621,41.96555],[-93.74651,41.96608],[-93.74651,41.96891]]]]}},{"type":"Feature","id":158,"properties":{"id":158,"ha":26.8,"acres":66.0,"soil":"Canisteo clay loam, 0 to 2 percent slopes","cell":"42.08229_-93.54001","lon":-93.54593,"lat":42.08711,"n":42},"geometry":{"type":"MultiPolygon","coordinates":[[[[-93.54946,42.08534],[-93.54964,42.08551],[-93.55036,42.08552],[-93.55036,42.08787],[-93.55072,42.08804],[-93.55072,42.08866],[-93.54301,42.08867],[-93.5422,42.08905],[-93.54228,42.09019],[-93.54181,42.09001],[-93.54177,42.08881],[-93.54141,42.08843],[-93.54141,42.08804],[-93.54201,42.08794],[-93.54204,42.08721],[-93.54169,42.08682],[-93.54141,42.08678],[-93.54141,42.08532],[-93.54264,42.08534],[-93.54288,42.08552],[-93.54605,42.08552],[-93.54626,42.08534],[-93.54946,42.08534]]]]}},{"type":"Feature","id":159,"properties":{"id":159,"ha":27.1,"acres":67.0,"soil":"Canisteo clay loam, 0 to 2 percent slopes","cell":"42.09229_-93.55211","lon":-93.55573,"lat":42.09058,"n":45},"geometry":{"type":"MultiPolygon","coordinates":[[[[-93.56015,42.09286],[-93.55974,42.09285],[-93.55968,42.0925],[-93.55925,42.09226],[-93.5575,42.09226],[-93.55728,42.09244],[-93.55698,42.09244],[-93.55665,42.09217],[-93.55372,42.09217],[-93.55369,42.0919],[-93.55348,42.09181],[-93.55292,42.09189],[-93.55288,42.09244],[-93.55273,42.09244],[-93.55254,42.09217],[-93.5512,42.0922],[-93.5512,42.08902],[-93.55292,42.08902],[-93.55309,42.08867],[-93.55539,42.08867],[-93.55541,42.08891],[-93.55561,42.08902],[-93.56015,42.08902],[-93.56015,42.09286]]]]}},{"type":"Feature","id":160,"properties":{"id":160,"ha":26.3,"acres":65.0,"soil":"Clarion loam, 6 to 10 percent slopes, moderately eroded","cell":"42.11229_-93.58841","lon":-93.59358,"lat":42.11032,"n":39},"geometry":{"type":"MultiPolygon","coordinates":[[[[-93.59582,42.10825],[-93.59582,42.11094],[-93.59609,42.11112],[-93.59609,42.11256],[-93.59574,42.11269],[-93.59573,42.11355],[-93.59091,42.11355],[-93.59074,42.11363],[-93.5907,42.11382],[-93.59028,42.11382],[-93.59028,42.11328],[-93.59108,42.11328],[-93.59126,42.11315],[-93.59118,42.11166],[-93.59258,42.11166],[-93.5928,42.1115],[-93.5928,42.11084],[-93.59267,42.11069],[-93.59055,42.11067],[-93.59055,42.11014],[-93.59134,42.11013],[-93.59153,42.10999],[-93.59154,42.10689],[-93.59166,42.10681],[-93.59546,42.10681],[-93.5952,42.10703],[-93.59519,42.10748],[-93.59549,42.10816],[-93.59582,42.10825]]]]}},{"type":"Feature","id":161,"properties":{"id":161,"ha":27.5,"acres":68.0,"soil":"Clarion loam, Bemis moraine, 6 to 10 percent slopes","cell":"42.07229_-93.73361","lon":-93.72791,"lat":42.07287,"n":35},"geometry":{"type":"MultiPolygon","coordinates":[[[[-93.73255,42.07123],[-93.73252,42.07419],[-93.7317,42.0742],[-93.73106,42.07455],[-93.72339,42.07455],[-93.72339,42.07123],[-93.73255,42.07123]]]]}},{"type":"Feature","id":162,"properties":{"id":162,"ha":27.3,"acres":67.0,"soil":"Nicollet loam, 1 to 3 percent slopes","cell":"41.96229_-93.78201","lon":-93.78803,"lat":41.96143,"n":38},"geometry":{"type":"MultiPolygon","coordinates":[[[[-93.78999,41.96487],[-93.78674,41.96487],[-93.78602,41.96479],[-93.78571,41.96461],[-93.78596,41.96457],[-93.78607,41.96442],[-93.78606,41.96349],[-93.7858,41.96334],[-93.7858,41.95805],[-93.78999,41.958],[-93.79013,41.9583],[-93.79008,41.96013],[-93.79026,41.96029],[-93.79026,41.96451],[-93.79002,41.96461],[-93.78999,41.96487]]]]}},{"type":"Feature","id":163,"properties":{"id":163,"ha":26.4,"acres":65.0,"soil":"Spillville loam, 0 to 2 percent slopes, occasionally flooded","cell":"41.92229_-93.55211","lon":-93.54724,"lat":41.92073,"n":41},"geometry":{"type":"MultiPolygon","coordinates":[[[[-93.55059,41.91779],[-93.55068,41.91941],[-93.55041,41.91957],[-93.55032,41.92291],[-93.54991,41.92291],[-93.54971,41.92273],[-93.54877,41.92273],[-93.54749,41.92291],[-93.54173,41.92291],[-93.54163,41.92276],[-93.54137,41.92273],[-93.54137,41.92173],[-93.54159,41.92156],[-93.5434,41.92156],[-93.54362,41.92138],[-93.54511,41.92138],[-93.54533,41.92156],[-93.54582,41.92149],[-93.54603,41.92126],[-93.54613,41.92077],[-93.54604,41.9183],[-93.54655,41.91779],[-93.55059,41.91779]]]]}},{"type":"Feature","id":164,"properties":{"id":164,"ha":27.4,"acres":68.0,"soil":"Webster clay loam, Bemis moraine, 0 to 2 percent slopes","cell":"41.98229_-93.51581","lon":-93.51645,"lat":41.98329,"n":44},"geometry":{"type":"MultiPolygon","coordinates":[[[[-93.5164,41.98094],[-93.51661,41.98103],[-93.51941,41.98103],[-93.51978,41.9817],[-93.51969,41.98552],[-93.51524,41.98552],[-93.51504,41.98563],[-93.51502,41.98588],[-93.51362,41.98588],[-93.51361,41.98547],[-93.51333,41.98518],[-93.51326,41.98479],[-93.51331,41.98089],[-93.51376,41.98076],[-93.51398,41.98094],[-93.5164,41.98094]]]]}},{"type":"Feature","id":165,"properties":{"id":165,"ha":26.9,"acres":67.0,"soil":"Clarion loam, Bemis moraine, 2 to 6 percent slopes","cell":"41.99229_-93.75781","lon":-93.76195,"lat":41.99241,"n":42},"geometry":{"type":"MultiPolygon","coordinates":[[[[-93.76645,41.99083],[-93.76654,41.99407],[-93.7658,41.99398],[-93.76269,41.99398],[-93.76166,41.99371],[-93.76104,41.99398],[-93.76012,41.99407],[-93.75723,41.99407],[-93.75723,41.99245],[-93.7575,41.99229],[-93.7575,41.99083],[-93.76211,41.99092],[-93.76231,41.99084],[-93.76235,41.99065],[-93.76528,41.99065],[-93.76548,41.99083],[-93.76645,41.99083]]]]}},{"type":"Feature","id":166,"properties":{"id":166,"ha":26.9,"acres":66.0,"soil":"Zook silty clay loam, 0 to 2 percent slopes, occasionally flooded","cell":"41.94229_-93.55211","lon":-93.55808,"lat":41.94676,"n":41},"geometry":{"type":"MultiPolygon","coordinates":[[[[-93.55673,41.95022],[-93.55661,41.94997],[-93.55611,41.94995],[-93.5561,41.94733],[-93.55575,41.94716],[-93.55575,41.94375],[-93.55605,41.94369],[-93.55611,41.94339],[-93.56037,41.94339],[-93.56038,41.94447],[-93.56013,41.9445],[-93.56002,41.94465],[-93.56003,41.94745],[-93.56038,41.94761],[-93.56037,41.95022],[-93.55673,41.95022]]]]}},{"type":"Feature","id":167,"properties":{"id":167,"ha":26.7,"acres":66.0,"soil":"Okoboji silty clay loam, 0 to 1 percent slopes","cell":"41.94229_-93.68521","lon":-93.68136,"lat":41.9467,"n":42},"geometry":{"type":"MultiPolygon","coordinates":[[[[-93.6812,41.95023],[-93.67953,41.95023],[-93.67953,41.94978],[-93.67999,41.94977],[-93.68015,41.94965],[-93.68015,41.94892],[-93.67996,41.9488],[-93.67905,41.94879],[-93.6789,41.94864],[-93.67916,41.94838],[-93.67917,41.94743],[-93.67884,41.94697],[-93.67854,41.94691],[-93.67854,41.9457],[-93.67863,41.9452],[-93.67899,41.94505],[-93.67899,41.9443],[-93.67977,41.94367],[-93.68381,41.94367],[-93.68381,41.94825],[-93.68352,41.9483],[-93.68319,41.94874],[-93.68318,41.95005],[-93.68142,41.95005],[-93.6812,41.95023]]]]}},{"type":"Feature","id":168,"properties":{"id":168,"ha":26.8,"acres":66.0,"soil":"Webster clay loam, Bemis moraine, 0 to 2 percent slopes","cell":"41.93229_-93.73361","lon":-93.73238,"lat":41.93079,"n":40},"geometry":{"type":"MultiPolygon","coordinates":[[[[-93.73248,41.93253],[-93.7322,41.93226],[-93.72821,41.93226],[-93.72786,41.93209],[-93.72786,41.92921],[-93.72859,41.9292],[-93.72903,41.92894],[-93.73169,41.92894],[-93.73199,41.92921],[-93.73447,41.92921],[-93.73467,41.92948],[-93.73678,41.92948],[-93.73699,41.92996],[-93.73699,41.93253],[-93.73248,41.93253]]]]}},{"type":"Feature","id":169,"properties":{"id":169,"ha":26.8,"acres":66.0,"soil":"Webster clay loam, Bemis moraine, 0 to 2 percent slopes","cell":"41.99229_-93.70941","lon":-93.70575,"lat":41.99043,"n":36},"geometry":{"type":"MultiPolygon","coordinates":[[[[-93.70797,41.98762],[-93.70788,41.98976],[-93.70815,41.9905],[-93.70815,41.99272],[-93.70789,41.99286],[-93.70788,41.99362],[-93.7036,41.99362],[-93.7036,41.99225],[-93.70333,41.99209],[-93.70333,41.99021],[-93.7036,41.99004],[-93.7036,41.98688],[-93.70384,41.98688],[-93.70388,41.98707],[-93.70406,41.98715],[-93.70772,41.98721],[-93.70797,41.98762]]]]}},{"type":"Feature","id":170,"properties":{"id":170,"ha":25.2,"acres":62.0,"soil":"Clarion loam, Bemis moraine, 2 to 6 percent slopes","cell":"41.97229_-93.78201","lon":-93.78025,"lat":41.97219,"n":38},"geometry":{"type":"MultiPolygon","coordinates":[[[[-93.77723,41.97583],[-93.77672,41.97555],[-93.77664,41.97269],[-93.77945,41.97263],[-93.77978,41.97227],[-93.77978,41.97104],[-93.78014,41.97062],[-93.7801,41.97025],[-93.77951,41.97017],[-93.77951,41.9699],[-93.78011,41.96981],[-93.78014,41.96892],[-93.781,41.96884],[-93.78104,41.9679],[-93.78128,41.96766],[-93.78307,41.96766],[-93.78334,41.97206],[-93.78259,41.97207],[-93.78244,41.97233],[-93.78113,41.97233],[-93.78094,41.97242],[-93.78092,41.97583],[-93.77723,41.97583]]]]}},{"type":"Feature","id":171,"properties":{"id":171,"ha":26.0,"acres":64.0,"soil":"Webster clay loam, Bemis moraine, 0 to 2 percent slopes","cell":"41.98229_-93.50371","lon":-93.50588,"lat":41.98407,"n":44},"geometry":{"type":"MultiPolygon","coordinates":[[[[-93.50747,41.98651],[-93.50672,41.98652],[-93.50657,41.98678],[-93.50454,41.98678],[-93.50435,41.98651],[-93.50239,41.98651],[-93.50238,41.98477],[-93.50208,41.98417],[-93.50176,41.98399],[-93.50347,41.98306],[-93.50412,41.9825],[-93.50622,41.98121],[-93.50684,41.98121],[-93.50688,41.98149],[-93.50737,41.98183],[-93.50946,41.98184],[-93.5098,41.98219],[-93.51125,41.9822],[-93.51117,41.98319],[-93.50816,41.98319],[-93.50796,41.98327],[-93.50783,41.98355],[-93.50783,41.9857],[-93.50758,41.98582],[-93.50747,41.98651]]]]}},{"type":"Feature","id":172,"properties":{"id":172,"ha":26.1,"acres":65.0,"soil":"Clarion loam, Bemis moraine, 6 to 10 percent slopes","cell":"42.07229_-93.74571","lon":-93.7448,"lat":42.06736,"n":36},"geometry":{"type":"MultiPolygon","coordinates":[[[[-93.74273,42.07078],[-93.74261,42.0707],[-93.74261,42.06745],[-93.74288,42.06729],[-93.74288,42.06602],[-93.74261,42.06584],[-93.74261,42.0642],[-93.7424,42.06404],[-93.74707,42.06404],[-93.74707,42.06584],[-93.74682,42.06587],[-93.74671,42.06602],[-93.74671,42.06704],[-93.74707,42.06776],[-93.74707,42.07029],[-93.74622,42.07034],[-93.74563,42.07055],[-93.74554,42.07078],[-93.74273,42.07078]]]]}},{"type":"Feature","id":173,"properties":{"id":173,"ha":25.9,"acres":64.0,"soil":"Clarion loam, Bemis moraine, 2 to 6 percent slopes","cell":"42.04229_-93.76991","lon":-93.77325,"lat":42.03811,"n":36},"geometry":{"type":"MultiPolygon","coordinates":[[[[-93.77591,42.03642],[-93.77591,42.04107],[-93.77501,42.04104],[-93.77458,42.04051],[-93.77172,42.0405],[-93.77131,42.0409],[-93.77072,42.04107],[-93.77046,42.04131],[-93.77046,42.03628],[-93.77035,42.03613],[-93.7701,42.0361],[-93.7701,42.03583],[-93.77305,42.03583],[-93.77348,42.03548],[-93.77357,42.03519],[-93.77574,42.03511],[-93.77591,42.03642]]]]}},{"type":"Feature","id":174,"properties":{"id":174,"ha":26.0,"acres":64.0,"soil":"Webster clay loam, 0 to 2 percent slopes","cell":"42.08229_-93.55211","lon":-93.5581,"lat":42.08166,"n":43},"geometry":{"type":"MultiPolygon","coordinates":[[[[-93.55713,42.08516],[-93.55698,42.08491],[-93.55624,42.08489],[-93.55623,42.08353],[-93.55597,42.08336],[-93.55588,42.07833],[-93.56017,42.07833],[-93.56024,42.08462],[-93.55991,42.08472],[-93.55988,42.08516],[-93.55713,42.08516]]]]}},{"type":"Feature","id":175,"properties":{"id":175,"ha":25.2,"acres":62.0,"soil":"Nicollet loam, 1 to 3 percent slopes","cell":"42.09229_-93.70941","lon":-93.71063,"lat":42.09613,"n":39},"geometry":{"type":"MultiPolygon","coordinates":[[[[-93.71302,42.09854],[-93.71302,42.09934],[-93.71242,42.09934],[-93.71214,42.09901],[-93.71174,42.09882],[-93.71138,42.0988],[-93.71085,42.09904],[-93.71059,42.09936],[-93.70986,42.09943],[-93.70884,42.09936],[-93.70875,42.09875],[-93.70821,42.09871],[-93.70807,42.09855],[-93.70731,42.0984],[-93.70756,42.09815],[-93.70758,42.09782],[-93.70806,42.0978],[-93.70883,42.0974],[-93.70878,42.09671],[-93.70785,42.09665],[-93.70785,42.09656],[-93.70835,42.09654],[-93.70856,42.09625],[-93.70848,42.09397],[-93.70854,42.0937],[-93.70909,42.09339],[-93.70911,42.09288],[-93.71329,42.09288],[-93.71329,42.09341],[-93.71281,42.09343],[-93.71266,42.09359],[-93.71267,42.09514],[-93.71293,42.09561],[-93.71293,42.09638],[-93.71275,42.09656],[-93.71276,42.09837],[-93.71302,42.09854]]]]}},{"type":"Feature","id":176,"properties":{"id":176,"ha":26.0,"acres":64.0,"soil":"Canisteo clay loam, Bemis moraine, 0 to 2 percent slopes","cell":"42.07229_-93.73361","lon":-93.73525,"lat":42.06745,"n":39},"geometry":{"type":"MultiPolygon","coordinates":[[[[-93.7371,42.06404],[-93.73724,42.06433],[-93.73746,42.0644],[-93.73746,42.07043],[-93.73722,42.0706],[-93.733,42.0706],[-93.733,42.06762],[-93.73264,42.06745],[-93.73273,42.06587],[-93.73294,42.0653],[-93.73411,42.06523],[-93.73417,42.06428],[-93.73441,42.06404],[-93.7371,42.06404]]]]}},{"type":"Feature","id":177,"properties":{"id":177,"ha":25.9,"acres":64.0,"soil":"Canisteo clay loam, Bemis moraine, 0 to 2 percent slopes","cell":"41.98229_-93.80621","lon":-93.80054,"lat":41.98149,"n":37},"geometry":{"type":"MultiPolygon","coordinates":[[[[-93.80499,41.98122],[-93.80499,41.98303],[-93.80054,41.98311],[-93.80032,41.98329],[-93.79981,41.98329],[-93.7996,41.98311],[-93.79676,41.98311],[-93.79669,41.98271],[-93.79613,41.98266],[-93.79613,41.97987],[-93.80481,41.97987],[-93.80481,41.98106],[-93.80499,41.98122]]]]}},{"type":"Feature","id":178,"properties":{"id":178,"ha":25.3,"acres":63.0,"soil":"Webster clay loam, Bemis moraine, 0 to 2 percent slopes","cell":"42.10229_-93.78201","lon":-93.78129,"lat":42.10158,"n":36},"geometry":{"type":"MultiPolygon","coordinates":[[[[-93.78393,42.10312],[-93.77693,42.10321],[-93.77693,42.10103],[-93.77666,42.10087],[-93.77666,42.0998],[-93.77729,42.09997],[-93.78085,42.10006],[-93.78089,42.10025],[-93.78109,42.10033],[-93.78233,42.10032],[-93.7825,42.09997],[-93.78606,42.09997],[-93.78606,42.10024],[-93.7856,42.10025],[-93.78543,42.1004],[-93.7855,42.10082],[-93.78606,42.10087],[-93.78606,42.10177],[-93.78579,42.10193],[-93.78579,42.10303],[-93.78412,42.10303],[-93.78393,42.10312]]]]}},{"type":"Feature","id":179,"properties":{"id":179,"ha":25.3,"acres":63.0,"soil":"Clarion loam, Bemis moraine, 6 to 10 percent slopes, moderately eroded","cell":"42.09229_-93.79411","lon":-93.78842,"lat":42.09638,"n":37},"geometry":{"type":"MultiPolygon","coordinates":[[[[-93.79073,42.09946],[-93.78906,42.09943],[-93.78884,42.09961],[-93.78654,42.09961],[-93.78649,42.09941],[-93.78627,42.09934],[-93.78627,42.09297],[-93.78661,42.09314],[-93.78731,42.09314],[-93.78749,42.09307],[-93.78753,42.09288],[-93.78809,42.09288],[-93.78896,42.09348],[-93.78944,42.0935],[-93.79017,42.09288],[-93.79073,42.09288],[-93.79073,42.0931],[-93.79037,42.09359],[-93.79037,42.09577],[-93.79073,42.09593],[-93.79073,42.09946]]]]}},{"type":"Feature","id":180,"properties":{"id":180,"ha":25.6,"acres":63.0,"soil":"Canisteo clay loam, Bemis moraine, 0 to 2 percent slopes","cell":"41.92229_-93.63681","lon":-93.63243,"lat":41.92154,"n":40},"geometry":{"type":"MultiPolygon","coordinates":[[[[-93.63246,41.92535],[-93.6324,41.92505],[-93.63183,41.92499],[-93.63145,41.92439],[-93.6303,41.92436],[-93.6303,41.91816],[-93.63437,41.91825],[-93.63449,41.91833],[-93.63449,41.92499],[-93.63316,41.92499],[-93.63298,41.9251],[-93.63296,41.92535],[-93.63246,41.92535]]]]}},{"type":"Feature","id":181,"properties":{"id":181,"ha":25.3,"acres":63.0,"soil":"Clarion loam, Bemis moraine, 6 to 10 percent slopes, moderately eroded","cell":"42.07229_-93.79411","lon":-93.79068,"lat":42.07294,"n":36},"geometry":{"type":"MultiPolygon","coordinates":[[[[-93.79558,42.07176],[-93.79558,42.07419],[-93.79283,42.07419],[-93.79238,42.07455],[-93.78627,42.07455],[-93.78627,42.07132],[-93.79119,42.07132],[-93.79248,42.07157],[-93.7931,42.07212],[-93.79394,42.07206],[-93.794,42.07138],[-93.79415,42.07123],[-93.79441,42.07123],[-93.79458,42.07149],[-93.7954,42.0715],[-93.79558,42.07176]]]]}},{"type":"Feature","id":182,"properties":{"id":182,"ha":25.5,"acres":63.0,"soil":"Clarion loam, 2 to 6 percent slopes","cell":"42.09229_-93.51581","lon":-93.5189,"lat":42.0891,"n":46},"geometry":{"type":"MultiPolygon","coordinates":[[[[-93.52108,42.08848],[-93.52108,42.09253],[-93.51752,42.0925],[-93.51749,42.0919],[-93.51689,42.09169],[-93.51689,42.08822],[-93.51653,42.08755],[-93.51653,42.08552],[-93.51703,42.08552],[-93.51705,42.08577],[-93.51725,42.08588],[-93.52021,42.08588],[-93.5209,42.08597],[-93.5209,42.08832],[-93.52108,42.08848]]]]}},{"type":"Feature","id":183,"properties":{"id":183,"ha":25.5,"acres":63.0,"soil":"Zook silty clay loam, 0 to 2 percent slopes, occasionally flooded","cell":"41.96229_-93.56421","lon":-93.56639,"lat":41.9672,"n":40},"geometry":{"type":"MultiPolygon","coordinates":[[[[-93.56964,41.96873],[-93.56946,41.96888],[-93.56937,41.97025],[-93.56875,41.97009],[-93.56813,41.96972],[-93.56627,41.96962],[-93.56509,41.96903],[-93.56349,41.96779],[-93.56296,41.96752],[-93.56275,41.96724],[-93.56291,41.96675],[-93.56219,41.96569],[-93.56195,41.9652],[-93.562,41.96495],[-93.56308,41.96495],[-93.5633,41.96513],[-93.56712,41.96513],[-93.56734,41.96531],[-93.56955,41.96531],[-93.56964,41.96873]]]]}},{"type":"Feature","id":184,"properties":{"id":184,"ha":25.4,"acres":63.0,"soil":"Clarion-Storden complex, 6 to 10 percent slopes, moderately eroded","cell":"42.09229_-93.52791","lon":-93.52652,"lat":42.09449,"n":44},"geometry":{"type":"MultiPolygon","coordinates":[[[[-93.53096,42.09289],[-93.53096,42.09597],[-93.52509,42.09603],[-93.52473,42.09621],[-93.52282,42.09621],[-93.52276,42.09565],[-93.52192,42.09543],[-93.52192,42.09314],[-93.52735,42.09289],[-93.53096,42.09289]]]]}},{"type":"Feature","id":185,"properties":{"id":185,"ha":24.5,"acres":60.0,"soil":"Clarion loam, Bemis moraine, 2 to 6 percent slopes","cell":"42.08229_-93.75781","lon":-93.76169,"lat":42.08723,"n":34},"geometry":{"type":"MultiPolygon","coordinates":[[[[-93.76602,42.08551],[-93.76602,42.08874],[-93.75906,42.08874],[-93.75886,42.08885],[-93.75884,42.0891],[-93.75743,42.0891],[-93.75742,42.08885],[-93.75726,42.08875],[-93.75726,42.0874],[-93.75809,42.08758],[-93.75833,42.0874],[-93.75832,42.08707],[-93.75801,42.08665],[-93.75743,42.08659],[-93.75746,42.08518],[-93.75777,42.08542],[-93.75911,42.08542],[-93.75913,42.08567],[-93.75933,42.08578],[-93.76068,42.08577],[-93.76085,42.08542],[-93.76126,42.08542],[-93.76133,42.08572],[-93.76186,42.08587],[-93.7638,42.08587],[-93.76397,42.08576],[-93.76399,42.08551],[-93.76602,42.08551]]]]}},{"type":"Feature","id":187,"properties":{"id":187,"ha":25.1,"acres":62.0,"soil":"Zenor sandy loam, 5 to 9 percent slopes, moderately eroded","cell":"41.94229_-93.76991","lon":-93.76876,"lat":41.94675,"n":45},"geometry":{"type":"MultiPolygon","coordinates":[[[[-93.76756,41.9501],[-93.76765,41.94967],[-93.76748,41.94947],[-93.76713,41.94925],[-93.76631,41.9492],[-93.76631,41.94763],[-93.76656,41.94759],[-93.76667,41.94745],[-93.76667,41.94358],[-93.77091,41.94358],[-93.77094,41.94806],[-93.77087,41.94858],[-93.77059,41.94878],[-93.77058,41.9501],[-93.76756,41.9501]]]]}},{"type":"Feature","id":188,"properties":{"id":188,"ha":22.4,"acres":55.0,"soil":"Clarion loam, Bemis moraine, 2 to 6 percent slopes","cell":"41.92229_-93.61261","lon":-93.61282,"lat":41.91933,"n":39},"geometry":{"type":"MultiPolygon","coordinates":[[[[-93.61958,41.92157],[-93.61958,41.92166],[-93.61908,41.92168],[-93.61895,41.92184],[-93.61656,41.92184],[-93.61656,41.92166],[-93.61958,41.92157]]],[[[-93.61478,41.92184],[-93.61115,41.92185],[-93.61096,41.92199],[-93.61099,41.92247],[-93.60991,41.92247],[-93.60998,41.92068],[-93.61095,41.92076],[-93.61144,41.92051],[-93.61142,41.92007],[-93.61109,41.91982],[-93.61027,41.91978],[-93.61027,41.9182],[-93.61089,41.91714],[-93.6109,41.9167],[-93.61238,41.91672],[-93.61277,41.9169],[-93.61356,41.91688],[-93.61428,41.91619],[-93.61431,41.91591],[-93.61416,41.91575],[-93.61349,41.91573],[-93.61349,41.91565],[-93.61422,41.91565],[-93.61473,41.91615],[-93.61477,41.91655],[-93.61518,41.91663],[-93.61518,41.91942],[-93.61472,41.91942],[-93.61455,41.91958],[-93.6146,41.92007],[-93.61518,41.92014],[-93.61518,41.92041],[-93.61485,41.9205],[-93.61455,41.92118],[-93.61455,41.92152],[-93.61478,41.92184]]]]}},{"type":"Feature","id":189,"properties":{"id":189,"ha":24.8,"acres":61.0,"soil":"Clarion loam, Bemis moraine, 2 to 6 percent slopes","cell":"42.08229_-93.76991","lon":-93.77334,"lat":42.08215,"n":36},"geometry":{"type":"MultiPolygon","coordinates":[[[[-93.776,42.08013],[-93.77582,42.0803],[-93.77582,42.0829],[-93.77543,42.08292],[-93.77528,42.08307],[-93.77528,42.08524],[-93.77286,42.08525],[-93.77269,42.08515],[-93.77199,42.08515],[-93.77192,42.08421],[-93.77073,42.08416],[-93.77046,42.08333],[-93.77046,42.08242],[-93.7701,42.08227],[-93.7701,42.08174],[-93.77096,42.08172],[-93.77135,42.08125],[-93.77136,42.08061],[-93.77172,42.07996],[-93.77171,42.07937],[-93.7715,42.07922],[-93.77593,42.07922],[-93.776,42.08013]]]]}},{"type":"Feature","id":190,"properties":{"id":190,"ha":24.1,"acres":60.0,"soil":"Clarion loam, Bemis moraine, 2 to 6 percent slopes","cell":"42.11229_-93.76991","lon":-93.76604,"lat":42.10919,"n":36},"geometry":{"type":"MultiPolygon","coordinates":[[[[-93.77104,42.10926],[-93.76954,42.10932],[-93.76914,42.10955],[-93.76872,42.11],[-93.76872,42.1112],[-93.76795,42.1112],[-93.76794,42.11063],[-93.76777,42.11049],[-93.76489,42.11048],[-93.76409,42.11083],[-93.76405,42.11151],[-93.76388,42.11174],[-93.76211,42.11174],[-93.76211,42.1077],[-93.76743,42.1077],[-93.76763,42.10762],[-93.76768,42.10743],[-93.77096,42.10743],[-93.77104,42.10926]]]]}},{"type":"Feature","id":191,"properties":{"id":191,"ha":24.5,"acres":61.0,"soil":"Coland-Spillville complex, 2 to 5 percent slopes","cell":"42.06229_-93.78201","lon":-93.78346,"lat":42.06708,"n":34},"geometry":{"type":"MultiPolygon","coordinates":[[[[-93.78579,42.06386],[-93.78579,42.06584],[-93.78546,42.06593],[-93.78543,42.06639],[-93.78606,42.06675],[-93.78607,42.06716],[-93.7856,42.06719],[-93.78544,42.06731],[-93.78543,42.06794],[-93.78579,42.06808],[-93.78579,42.06854],[-93.78526,42.06865],[-93.78482,42.0691],[-93.78482,42.07052],[-93.78184,42.0706],[-93.78133,42.07001],[-93.7816,42.06918],[-93.7816,42.06853],[-93.78133,42.06787],[-93.78133,42.06404],[-93.78453,42.06404],[-93.78486,42.06386],[-93.78579,42.06386]]]]}},{"type":"Feature","id":192,"properties":{"id":192,"ha":23.4,"acres":58.0,"soil":"Harps clay loam, Bemis moraine, 0 to 2 percent slopes","cell":"41.99229_-93.69731","lon":-93.70086,"lat":41.99015,"n":38},"geometry":{"type":"MultiPolygon","coordinates":[[[[-93.70312,41.98985],[-93.70138,41.98986],[-93.70123,41.9902],[-93.70065,41.99028],[-93.70061,41.99065],[-93.70141,41.99119],[-93.70285,41.99119],[-93.70286,41.99231],[-93.70312,41.99245],[-93.70312,41.99362],[-93.69972,41.99362],[-93.69916,41.99348],[-93.69893,41.99288],[-93.69893,41.99171],[-93.69875,41.99128],[-93.69893,41.98679],[-93.70312,41.98688],[-93.70312,41.98985]]],[[[-93.69898,41.98634],[-93.69908,41.98625],[-93.69908,41.98627],[-93.69898,41.98634]]]]}},{"type":"Feature","id":193,"properties":{"id":193,"ha":22.8,"acres":56.0,"soil":"Clarion loam, Bemis moraine, 6 to 10 percent slopes, moderately eroded","cell":"42.05229_-93.56421","lon":-93.56531,"lat":42.04887,"n":45},"geometry":{"type":"MultiPolygon","coordinates":[[[[-93.56914,42.05031],[-93.56848,42.05023],[-93.56833,42.05058],[-93.56818,42.05058],[-93.56806,42.05033],[-93.56769,42.05031],[-93.56752,42.05067],[-93.561,42.05067],[-93.561,42.05002],[-93.56218,42.05003],[-93.56257,42.0497],[-93.56261,42.04896],[-93.56219,42.04843],[-93.561,42.04844],[-93.561,42.04716],[-93.56242,42.04716],[-93.56285,42.0468],[-93.56312,42.0468],[-93.56325,42.04723],[-93.56438,42.04725],[-93.56438,42.04775],[-93.56475,42.04812],[-93.56552,42.04815],[-93.56576,42.04797],[-93.56576,42.04732],[-93.56554,42.0468],[-93.56743,42.0468],[-93.56745,42.04705],[-93.56765,42.04716],[-93.56868,42.04716],[-93.56889,42.04703],[-93.56896,42.04826],[-93.56923,42.0489],[-93.56914,42.05031]]]]}},{"type":"Feature","id":194,"properties":{"id":194,"ha":24.7,"acres":61.0,"soil":"Nicollet loam, 1 to 3 percent slopes","cell":"42.07229_-93.70941","lon":-93.70372,"lat":42.0726,"n":40},"geometry":{"type":"MultiPolygon","coordinates":[[[[-93.70012,42.07419],[-93.70008,42.07337],[-93.69918,42.07308],[-93.69904,42.07281],[-93.69904,42.07165],[-93.69972,42.07113],[-93.70053,42.07105],[-93.70808,42.07111],[-93.70799,42.07419],[-93.70012,42.07419]]]]}},{"type":"Feature","id":195,"properties":{"id":195,"ha":23.7,"acres":59.0,"soil":"Webster clay loam, Bemis moraine, 0 to 2 percent slopes","cell":"41.99229_-93.72151","lon":-93.72286,"lat":41.99222,"n":39},"geometry":{"type":"MultiPolygon","coordinates":[[[[-93.72729,41.99371],[-93.72681,41.99372],[-93.72666,41.99388],[-93.72307,41.99389],[-93.72306,41.99281],[-93.72259,41.99238],[-93.72187,41.99236],[-93.72164,41.99249],[-93.72163,41.99313],[-93.72117,41.99389],[-93.71834,41.99389],[-93.71834,41.99056],[-93.71911,41.99056],[-93.71915,41.99075],[-93.71935,41.99083],[-93.72252,41.99083],[-93.72278,41.99056],[-93.72396,41.99056],[-93.724,41.99075],[-93.7242,41.99083],[-93.72515,41.99083],[-93.72534,41.99065],[-93.72717,41.99065],[-93.72729,41.99073],[-93.72729,41.99371]]]]}},{"type":"Feature","id":196,"properties":{"id":196,"ha":24.0,"acres":59.0,"soil":"Nicollet clay loam, 1 to 3 percent slopes","cell":"42.11229_-93.54001","lon":-93.5361,"lat":42.11081,"n":40},"geometry":{"type":"MultiPolygon","coordinates":[[[[-93.53836,42.11355],[-93.53612,42.11355],[-93.53594,42.11363],[-93.5359,42.11382],[-93.53324,42.11382],[-93.53324,42.11245],[-93.53297,42.1119],[-93.53297,42.11076],[-93.53319,42.11069],[-93.53331,42.1104],[-93.53554,42.1104],[-93.53575,42.11026],[-93.53575,42.10877],[-93.53545,42.10861],[-93.53539,42.10707],[-93.53841,42.10699],[-93.53841,42.11018],[-93.53814,42.11058],[-93.53815,42.11339],[-93.53836,42.11355]]]]}},{"type":"Feature","id":197,"properties":{"id":197,"ha":24.5,"acres":60.0,"soil":"Webster clay loam, Bemis moraine, 0 to 2 percent slopes","cell":"42.06229_-93.70941","lon":-93.70367,"lat":42.06536,"n":38},"geometry":{"type":"MultiPolygon","coordinates":[[[[-93.70776,42.06691],[-93.69922,42.06682],[-93.69922,42.06377],[-93.70066,42.06377],[-93.70087,42.06386],[-93.70808,42.06386],[-93.70808,42.06558],[-93.70835,42.06575],[-93.70835,42.0662],[-93.70803,42.06628],[-93.70799,42.06674],[-93.70776,42.06691]]]]}},{"type":"Feature","id":198,"properties":{"id":198,"ha":23.3,"acres":58.0,"soil":"Clarion loam, Bemis moraine, 2 to 6 percent slopes","cell":"41.97229_-93.66101","lon":-93.66379,"lat":41.974,"n":35},"geometry":{"type":"MultiPolygon","coordinates":[[[[-93.668,41.97269],[-93.668,41.97547],[-93.65914,41.97556],[-93.65914,41.97411],[-93.65892,41.97395],[-93.66114,41.97393],[-93.66129,41.97378],[-93.66129,41.97312],[-93.66045,41.97269],[-93.65912,41.97269],[-93.65887,41.97296],[-93.65887,41.97215],[-93.66027,41.97215],[-93.66031,41.97234],[-93.66051,41.97242],[-93.66773,41.97242],[-93.66778,41.97262],[-93.668,41.97269]]]]}},{"type":"Feature","id":199,"properties":{"id":199,"ha":24.2,"acres":60.0,"soil":"Clarion loam, Bemis moraine, 2 to 6 percent slopes","cell":"41.92229_-93.80621","lon":-93.80077,"lat":41.92352,"n":45},"geometry":{"type":"MultiPolygon","coordinates":[[[[-93.80508,41.92193],[-93.80508,41.92438],[-93.80535,41.92462],[-93.80535,41.92499],[-93.79613,41.92499],[-93.79613,41.9222],[-93.79637,41.9222],[-93.79652,41.92255],[-93.79742,41.92256],[-93.79874,41.92193],[-93.80508,41.92193]]]]}},{"type":"Feature","id":200,"properties":{"id":200,"ha":23.4,"acres":58.0,"soil":"Webster clay loam, Bemis moraine, 0 to 2 percent slopes","cell":"42.06229_-93.75781","lon":-93.7521,"lat":42.05815,"n":35},"geometry":{"type":"MultiPolygon","coordinates":[[[[-93.75528,42.05676],[-93.75659,42.05682],[-93.75659,42.05964],[-93.75474,42.05964],[-93.75455,42.05946],[-93.75349,42.05946],[-93.75327,42.05964],[-93.75213,42.05991],[-93.75196,42.05965],[-93.75075,42.05964],[-93.74977,42.05946],[-93.74881,42.05946],[-93.74848,42.05964],[-93.74767,42.05964],[-93.74755,42.05956],[-93.74755,42.0591],[-93.74836,42.05906],[-93.74844,42.0586],[-93.74826,42.05847],[-93.7477,42.05847],[-93.74755,42.05832],[-93.74751,42.05774],[-93.74657,42.05729],[-93.74657,42.05721],[-93.7474,42.0572],[-93.74755,42.05694],[-93.74803,42.05693],[-93.74818,42.05676],[-93.75075,42.05676],[-93.75097,42.05658],[-93.75354,42.05658],[-93.75367,42.05674],[-93.75439,42.05694],[-93.75511,42.05694],[-93.75528,42.05676]]]]}},{"type":"Feature","id":201,"properties":{"id":201,"ha":22.5,"acres":56.0,"soil":"Nicollet loam, 1 to 3 percent slopes","cell":"42.08229_-93.63681","lon":-93.63486,"lat":42.08343,"n":38},"geometry":{"type":"MultiPolygon","coordinates":[[[[-93.63948,42.08174],[-93.63848,42.08177],[-93.63804,42.0821],[-93.63801,42.08246],[-93.63872,42.08322],[-93.63939,42.08326],[-93.63954,42.08341],[-93.63954,42.08506],[-93.63697,42.08506],[-93.63693,42.08487],[-93.63673,42.08479],[-93.63515,42.08479],[-93.63496,42.08506],[-93.63293,42.08506],[-93.63289,42.08487],[-93.63271,42.08479],[-93.63113,42.08479],[-93.63077,42.0849],[-93.63077,42.08138],[-93.63186,42.08137],[-93.63203,42.08111],[-93.63218,42.08111],[-93.63237,42.08137],[-93.6337,42.08138],[-93.63378,42.08169],[-93.63334,42.08217],[-93.63335,42.08251],[-93.63356,42.08263],[-93.63709,42.08262],[-93.63724,42.08247],[-93.63724,42.08138],[-93.63927,42.08138],[-93.63929,42.08163],[-93.63948,42.08174]]]]}},{"type":"Feature","id":202,"properties":{"id":202,"ha":23.3,"acres":58.0,"soil":"Webster clay loam, Bemis moraine, 0 to 2 percent slopes","cell":"42.09229_-93.75781","lon":-93.76215,"lat":42.09062,"n":32},"geometry":{"type":"MultiPolygon","coordinates":[[[[-93.76629,42.0891],[-93.76639,42.09234],[-93.76552,42.09234],[-93.7653,42.09216],[-93.7615,42.09216],[-93.76081,42.09216],[-93.76063,42.09234],[-93.7598,42.09234],[-93.75959,42.09204],[-93.75957,42.09163],[-93.7591,42.09126],[-93.75833,42.09137],[-93.75789,42.09161],[-93.75785,42.09189],[-93.75758,42.09189],[-93.75778,42.09178],[-93.75779,42.09151],[-93.75743,42.09129],[-93.75726,42.09099],[-93.75726,42.08946],[-93.75913,42.08946],[-93.7593,42.08935],[-93.75932,42.0891],[-93.76629,42.0891]]]]}},{"type":"Feature","id":203,"properties":{"id":203,"ha":22.5,"acres":56.0,"soil":"Nicollet loam, 1 to 3 percent slopes","cell":"41.93229_-93.67311","lon":-93.67658,"lat":41.92853,"n":42},"geometry":{"type":"MultiPolygon","coordinates":[[[[-93.67845,41.93003],[-93.67842,41.93253],[-93.67827,41.93253],[-93.67808,41.93227],[-93.67677,41.93226],[-93.67657,41.93234],[-93.67653,41.93253],[-93.67513,41.93253],[-93.67512,41.9289],[-93.67493,41.92876],[-93.67414,41.92876],[-93.67414,41.92833],[-93.67454,41.92669],[-93.67505,41.92669],[-93.67521,41.92657],[-93.67522,41.9258],[-93.67549,41.92563],[-93.67549,41.92472],[-93.67806,41.92472],[-93.67811,41.92501],[-93.67842,41.92508],[-93.67842,41.92876],[-93.67702,41.92876],[-93.67667,41.92887],[-93.67629,41.92922],[-93.67626,41.92957],[-93.67648,41.92975],[-93.67795,41.92975],[-93.67845,41.93003]]]]}},{"type":"Feature","id":204,"properties":{"id":204,"ha":23.0,"acres":57.0,"soil":"Webster clay loam, Bemis moraine, 0 to 2 percent slopes","cell":"42.10229_-93.79411","lon":-93.79049,"lat":42.10145,"n":37},"geometry":{"type":"MultiPolygon","coordinates":[[[[-93.79247,42.09997],[-93.79504,42.10006],[-93.79504,42.10177],[-93.79387,42.10181],[-93.79382,42.1024],[-93.79332,42.10244],[-93.79261,42.10321],[-93.79031,42.10321],[-93.79007,42.10303],[-93.78627,42.10303],[-93.78627,42.10213],[-93.78654,42.10197],[-93.78654,42.09997],[-93.78911,42.09997],[-93.78933,42.09979],[-93.79037,42.09979],[-93.79059,42.09997],[-93.79106,42.09996],[-93.79121,42.09979],[-93.79226,42.09979],[-93.79247,42.09997]]],[[[-93.79396,42.10248],[-93.79441,42.10249],[-93.79441,42.10276],[-93.794,42.10276],[-93.79396,42.10248]]]]}},{"type":"Feature","id":205,"properties":{"id":205,"ha":20.5,"acres":51.0,"soil":"Clarion loam, Bemis moraine, 2 to 6 percent slopes","cell":"41.98229_-93.67311","lon":-93.67401,"lat":41.98604,"n":36},"geometry":{"type":"MultiPolygon","coordinates":[[[[-93.67795,41.98475],[-93.67797,41.98704],[-93.67779,41.98831],[-93.67728,41.98782],[-93.6772,41.98746],[-93.67623,41.98742],[-93.67557,41.9876],[-93.67554,41.98832],[-93.67288,41.98832],[-93.67283,41.98775],[-93.67219,41.98769],[-93.67198,41.98721],[-93.67193,41.9865],[-93.67145,41.98617],[-93.67037,41.98616],[-93.6703,41.98496],[-93.66918,41.98491],[-93.66899,41.98517],[-93.66884,41.98517],[-93.66904,41.98464],[-93.67032,41.98456],[-93.67072,41.98415],[-93.67069,41.98338],[-93.67213,41.98338],[-93.67213,41.98454],[-93.67177,41.98471],[-93.67177,41.98539],[-93.67194,41.98553],[-93.67281,41.98548],[-93.67288,41.98464],[-93.67344,41.98458],[-93.67351,41.98401],[-93.67404,41.98397],[-93.6745,41.98347],[-93.67554,41.98347],[-93.67554,41.98392],[-93.67484,41.98392],[-93.67465,41.98404],[-93.67465,41.98537],[-93.67477,41.98551],[-93.67583,41.98553],[-93.67603,41.98526],[-93.67653,41.98526],[-93.67668,41.98552],[-93.67747,41.98553],[-93.67763,41.98541],[-93.67764,41.98505],[-93.67728,41.98487],[-93.67795,41.98475]]]]}},{"type":"Feature","id":206,"properties":{"id":206,"ha":23.2,"acres":57.0,"soil":"Clarion loam, Bemis moraine, 2 to 6 percent slopes","cell":"42.10229_-93.75781","lon":-93.7522,"lat":42.10197,"n":33},"geometry":{"type":"MultiPolygon","coordinates":[[[[-93.7565,42.10123],[-93.75641,42.10348],[-93.74847,42.10348],[-93.74833,42.10332],[-93.74755,42.1031],[-93.74755,42.10207],[-93.74836,42.10182],[-93.74876,42.10143],[-93.74881,42.10087],[-93.74905,42.10078],[-93.74908,42.10053],[-93.74953,42.10033],[-93.75082,42.10032],[-93.75097,42.09997],[-93.75168,42.09997],[-93.75247,42.10033],[-93.75429,42.10033],[-93.7545,42.10042],[-93.7554,42.10032],[-93.75555,42.10006],[-93.75569,42.10006],[-93.75569,42.10024],[-93.75543,42.10039],[-93.75545,42.10114],[-93.75564,42.10123],[-93.7565,42.10123]]]]}},{"type":"Feature","id":207,"properties":{"id":207,"ha":22.8,"acres":56.0,"soil":"Clarion loam, Bemis moraine, 2 to 6 percent slopes","cell":"42.09229_-93.62471","lon":-93.62622,"lat":42.09434,"n":43},"geometry":{"type":"MultiPolygon","coordinates":[[[[-93.63017,42.0927],[-93.63029,42.09278],[-93.63029,42.09557],[-93.62984,42.09561],[-93.62975,42.09593],[-93.62799,42.09593],[-93.62775,42.09575],[-93.62101,42.09575],[-93.62089,42.09567],[-93.62089,42.09476],[-93.62247,42.09476],[-93.62266,42.09466],[-93.62278,42.09368],[-93.62269,42.09304],[-93.62291,42.09288],[-93.62436,42.09288],[-93.62457,42.0927],[-93.63017,42.0927]]]]}},{"type":"Feature","id":208,"properties":{"id":208,"ha":22.2,"acres":55.0,"soil":"Webster clay loam, Bemis moraine, 0 to 2 percent slopes","cell":"42.08229_-93.55211","lon":-93.55522,"lat":42.08681,"n":46},"geometry":{"type":"MultiPolygon","coordinates":[[[[-93.56024,42.08741],[-93.56024,42.08806],[-93.55943,42.08804],[-93.55926,42.08831],[-93.55336,42.08831],[-93.55317,42.08804],[-93.5512,42.08804],[-93.55115,42.08774],[-93.55085,42.08768],[-93.55085,42.08534],[-93.55599,42.08534],[-93.55665,42.08525],[-93.55669,42.08544],[-93.55687,42.08552],[-93.55988,42.08552],[-93.55994,42.08581],[-93.56024,42.08588],[-93.56019,42.08615],[-93.55945,42.08615],[-93.55864,42.08645],[-93.55854,42.08698],[-93.55907,42.0874],[-93.56024,42.08741]]]]}},{"type":"Feature","id":209,"properties":{"id":209,"ha":22.7,"acres":56.0,"soil":"Zook silty clay loam, 0 to 2 percent slopes, occasionally flooded","cell":"42.05229_-93.61261","lon":-93.60842,"lat":42.05615,"n":42},"geometry":{"type":"MultiPolygon","coordinates":[[[[-93.61064,42.05974],[-93.61034,42.0598],[-93.60919,42.05966],[-93.60909,42.05909],[-93.6081,42.05902],[-93.6072,42.05845],[-93.60608,42.05708],[-93.60609,42.05337],[-93.60646,42.05318],[-93.60944,42.05309],[-93.61028,42.05362],[-93.61028,42.05543],[-93.61064,42.0584],[-93.61064,42.05974]]]]}},{"type":"Feature","id":210,"properties":{"id":210,"ha":21.9,"acres":54.0,"soil":"Canisteo clay loam, Bemis moraine, 0 to 2 percent slopes","cell":"41.95229_-93.73361","lon":-93.73186,"lat":41.95226,"n":41},"geometry":{"type":"MultiPolygon","coordinates":[[[[-93.73663,41.95203],[-93.73663,41.95355],[-93.72968,41.95355],[-93.72948,41.95363],[-93.72944,41.95382],[-93.72804,41.95382],[-93.72774,41.95302],[-93.72741,41.95292],[-93.72741,41.95086],[-93.73425,41.95088],[-93.73416,41.95192],[-93.73444,41.95221],[-93.73474,41.95209],[-93.73486,41.95189],[-93.73492,41.95086],[-93.73636,41.95086],[-93.73636,41.95188],[-93.73663,41.95203]]]]}},{"type":"Feature","id":211,"properties":{"id":211,"ha":22.0,"acres":54.0,"soil":"Canisteo clay loam, 0 to 2 percent slopes","cell":"42.10229_-93.55211","lon":-93.54629,"lat":42.1048,"n":43},"geometry":{"type":"MultiPolygon","coordinates":[[[[-93.54641,42.10331],[-93.54663,42.10349],[-93.54935,42.10349],[-93.54955,42.10341],[-93.54959,42.10322],[-93.55025,42.10322],[-93.55072,42.10349],[-93.55072,42.10376],[-93.55036,42.10392],[-93.55036,42.10627],[-93.546,42.10636],[-93.54578,42.10654],[-93.5433,42.10654],[-93.54325,42.1049],[-93.5429,42.10475],[-93.54141,42.10474],[-93.54141,42.10426],[-93.54123,42.10412],[-93.54123,42.10322],[-93.54192,42.10322],[-93.54196,42.10341],[-93.54216,42.10349],[-93.54497,42.10349],[-93.54519,42.10331],[-93.54641,42.10331]]]]}},{"type":"Feature","id":212,"properties":{"id":212,"ha":22.5,"acres":56.0,"soil":"Nicollet loam, 1 to 3 percent slopes","cell":"42.00229_-93.52791","lon":-93.53235,"lat":41.99762,"n":39},"geometry":{"type":"MultiPolygon","coordinates":[[[[-93.53469,41.99521],[-93.53469,41.99923],[-93.53437,42.00025],[-93.52996,42.00025],[-93.52996,41.99684],[-93.53023,41.99641],[-93.53023,41.99496],[-93.53121,41.99495],[-93.53146,41.99478],[-93.53177,41.99495],[-93.5343,41.99496],[-93.53469,41.99521]]]]}},{"type":"Feature","id":213,"properties":{"id":213,"ha":21.6,"acres":53.0,"soil":"Clarion loam, Bemis moraine, 2 to 6 percent slopes","cell":"41.99229_-93.51581","lon":-93.51842,"lat":41.98891,"n":45},"geometry":{"type":"MultiPolygon","coordinates":[[[[-93.52071,41.99253],[-93.51988,41.99216],[-93.5195,41.99153],[-93.5182,41.99059],[-93.51732,41.99032],[-93.51705,41.98998],[-93.51635,41.98954],[-93.51544,41.98846],[-93.51476,41.98824],[-93.51332,41.98696],[-93.51447,41.98689],[-93.52131,41.98696],[-93.52095,41.98822],[-93.52122,41.99253],[-93.52071,41.99253]]]]}},{"type":"Feature","id":214,"properties":{"id":214,"ha":20.8,"acres":51.0,"soil":"Nicollet loam, 1 to 3 percent slopes","cell":"41.96229_-93.62471","lon":-93.62721,"lat":41.96177,"n":39},"geometry":{"type":"MultiPolygon","coordinates":[[[[-93.62653,41.95707],[-93.62704,41.95729],[-93.62785,41.95792],[-93.62888,41.95832],[-93.62892,41.95843],[-93.62908,41.96478],[-93.62654,41.96478],[-93.62629,41.9646],[-93.62593,41.96462],[-93.62578,41.96478],[-93.625,41.96478],[-93.62487,41.96462],[-93.62437,41.96454],[-93.62485,41.9645],[-93.625,41.96435],[-93.62493,41.96394],[-93.62442,41.96388],[-93.62464,41.96372],[-93.62464,41.96236],[-93.625,41.96221],[-93.625,41.96137],[-93.62636,41.96136],[-93.62679,41.96095],[-93.6268,41.95964],[-93.62653,41.95948],[-93.62653,41.95707]]]]}},{"type":"Feature","id":215,"properties":{"id":215,"ha":21.2,"acres":52.0,"soil":"Webster clay loam, Bemis moraine, 0 to 2 percent slopes","cell":"42.10229_-93.76991","lon":-93.77164,"lat":42.09815,"n":35},"geometry":{"type":"MultiPolygon","coordinates":[[[[-93.77513,42.09656],[-93.77558,42.09656],[-93.77582,42.09765],[-93.77582,42.09961],[-93.77073,42.09961],[-93.77069,42.09942],[-93.77049,42.09934],[-93.76778,42.09943],[-93.76705,42.09907],[-93.76705,42.09871],[-93.7675,42.09871],[-93.76767,42.09857],[-93.76763,42.09817],[-93.76719,42.09809],[-93.7674,42.09794],[-93.76741,42.09735],[-93.7671,42.09719],[-93.76768,42.09672],[-93.7724,42.09674],[-93.77262,42.09692],[-93.77453,42.09692],[-93.77513,42.09656]]],[[[-93.76705,42.09809],[-93.76705,42.09809],[-93.76705,42.09809],[-93.76705,42.09809]]]]}},{"type":"Feature","id":216,"properties":{"id":216,"ha":21.4,"acres":53.0,"soil":"Zook silty clay loam, 0 to 2 percent slopes, occasionally flooded","cell":"41.99229_-93.58841","lon":-93.59359,"lat":41.99062,"n":36},"geometry":{"type":"MultiPolygon","coordinates":[[[[-93.59532,41.98994],[-93.59539,41.99015],[-93.59578,41.99021],[-93.59595,41.99043],[-93.59569,41.99062],[-93.59568,41.99221],[-93.59542,41.9925],[-93.59532,41.99344],[-93.59419,41.99364],[-93.59407,41.99398],[-93.59227,41.99398],[-93.59203,41.99374],[-93.59199,41.99343],[-93.59176,41.99335],[-93.59176,41.98956],[-93.59149,41.9894],[-93.59149,41.98931],[-93.59188,41.98929],[-93.59203,41.98916],[-93.59203,41.98715],[-93.59505,41.98715],[-93.59505,41.98977],[-93.59532,41.98994]]]]}},{"type":"Feature","id":217,"properties":{"id":217,"ha":21.0,"acres":52.0,"soil":"Canisteo clay loam, Bemis moraine, 0 to 2 percent slopes","cell":"41.92229_-93.63681","lon":-93.63387,"lat":41.92717,"n":40},"geometry":{"type":"MultiPolygon","coordinates":[[[[-93.63108,41.92544],[-93.63127,41.9257],[-93.63149,41.92566],[-93.63173,41.92535],[-93.63197,41.92535],[-93.63212,41.92569],[-93.6332,41.92571],[-93.63342,41.92561],[-93.63345,41.92535],[-93.63501,41.92535],[-93.63567,41.9257],[-93.63736,41.92571],[-93.63737,41.92743],[-93.63763,41.92759],[-93.63763,41.92876],[-93.6303,41.92876],[-93.6303,41.9257],[-93.63079,41.92569],[-93.63108,41.92544]]],[[[-93.63072,41.92483],[-93.63039,41.92481],[-93.6303,41.92472],[-93.63072,41.92472],[-93.63072,41.92483]]]]}},{"type":"Feature","id":218,"properties":{"id":218,"ha":20.8,"acres":52.0,"soil":"Nicollet loam, 1 to 3 percent slopes","cell":"42.08229_-93.63681","lon":-93.63488,"lat":42.07968,"n":45},"geometry":{"type":"MultiPolygon","coordinates":[[[[-93.63972,42.08111],[-93.63951,42.08102],[-93.63661,42.08102],[-93.63657,42.08083],[-93.63637,42.08075],[-93.6354,42.08076],[-93.63523,42.08102],[-93.63266,42.08102],[-93.63251,42.08076],[-93.63176,42.08075],[-93.63159,42.08083],[-93.63155,42.08102],[-93.63077,42.08102],[-93.63076,42.08034],[-93.63041,42.08021],[-93.63041,42.07832],[-93.63837,42.07832],[-93.63838,42.07883],[-93.63896,42.07951],[-93.63965,42.07958],[-93.63972,42.08111]]]]}},{"type":"Feature","id":219,"properties":{"id":219,"ha":20.7,"acres":51.0,"soil":"Clarion loam, Bemis moraine, 2 to 6 percent slopes","cell":"41.99229_-93.69731","lon":-93.69333,"lat":41.99542,"n":37},"geometry":{"type":"MultiPolygon","coordinates":[[[[-93.69809,41.99416],[-93.69809,41.99676],[-93.69678,41.99676],[-93.69654,41.99658],[-93.68824,41.99649],[-93.68824,41.99434],[-93.69339,41.99434],[-93.69406,41.99416],[-93.6945,41.99416],[-93.69469,41.99433],[-93.69555,41.99434],[-93.69579,41.99416],[-93.69809,41.99416]]]]}},{"type":"Feature","id":220,"properties":{"id":220,"ha":20.2,"acres":50.0,"soil":"Webster clay loam, Bemis moraine, 0 to 2 percent slopes","cell":"41.95229_-93.60051","lon":-93.60069,"lat":41.95394,"n":41},"geometry":{"type":"MultiPolygon","coordinates":[[[[-93.60542,41.95508],[-93.60515,41.95517],[-93.59706,41.95508],[-93.59687,41.9549],[-93.59572,41.9549],[-93.59588,41.95296],[-93.59815,41.95292],[-93.59832,41.95278],[-93.59829,41.95239],[-93.59874,41.95258],[-93.59876,41.95281],[-93.59895,41.95292],[-93.59922,41.95288],[-93.59939,41.95266],[-93.60488,41.95275],[-93.60538,41.95376],[-93.60542,41.95508]]]]}},{"type":"Feature","id":221,"properties":{"id":221,"ha":19.8,"acres":49.0,"soil":"Webster clay loam, Bemis moraine, 0 to 2 percent slopes","cell":"42.05229_-93.78201","lon":-93.77968,"lat":42.05179,"n":36},"geometry":{"type":"MultiPolygon","coordinates":[[[[-93.78391,42.05065],[-93.78366,42.05075],[-93.78363,42.05113],[-93.78304,42.05173],[-93.78264,42.05254],[-93.78124,42.05256],[-93.78068,42.0532],[-93.77816,42.05392],[-93.77783,42.05415],[-93.77748,42.05476],[-93.77693,42.05506],[-93.77675,42.05396],[-93.77675,42.04985],[-93.7777,42.04985],[-93.77771,42.05026],[-93.7779,42.05038],[-93.77983,42.05039],[-93.78006,42.05026],[-93.78007,42.04985],[-93.78049,42.04985],[-93.78059,42.05036],[-93.78165,42.05038],[-93.78186,42.05024],[-93.78187,42.04958],[-93.78312,42.04958],[-93.78329,42.04975],[-93.78339,42.05029],[-93.78391,42.05065]]]]}},{"type":"Feature","id":222,"properties":{"id":222,"ha":18.0,"acres":44.0,"soil":"Harps clay loam, Bemis moraine, 0 to 2 percent slopes","cell":"42.09229_-93.74571","lon":-93.74954,"lat":42.08851,"n":34},"geometry":{"type":"MultiPolygon","coordinates":[[[[-93.7516,42.09054],[-93.7514,42.09036],[-93.75051,42.09036],[-93.75034,42.09013],[-93.75027,42.0888],[-93.74908,42.08876],[-93.74833,42.08925],[-93.74836,42.09125],[-93.74855,42.09135],[-93.74997,42.09135],[-93.75021,42.09185],[-93.75138,42.09189],[-93.75141,42.09216],[-93.74728,42.09216],[-93.74728,42.09036],[-93.74767,42.09035],[-93.74782,42.09018],[-93.74782,42.08952],[-93.74755,42.08937],[-93.74755,42.08581],[-93.75138,42.08578],[-93.75165,42.08564],[-93.75165,42.08894],[-93.75201,42.0891],[-93.75201,42.08987],[-93.75166,42.0905],[-93.7516,42.09153],[-93.7516,42.09054]]]]}},{"type":"Feature","id":223,"properties":{"id":223,"ha":20.3,"acres":50.0,"soil":"Nicollet loam, 1 to 3 percent slopes","cell":"42.01229_-93.55211","lon":-93.55768,"lat":42.01299,"n":44},"geometry":{"type":"MultiPolygon","coordinates":[[[[-93.56024,42.01563],[-93.5557,42.01563],[-93.5557,42.0117],[-93.55587,42.01107],[-93.55588,42.00943],[-93.55704,42.00934],[-93.55827,42.00961],[-93.5583,42.01239],[-93.55849,42.01249],[-93.55916,42.01249],[-93.55934,42.01241],[-93.55938,42.01222],[-93.55988,42.01222],[-93.56001,42.01247],[-93.56051,42.01249],[-93.56051,42.01285],[-93.56024,42.01301],[-93.56024,42.01563]]]]}},{"type":"Feature","id":224,"properties":{"id":224,"ha":17.5,"acres":43.0,"soil":"Nicollet loam, 1 to 3 percent slopes","cell":"42.01229_-93.78201","lon":-93.77952,"lat":42.01188,"n":37},"geometry":{"type":"MultiPolygon","coordinates":[[[[-93.78343,42.01527],[-93.78278,42.01532],[-93.78271,42.0158],[-93.78208,42.01563],[-93.78104,42.01563],[-93.78101,42.01537],[-93.78069,42.01513],[-93.78014,42.01509],[-93.78003,42.01467],[-93.77959,42.01446],[-93.77885,42.01446],[-93.77847,42.0139],[-93.77822,42.01383],[-93.77789,42.0135],[-93.77781,42.01279],[-93.77752,42.01278],[-93.77727,42.01308],[-93.77726,42.01076],[-93.777,42.0106],[-93.777,42.00916],[-93.78002,42.00916],[-93.78023,42.00934],[-93.78217,42.00934],[-93.7817,42.0097],[-93.78142,42.00971],[-93.78128,42.00984],[-93.78128,42.01054],[-93.78154,42.01084],[-93.78154,42.01185],[-93.78077,42.01185],[-93.7806,42.0115],[-93.77979,42.01152],[-93.77903,42.01296],[-93.77966,42.01335],[-93.77966,42.01396],[-93.77983,42.01409],[-93.78068,42.01406],[-93.78081,42.01347],[-93.78166,42.01347],[-93.7819,42.01406],[-93.78187,42.01493],[-93.78294,42.01509],[-93.78338,42.015],[-93.78343,42.01527]]],[[[-93.78266,42.01437],[-93.78271,42.01425],[-93.78271,42.01437],[-93.78266,42.01437]]]]}},{"type":"Feature","id":225,"properties":{"id":225,"ha":19.8,"acres":49.0,"soil":"Nicollet loam, 1 to 3 percent slopes","cell":"41.97229_-93.69731","lon":-93.69577,"lat":41.96781,"n":37},"geometry":{"type":"MultiPolygon","coordinates":[[[[-93.69791,41.97116],[-93.69708,41.97107],[-93.69687,41.97081],[-93.6963,41.9708],[-93.69579,41.97029],[-93.6957,41.96986],[-93.69506,41.96964],[-93.69432,41.96959],[-93.69414,41.9693],[-93.69419,41.96897],[-93.69366,41.96897],[-93.69354,41.9686],[-93.693,41.96855],[-93.693,41.9678],[-93.69264,41.96766],[-93.69264,41.96703],[-93.69279,41.96703],[-93.69294,41.96737],[-93.69371,41.96738],[-93.69389,41.96726],[-93.6939,41.96685],[-93.69359,41.96612],[-93.69315,41.96604],[-93.693,41.96589],[-93.69297,41.96523],[-93.69458,41.96523],[-93.69525,41.9655],[-93.69791,41.9655],[-93.69791,41.97116]]]]}},{"type":"Feature","id":226,"properties":{"id":226,"ha":20.1,"acres":50.0,"soil":"Webster clay loam, Bemis moraine, 0 to 2 percent slopes","cell":"41.96229_-93.54001","lon":-93.53707,"lat":41.96314,"n":44},"geometry":{"type":"MultiPolygon","coordinates":[[[[-93.54062,41.96467],[-93.54017,41.96486],[-93.53928,41.96486],[-93.53873,41.96459],[-93.53395,41.96459],[-93.5337,41.96477],[-93.53275,41.96477],[-93.53243,41.96459],[-93.53308,41.96396],[-93.53472,41.96154],[-93.5359,41.96153],[-93.53607,41.96127],[-93.5367,41.96127],[-93.53754,41.96154],[-93.53817,41.96152],[-93.53832,41.96127],[-93.53862,41.96136],[-93.539,41.96127],[-93.53918,41.96153],[-93.54026,41.96154],[-93.54043,41.96146],[-93.54047,41.96127],[-93.54062,41.96127],[-93.54062,41.96272],[-93.54019,41.96278],[-93.54001,41.96312],[-93.54031,41.96362],[-93.54062,41.96369],[-93.54062,41.96467]]]]}},{"type":"Feature","id":227,"properties":{"id":227,"ha":20.4,"acres":50.0,"soil":"Clarion loam, Bemis moraine, 2 to 6 percent slopes","cell":"42.10229_-93.64891","lon":-93.65234,"lat":42.1032,"n":43},"geometry":{"type":"MultiPolygon","coordinates":[[[[-93.65177,42.10626],[-93.65151,42.10548],[-93.6511,42.10497],[-93.65,42.10491],[-93.65,42.10276],[-93.65026,42.10259],[-93.65027,42.1008],[-93.65081,42.1006],[-93.6532,42.10051],[-93.65445,42.10033],[-93.65445,42.10343],[-93.65419,42.10382],[-93.65418,42.10473],[-93.65392,42.1049],[-93.65391,42.10644],[-93.65201,42.10644],[-93.65177,42.10626]]]]}},{"type":"Feature","id":228,"properties":{"id":228,"ha":19.7,"acres":49.0,"soil":"Nicollet clay loam, 1 to 3 percent slopes","cell":"42.08229_-93.56421","lon":-93.56355,"lat":42.08126,"n":40},"geometry":{"type":"MultiPolygon","coordinates":[[[[-93.56581,42.08147],[-93.56577,42.08367],[-93.56562,42.08426],[-93.56414,42.08426],[-93.56401,42.08392],[-93.56324,42.0839],[-93.56313,42.08277],[-93.5617,42.08274],[-93.5615,42.08301],[-93.56136,42.08301],[-93.56129,42.08279],[-93.561,42.08274],[-93.561,42.07932],[-93.56233,42.07929],[-93.56303,42.07833],[-93.56429,42.07833],[-93.56434,42.07854],[-93.56521,42.07923],[-93.56554,42.07989],[-93.56554,42.08096],[-93.56565,42.08137],[-93.56581,42.08147]]]]}},{"type":"Feature","id":229,"properties":{"id":229,"ha":17.7,"acres":44.0,"soil":"Clarion loam, 2 to 6 percent slopes","cell":"42.07229_-93.57631","lon":-93.5739,"lat":42.07274,"n":47},"geometry":{"type":"MultiPolygon","coordinates":[[[[-93.57498,42.06738],[-93.57498,42.06818],[-93.57463,42.06831],[-93.57462,42.06899],[-93.57471,42.07188],[-93.57498,42.07205],[-93.57501,42.07762],[-93.57298,42.07762],[-93.57294,42.0707],[-93.57232,42.06874],[-93.57236,42.06854],[-93.57379,42.06848],[-93.57384,42.06772],[-93.57361,42.06755],[-93.57384,42.06738],[-93.57498,42.06738]]]]}},{"type":"Feature","id":230,"properties":{"id":230,"ha":19.1,"acres":47.0,"soil":"Webster clay loam, Bemis moraine, 0 to 2 percent slopes","cell":"41.97229_-93.52791","lon":-93.5296,"lat":41.97599,"n":44},"geometry":{"type":"MultiPolygon","coordinates":[[[[-93.53119,41.97896],[-93.53017,41.97898],[-93.53002,41.97932],[-93.52772,41.97932],[-93.52772,41.97681],[-93.52823,41.97671],[-93.52835,41.97593],[-93.52808,41.9749],[-93.52808,41.97447],[-93.52826,41.97431],[-93.52826,41.97357],[-93.52806,41.97313],[-93.52856,41.97306],[-93.52879,41.9725],[-93.53119,41.9725],[-93.5312,41.97327],[-93.53155,41.9734],[-93.53155,41.97429],[-93.53123,41.97437],[-93.53101,41.97492],[-93.53101,41.9779],[-93.53116,41.97805],[-93.53155,41.97807],[-93.53155,41.97852],[-93.53122,41.97861],[-93.53119,41.97896]]]]}},{"type":"Feature","id":231,"properties":{"id":231,"ha":18.0,"acres":45.0,"soil":"Harps clay loam, Bemis moraine, 0 to 2 percent slopes","cell":"41.95229_-93.57631","lon":-93.57343,"lat":41.94832,"n":41},"geometry":{"type":"MultiPolygon","coordinates":[[[[-93.57661,41.95008],[-93.57457,41.95023],[-93.57436,41.95014],[-93.57144,41.95014],[-93.57105,41.95002],[-93.57074,41.94956],[-93.57074,41.94385],[-93.57108,41.94385],[-93.57152,41.94411],[-93.57116,41.94428],[-93.57116,41.94574],[-93.57089,41.94592],[-93.57103,41.94675],[-93.57302,41.94682],[-93.57327,41.94664],[-93.57529,41.94664],[-93.57568,41.9478],[-93.57619,41.94789],[-93.57607,41.94882],[-93.57713,41.94888],[-93.5773,41.94852],[-93.57781,41.94879],[-93.57734,41.94915],[-93.57692,41.94918],[-93.5766,41.94949],[-93.57661,41.95008]]]]}},{"type":"Feature","id":232,"properties":{"id":232,"ha":19.1,"acres":47.0,"soil":"Terril loam, 2 to 6 percent slopes","cell":"41.92229_-93.56421","lon":-93.56609,"lat":41.9195,"n":41},"geometry":{"type":"MultiPolygon","coordinates":[[[[-93.56964,41.91806],[-93.56946,41.91823],[-93.56937,41.92131],[-93.56921,41.92142],[-93.56908,41.92131],[-93.56844,41.9212],[-93.56356,41.9212],[-93.56352,41.9194],[-93.5622,41.91932],[-93.56203,41.91909],[-93.56196,41.91847],[-93.56105,41.91842],[-93.56128,41.91814],[-93.56208,41.91806],[-93.56952,41.91797],[-93.56964,41.91806]]]]}},{"type":"Feature","id":234,"properties":{"id":234,"ha":16.9,"acres":42.0,"soil":"Clarion loam, Bemis moraine, 2 to 6 percent slopes","cell":"41.99229_-93.67311","lon":-93.67412,"lat":41.99008,"n":39},"geometry":{"type":"MultiPolygon","coordinates":[[[[-93.67815,41.99056],[-93.67806,41.99194],[-93.67791,41.99209],[-93.67387,41.99209],[-93.6738,41.99026],[-93.67198,41.9902],[-93.67196,41.98996],[-93.67177,41.98985],[-93.66884,41.98985],[-93.66884,41.98841],[-93.66907,41.98833],[-93.66914,41.98805],[-93.66979,41.9884],[-93.67114,41.98841],[-93.67118,41.9886],[-93.67136,41.98868],[-93.67617,41.98868],[-93.67621,41.98895],[-93.67513,41.98895],[-93.67493,41.98906],[-93.67492,41.9904],[-93.67513,41.99056],[-93.6759,41.99054],[-93.67603,41.99021],[-93.67636,41.99011],[-93.67635,41.98903],[-93.67745,41.98903],[-93.67764,41.98888],[-93.67779,41.98895],[-93.67788,41.99042],[-93.67815,41.99056]]]]}},{"type":"Feature","id":235,"properties":{"id":235,"ha":18.8,"acres":46.0,"soil":"Okoboji silty clay loam, 0 to 1 percent slopes","cell":"42.09229_-93.64891","lon":-93.64375,"lat":42.09049,"n":43},"geometry":{"type":"MultiPolygon","coordinates":[[[[-93.647,42.08946],[-93.64709,42.09216],[-93.64497,42.09216],[-93.64472,42.09198],[-93.6429,42.09198],[-93.64269,42.09216],[-93.64218,42.09216],[-93.64199,42.09189],[-93.64038,42.09189],[-93.64038,42.089],[-93.6405,42.08892],[-93.64571,42.08892],[-93.64673,42.08883],[-93.64674,42.08933],[-93.647,42.08946]]]]}},{"type":"Feature","id":236,"properties":{"id":236,"ha":18.0,"acres":44.0,"soil":"Nicollet loam, 1 to 3 percent slopes","cell":"42.09229_-93.75781","lon":-93.75368,"lat":42.08872,"n":36},"geometry":{"type":"MultiPolygon","coordinates":[[[[-93.75417,42.09243],[-93.75276,42.09243],[-93.75241,42.09193],[-93.75192,42.09189],[-93.75213,42.09174],[-93.75213,42.09058],[-93.75249,42.08991],[-93.75249,42.08889],[-93.75213,42.08874],[-93.75213,42.08542],[-93.75512,42.08551],[-93.75515,42.0856],[-93.75507,42.08678],[-93.75542,42.08761],[-93.75542,42.08986],[-93.75481,42.09075],[-93.7548,42.09138],[-93.75465,42.09153],[-93.75418,42.09164],[-93.75417,42.09243]]]]}},{"type":"Feature","id":237,"properties":{"id":237,"ha":18.1,"acres":45.0,"soil":"Clarion loam, Bemis moraine, 2 to 6 percent slopes","cell":"41.97229_-93.76991","lon":-93.76806,"lat":41.96911,"n":38},"geometry":{"type":"MultiPolygon","coordinates":[[[[-93.76969,41.97233],[-93.76729,41.97233],[-93.76719,41.97209],[-93.76655,41.97206],[-93.76631,41.97182],[-93.76631,41.97053],[-93.76656,41.9705],[-93.76667,41.97035],[-93.76667,41.9655],[-93.76846,41.9655],[-93.76874,41.96605],[-93.7696,41.96692],[-93.76969,41.97233]]]]}},{"type":"Feature","id":238,"properties":{"id":238,"ha":16.5,"acres":41.0,"soil":"Canisteo clay loam, Bemis moraine, 0 to 2 percent slopes","cell":"42.04229_-93.74571","lon":-93.7461,"lat":42.03974,"n":39},"geometry":{"type":"MultiPolygon","coordinates":[[[[-93.7473,42.04203],[-93.74707,42.04221],[-93.74707,42.04314],[-93.74734,42.04329],[-93.74734,42.04396],[-93.74717,42.04419],[-93.74477,42.04399],[-93.74477,42.04266],[-93.74525,42.04265],[-93.7454,42.04248],[-93.74539,42.04181],[-93.74513,42.04119],[-93.74505,42.03502],[-93.74581,42.03502],[-93.74585,42.03548],[-93.74632,42.03556],[-93.74655,42.03544],[-93.74657,42.03502],[-93.7468,42.03502],[-93.7468,42.03585],[-93.74707,42.03609],[-93.7471,42.03673],[-93.74729,42.03682],[-93.74797,42.03682],[-93.74797,42.03709],[-93.74743,42.03713],[-93.74707,42.03761],[-93.74707,42.04185],[-93.7473,42.04203]]]]}},{"type":"Feature","id":239,"properties":{"id":239,"ha":17.1,"acres":42.0,"soil":"Webster clay loam, Bemis moraine, 0 to 2 percent slopes","cell":"41.98229_-93.64891","lon":-93.64447,"lat":41.98071,"n":37},"geometry":{"type":"MultiPolygon","coordinates":[[[[-93.64647,41.98212],[-93.64503,41.98209],[-93.64503,41.98129],[-93.64486,41.98114],[-93.64189,41.98113],[-93.64169,41.98126],[-93.64169,41.98163],[-93.64214,41.98176],[-93.64231,41.98203],[-93.64095,41.98204],[-93.64078,41.98239],[-93.64063,41.98239],[-93.64062,41.98198],[-93.64026,41.98125],[-93.63994,41.98113],[-93.63973,41.98065],[-93.63973,41.97961],[-93.64859,41.97961],[-93.64859,41.98239],[-93.64782,41.98239],[-93.6478,41.98214],[-93.64762,41.98203],[-93.64666,41.98203],[-93.64647,41.98212]]]]}},{"type":"Feature","id":240,"properties":{"id":240,"ha":18.3,"acres":45.0,"soil":"Clarion loam, Bemis moraine, 2 to 6 percent slopes","cell":"42.09229_-93.79411","lon":-93.79321,"lat":42.09514,"n":36},"geometry":{"type":"MultiPolygon","coordinates":[[[[-93.7954,42.09288],[-93.79549,42.09694],[-93.79518,42.09719],[-93.79452,42.09722],[-93.79441,42.09755],[-93.79286,42.09746],[-93.79121,42.09755],[-93.79121,42.09573],[-93.79085,42.09557],[-93.79085,42.09364],[-93.7912,42.0932],[-93.79121,42.0929],[-93.7954,42.09288]]]]}},{"type":"Feature","id":241,"properties":{"id":241,"ha":16.0,"acres":40.0,"soil":"Clarion loam, Bemis moraine, 2 to 6 percent slopes","cell":"42.11229_-93.78201","lon":-93.78109,"lat":42.10934,"n":35},"geometry":{"type":"MultiPolygon","coordinates":[[[[-93.78589,42.11055],[-93.77666,42.11048],[-93.77666,42.10918],[-93.77683,42.10896],[-93.77772,42.10895],[-93.77903,42.10862],[-93.77908,42.1077],[-93.77943,42.10757],[-93.77944,42.10687],[-93.77914,42.10625],[-93.77881,42.10617],[-93.77881,42.10605],[-93.77896,42.1059],[-93.78022,42.1059],[-93.78026,42.10609],[-93.78085,42.10652],[-93.77961,42.10718],[-93.77966,42.10863],[-93.78426,42.10866],[-93.78426,42.10917],[-93.78448,42.10931],[-93.78515,42.10929],[-93.78528,42.10896],[-93.78543,42.10896],[-93.78552,42.10927],[-93.78606,42.10932],[-93.78607,42.10974],[-93.78642,42.11009],[-93.78611,42.11019],[-93.78589,42.11055]]]]}},{"type":"Feature","id":242,"properties":{"id":242,"ha":16.6,"acres":41.0,"soil":"Webster clay loam, Bemis moraine, 0 to 2 percent slopes","cell":"42.07229_-93.75781","lon":-93.75906,"lat":42.07472,"n":35},"geometry":{"type":"MultiPolygon","coordinates":[[[[-93.76099,42.0715],[-93.76099,42.07159],[-93.76047,42.0717],[-93.76045,42.07311],[-93.7602,42.07314],[-93.7601,42.07329],[-93.76011,42.07426],[-93.76029,42.07437],[-93.76072,42.07437],[-93.76072,42.075],[-93.76046,42.07516],[-93.76045,42.0776],[-93.76087,42.07796],[-93.75726,42.07796],[-93.75726,42.07707],[-93.75764,42.07705],[-93.75779,42.07689],[-93.75779,42.07194],[-93.75769,42.07179],[-93.75743,42.07176],[-93.75743,42.07132],[-93.75983,42.07132],[-93.76002,42.07149],[-93.76099,42.0715]]]]}},{"type":"Feature","id":243,"properties":{"id":243,"ha":16.3,"acres":40.0,"soil":"Webster clay loam, Bemis moraine, 0 to 2 percent slopes","cell":"41.98229_-93.60051","lon":-93.60412,"lat":41.97953,"n":39},"geometry":{"type":"MultiPolygon","coordinates":[[[[-93.60826,41.97925],[-93.60826,41.97947],[-93.60763,41.98026],[-93.60578,41.98053],[-93.60541,41.98087],[-93.60538,41.98116],[-93.60369,41.98113],[-93.60352,41.98124],[-93.6035,41.98149],[-93.60299,41.98149],[-93.60286,41.98115],[-93.60154,41.98086],[-93.60099,41.98095],[-93.60075,41.98064],[-93.60075,41.97961],[-93.60109,41.97949],[-93.60111,41.97894],[-93.60262,41.97831],[-93.60297,41.97788],[-93.60299,41.97689],[-93.60278,41.97673],[-93.60377,41.97673],[-93.60382,41.97702],[-93.60413,41.97709],[-93.60413,41.97907],[-93.60423,41.97922],[-93.60481,41.97919],[-93.60495,41.97854],[-93.60534,41.97835],[-93.60754,41.97835],[-93.60757,41.97915],[-93.60826,41.97925]]]]}},{"type":"Feature","id":244,"properties":{"id":244,"ha":17.7,"acres":44.0,"soil":"Webster clay loam, Bemis moraine, 0 to 2 percent slopes","cell":"42.06229_-93.56421","lon":-93.56466,"lat":42.06507,"n":44},"geometry":{"type":"MultiPolygon","coordinates":[[[[-93.56806,42.0636],[-93.56762,42.06666],[-93.56225,42.06659],[-93.56222,42.06602],[-93.56154,42.06571],[-93.561,42.06524],[-93.56108,42.06378],[-93.56294,42.06378],[-93.56367,42.0636],[-93.56806,42.0636]]]]}},{"type":"Feature","id":245,"properties":{"id":245,"ha":16.6,"acres":41.0,"soil":"Webster clay loam, Bemis moraine, 0 to 2 percent slopes","cell":"42.10229_-93.74571","lon":-93.74456,"lat":42.10203,"n":36},"geometry":{"type":"MultiPolygon","coordinates":[[[[-93.74737,42.10024],[-93.74713,42.1003],[-93.74673,42.1008],[-93.74671,42.10169],[-93.74622,42.10202],[-93.74609,42.10228],[-93.74612,42.10267],[-93.74707,42.10354],[-93.74707,42.10365],[-93.74645,42.10405],[-93.74644,42.10518],[-93.74596,42.10518],[-93.74566,42.10405],[-93.74549,42.10393],[-93.74288,42.10393],[-93.7423,42.10411],[-93.74233,42.10366],[-93.74261,42.10346],[-93.74234,42.10315],[-93.74233,42.10226],[-93.74198,42.10213],[-93.74198,42.10195],[-93.74225,42.10177],[-93.74224,42.10127],[-93.742,42.10107],[-93.74225,42.10073],[-93.74225,42.10033],[-93.74256,42.10027],[-93.74261,42.09997],[-93.74734,42.09997],[-93.74737,42.10024]]]]}},{"type":"Feature","id":246,"properties":{"id":246,"ha":16.5,"acres":41.0,"soil":"Webster clay loam, Bemis moraine, 0 to 2 percent slopes","cell":"41.98229_-93.61261","lon":-93.60697,"lat":41.98428,"n":41},"geometry":{"type":"MultiPolygon","coordinates":[[[[-93.60979,41.98585],[-93.60942,41.9858],[-93.60793,41.9858],[-93.60715,41.98553],[-93.60558,41.98563],[-93.60538,41.9858],[-93.60147,41.9858],[-93.60141,41.9856],[-93.60111,41.98546],[-93.60223,41.98525],[-93.60283,41.98491],[-93.60453,41.98486],[-93.60486,41.98461],[-93.60488,41.98417],[-93.60581,41.98359],[-93.60646,41.98293],[-93.6066,41.98212],[-93.60957,41.98212],[-93.60979,41.98228],[-93.60979,41.98585]]]]}},{"type":"Feature","id":247,"properties":{"id":247,"ha":15.2,"acres":37.0,"soil":"Clarion loam, Bemis moraine, 2 to 6 percent slopes","cell":"41.93229_-93.74571","lon":-93.74465,"lat":41.93726,"n":42},"geometry":{"type":"MultiPolygon","coordinates":[[[[-93.75154,41.93783],[-93.74581,41.93783],[-93.74516,41.93765],[-93.74388,41.93765],[-93.74251,41.93792],[-93.73909,41.93783],[-93.73889,41.93794],[-93.73887,41.93819],[-93.73756,41.93819],[-93.73756,41.93744],[-93.73771,41.93729],[-93.73864,41.93725],[-93.73873,41.93667],[-93.74253,41.93667],[-93.74768,41.93649],[-93.7479,41.93666],[-93.75154,41.93667],[-93.75154,41.93783]]]]}},{"type":"Feature","id":248,"properties":{"id":248,"ha":14.9,"acres":37.0,"soil":"Biscay clay loam, 0 to 2 percent slopes","cell":"42.04229_-93.50371","lon":-93.50878,"lat":42.04669,"n":43},"geometry":{"type":"MultiPolygon","coordinates":[[[[-93.51129,42.04653],[-93.51129,42.0473],[-93.51164,42.04759],[-93.51108,42.04896],[-93.50608,42.04896],[-93.50607,42.04841],[-93.50548,42.04835],[-93.50548,42.04796],[-93.5057,42.04779],[-93.50755,42.04778],[-93.50788,42.04716],[-93.50843,42.04716],[-93.50861,42.04704],[-93.50855,42.04623],[-93.50746,42.04617],[-93.50746,42.04312],[-93.50781,42.04299],[-93.50782,42.04213],[-93.50877,42.04213],[-93.50889,42.04608],[-93.50935,42.04626],[-93.51107,42.04627],[-93.51129,42.04653]]]]}},{"type":"Feature","id":249,"properties":{"id":249,"ha":16.5,"acres":41.0,"soil":"Clarion loam, Bemis moraine, 2 to 6 percent slopes","cell":"41.94229_-93.61261","lon":-93.61316,"lat":41.94074,"n":43},"geometry":{"type":"MultiPolygon","coordinates":[[[[-93.61518,41.93819],[-93.61509,41.94161],[-93.61473,41.94175],[-93.61473,41.94322],[-93.61122,41.94322],[-93.61143,41.94308],[-93.61144,41.9424],[-93.61117,41.94209],[-93.61117,41.93961],[-93.6109,41.93934],[-93.61168,41.9388],[-93.6126,41.93851],[-93.61269,41.93828],[-93.61479,41.93828],[-93.61518,41.93819]]]]}},{"type":"Feature","id":250,"properties":{"id":250,"ha":10.9,"acres":27.0,"soil":"Clarion loam, Bemis moraine, 2 to 6 percent slopes","cell":"42.00229_-93.76991","lon":-93.76993,"lat":42.00186,"n":37},"geometry":{"type":"MultiPolygon","coordinates":[[[[-93.77349,41.9982],[-93.77615,41.99811],[-93.77615,41.99865],[-93.76795,41.99865],[-93.76775,41.99873],[-93.76771,42.00046],[-93.76807,42.00063],[-93.76807,42.00179],[-93.76761,42.0018],[-93.76744,42.00196],[-93.76746,42.00267],[-93.76793,42.00278],[-93.76771,42.00294],[-93.76772,42.00418],[-93.76795,42.00431],[-93.77175,42.00431],[-93.77177,42.00456],[-93.77197,42.00467],[-93.77615,42.00467],[-93.77615,42.00494],[-93.77011,42.00494],[-93.76991,42.00502],[-93.76987,42.00521],[-93.76729,42.00521],[-93.76729,42.00294],[-93.76694,42.00239],[-93.76694,41.99847],[-93.77112,41.99838],[-93.77134,41.9982],[-93.77211,41.9982],[-93.77233,41.99838],[-93.77328,41.99838],[-93.77349,41.9982]]]]}}]}