{"type":"FeatureCollection","features":[{"type":"Feature","id":0,"properties":{"id":"41.89229_-93.46741"},"geometry":{"type":"Polygon","coordinates":[[[-93.47346,41.88729],[-93.46136,41.88729],[-93.46136,41.89729],[-93.47346,41.89729],[-93.47346,41.88729]]]}},{"type":"Feature","id":1,"properties":{"id":"41.89229_-93.47951"},"geometry":{"type":"Polygon","coordinates":[[[-93.48556,41.88729],[-93.47346,41.88729],[-93.47346,41.89729],[-93.48556,41.89729],[-93.48556,41.88729]]]}},{"type":"Feature","id":2,"properties":{"id":"41.89229_-93.49161"},"geometry":{"type":"Polygon","coordinates":[[[-93.49766,41.88729],[-93.48556,41.88729],[-93.48556,41.89729],[-93.49766,41.89729],[-93.49766,41.88729]]]}},{"type":"Feature","id":3,"properties":{"id":"41.89229_-93.50371"},"geometry":{"type":"Polygon","coordinates":[[[-93.50976,41.88729],[-93.49766,41.88729],[-93.49766,41.89729],[-93.50976,41.89729],[-93.50976,41.88729]]]}},{"type":"Feature","id":4,"properties":{"id":"41.89229_-93.51581"},"geometry":{"type":"Polygon","coordinates":[[[-93.52186,41.88729],[-93.50976,41.88729],[-93.50976,41.89729],[-93.52186,41.89729],[-93.52186,41.88729]]]}},{"type":"Feature","id":5,"properties":{"id":"41.89229_-93.52791"},"geometry":{"type":"Polygon","coordinates":[[[-93.53396,41.88729],[-93.52186,41.88729],[-93.52186,41.89729],[-93.53396,41.89729],[-93.53396,41.88729]]]}},{"type":"Feature","id":6,"properties":{"id":"41.89229_-93.54001"},"geometry":{"type":"Polygon","coordinates":[[[-93.54606,41.88729],[-93.53396,41.88729],[-93.53396,41.89729],[-93.54606,41.89729],[-93.54606,41.88729]]]}},{"type":"Feature","id":7,"properties":{"id":"41.89229_-93.55211"},"geometry":{"type":"Polygon","coordinates":[[[-93.55816,41.88729],[-93.54606,41.88729],[-93.54606,41.89729],[-93.55816,41.89729],[-93.55816,41.88729]]]}},{"type":"Feature","id":8,"properties":{"id":"41.89229_-93.56421"},"geometry":{"type":"Polygon","coordinates":[[[-93.57026,41.88729],[-93.55816,41.88729],[-93.55816,41.89729],[-93.57026,41.89729],[-93.57026,41.88729]]]}},{"type":"Feature","id":9,"properties":{"id":"41.89229_-93.57631"},"geometry":{"type":"Polygon","coordinates":[[[-93.58236,41.88729],[-93.57026,41.88729],[-93.57026,41.89729],[-93.58236,41.89729],[-93.58236,41.88729]]]}},{"type":"Feature","id":10,"properties":{"id":"41.89229_-93.58841"},"geometry":{"type":"Polygon","coordinates":[[[-93.59446,41.88729],[-93.58236,41.88729],[-93.58236,41.89729],[-93.59446,41.89729],[-93.59446,41.88729]]]}},{"type":"Feature","id":11,"properties":{"id":"41.89229_-93.60051"},"geometry":{"type":"Polygon","coordinates":[[[-93.60656,41.88729],[-93.59446,41.88729],[-93.59446,41.89729],[-93.60656,41.89729],[-93.60656,41.88729]]]}},{"type":"Feature","id":12,"properties":{"id":"41.89229_-93.61261"},"geometry":{"type":"Polygon","coordinates":[[[-93.61866,41.88729],[-93.60656,41.88729],[-93.60656,41.89729],[-93.61866,41.89729],[-93.61866,41.88729]]]}},{"type":"Feature","id":13,"properties":{"id":"41.89229_-93.62471"},"geometry":{"type":"Polygon","coordinates":[[[-93.63076,41.88729],[-93.61866,41.88729],[-93.61866,41.89729],[-93.63076,41.89729],[-93.63076,41.88729]]]}},{"type":"Feature","id":14,"properties":{"id":"41.89229_-93.63681"},"geometry":{"type":"Polygon","coordinates":[[[-93.64286,41.88729],[-93.63076,41.88729],[-93.63076,41.89729],[-93.64286,41.89729],[-93.64286,41.88729]]]}},{"type":"Feature","id":15,"properties":{"id":"41.89229_-93.64891"},"geometry":{"type":"Polygon","coordinates":[[[-93.65496,41.88729],[-93.64286,41.88729],[-93.64286,41.89729],[-93.65496,41.89729],[-93.65496,41.88729]]]}},{"type":"Feature","id":16,"properties":{"id":"41.89229_-93.66101"},"geometry":{"type":"Polygon","coordinates":[[[-93.66706,41.88729],[-93.65496,41.88729],[-93.65496,41.89729],[-93.66706,41.89729],[-93.66706,41.88729]]]}},{"type":"Feature","id":17,"properties":{"id":"41.89229_-93.67311"},"geometry":{"type":"Polygon","coordinates":[[[-93.67916,41.88729],[-93.66706,41.88729],[-93.66706,41.89729],[-93.67916,41.89729],[-93.67916,41.88729]]]}},{"type":"Feature","id":18,"properties":{"id":"41.89229_-93.68521"},"geometry":{"type":"Polygon","coordinates":[[[-93.69126,41.88729],[-93.67916,41.88729],[-93.67916,41.89729],[-93.69126,41.89729],[-93.69126,41.88729]]]}},{"type":"Feature","id":19,"properties":{"id":"41.89229_-93.69731"},"geometry":{"type":"Polygon","coordinates":[[[-93.70336,41.88729],[-93.69126,41.88729],[-93.69126,41.89729],[-93.70336,41.89729],[-93.70336,41.88729]]]}},{"type":"Feature","id":20,"properties":{"id":"41.89229_-93.70941"},"geometry":{"type":"Polygon","coordinates":[[[-93.71546,41.88729],[-93.70336,41.88729],[-93.70336,41.89729],[-93.71546,41.89729],[-93.71546,41.88729]]]}},{"type":"Feature","id":21,"properties":{"id":"41.89229_-93.72151"},"geometry":{"type":"Polygon","coordinates":[[[-93.72756,41.88729],[-93.71546,41.88729],[-93.71546,41.89729],[-93.72756,41.89729],[-93.72756,41.88729]]]}},{"type":"Feature","id":22,"properties":{"id":"41.89229_-93.73361"},"geometry":{"type":"Polygon","coordinates":[[[-93.73966,41.88729],[-93.72756,41.88729],[-93.72756,41.89729],[-93.73966,41.89729],[-93.73966,41.88729]]]}},{"type":"Feature","id":23,"properties":{"id":"41.89229_-93.74571"},"geometry":{"type":"Polygon","coordinates":[[[-93.75176,41.88729],[-93.73966,41.88729],[-93.73966,41.89729],[-93.75176,41.89729],[-93.75176,41.88729]]]}},{"type":"Feature","id":24,"properties":{"id":"41.89229_-93.75781"},"geometry":{"type":"Polygon","coordinates":[[[-93.76386,41.88729],[-93.75176,41.88729],[-93.75176,41.89729],[-93.76386,41.89729],[-93.76386,41.88729]]]}},{"type":"Feature","id":25,"properties":{"id":"41.89229_-93.76991"},"geometry":{"type":"Polygon","coordinates":[[[-93.77596,41.88729],[-93.76386,41.88729],[-93.76386,41.89729],[-93.77596,41.89729],[-93.77596,41.88729]]]}},{"type":"Feature","id":26,"properties":{"id":"41.89229_-93.78201"},"geometry":{"type":"Polygon","coordinates":[[[-93.78806,41.88729],[-93.77596,41.88729],[-93.77596,41.89729],[-93.78806,41.89729],[-93.78806,41.88729]]]}},{"type":"Feature","id":27,"properties":{"id":"41.89229_-93.79411"},"geometry":{"type":"Polygon","coordinates":[[[-93.80016,41.88729],[-93.78806,41.88729],[-93.78806,41.89729],[-93.80016,41.89729],[-93.80016,41.88729]]]}},{"type":"Feature","id":28,"properties":{"id":"41.89229_-93.80621"},"geometry":{"type":"Polygon","coordinates":[[[-93.81226,41.88729],[-93.80016,41.88729],[-93.80016,41.89729],[-93.81226,41.89729],[-93.81226,41.88729]]]}},{"type":"Feature","id":29,"properties":{"id":"41.89229_-93.81831"},"geometry":{"type":"Polygon","coordinates":[[[-93.82436,41.88729],[-93.81226,41.88729],[-93.81226,41.89729],[-93.82436,41.89729],[-93.82436,41.88729]]]}},{"type":"Feature","id":30,"properties":{"id":"41.89229_-93.83041"},"geometry":{"type":"Polygon","coordinates":[[[-93.83646,41.88729],[-93.82436,41.88729],[-93.82436,41.89729],[-93.83646,41.89729],[-93.83646,41.88729]]]}},{"type":"Feature","id":31,"properties":{"id":"41.90229_-93.46741"},"geometry":{"type":"Polygon","coordinates":[[[-93.47346,41.89729],[-93.46136,41.89729],[-93.46136,41.90729],[-93.47346,41.90729],[-93.47346,41.89729]]]}},{"type":"Feature","id":32,"properties":{"id":"41.90229_-93.47951"},"geometry":{"type":"Polygon","coordinates":[[[-93.48556,41.89729],[-93.47346,41.89729],[-93.47346,41.90729],[-93.48556,41.90729],[-93.48556,41.89729]]]}},{"type":"Feature","id":33,"properties":{"id":"41.90229_-93.49161"},"geometry":{"type":"Polygon","coordinates":[[[-93.49766,41.89729],[-93.48556,41.89729],[-93.48556,41.90729],[-93.49766,41.90729],[-93.49766,41.89729]]]}},{"type":"Feature","id":34,"properties":{"id":"41.90229_-93.50371"},"geometry":{"type":"Polygon","coordinates":[[[-93.50976,41.89729],[-93.49766,41.89729],[-93.49766,41.90729],[-93.50976,41.90729],[-93.50976,41.89729]]]}},{"type":"Feature","id":35,"properties":{"id":"41.90229_-93.51581"},"geometry":{"type":"Polygon","coordinates":[[[-93.52186,41.89729],[-93.50976,41.89729],[-93.50976,41.90729],[-93.52186,41.90729],[-93.52186,41.89729]]]}},{"type":"Feature","id":36,"properties":{"id":"41.90229_-93.52791"},"geometry":{"type":"Polygon","coordinates":[[[-93.53396,41.89729],[-93.52186,41.89729],[-93.52186,41.90729],[-93.53396,41.90729],[-93.53396,41.89729]]]}},{"type":"Feature","id":37,"properties":{"id":"41.90229_-93.54001"},"geometry":{"type":"Polygon","coordinates":[[[-93.54606,41.89729],[-93.53396,41.89729],[-93.53396,41.90729],[-93.54606,41.90729],[-93.54606,41.89729]]]}},{"type":"Feature","id":38,"properties":{"id":"41.90229_-93.55211"},"geometry":{"type":"Polygon","coordinates":[[[-93.55816,41.89729],[-93.54606,41.89729],[-93.54606,41.90729],[-93.55816,41.90729],[-93.55816,41.89729]]]}},{"type":"Feature","id":39,"properties":{"id":"41.90229_-93.56421"},"geometry":{"type":"Polygon","coordinates":[[[-93.57026,41.89729],[-93.55816,41.89729],[-93.55816,41.90729],[-93.57026,41.90729],[-93.57026,41.89729]]]}},{"type":"Feature","id":40,"properties":{"id":"41.90229_-93.57631"},"geometry":{"type":"Polygon","coordinates":[[[-93.58236,41.89729],[-93.57026,41.89729],[-93.57026,41.90729],[-93.58236,41.90729],[-93.58236,41.89729]]]}},{"type":"Feature","id":41,"properties":{"id":"41.90229_-93.58841"},"geometry":{"type":"Polygon","coordinates":[[[-93.59446,41.89729],[-93.58236,41.89729],[-93.58236,41.90729],[-93.59446,41.90729],[-93.59446,41.89729]]]}},{"type":"Feature","id":42,"properties":{"id":"41.90229_-93.60051"},"geometry":{"type":"Polygon","coordinates":[[[-93.60656,41.89729],[-93.59446,41.89729],[-93.59446,41.90729],[-93.60656,41.90729],[-93.60656,41.89729]]]}},{"type":"Feature","id":43,"properties":{"id":"41.90229_-93.61261"},"geometry":{"type":"Polygon","coordinates":[[[-93.61866,41.89729],[-93.60656,41.89729],[-93.60656,41.90729],[-93.61866,41.90729],[-93.61866,41.89729]]]}},{"type":"Feature","id":44,"properties":{"id":"41.90229_-93.62471"},"geometry":{"type":"Polygon","coordinates":[[[-93.63076,41.89729],[-93.61866,41.89729],[-93.61866,41.90729],[-93.63076,41.90729],[-93.63076,41.89729]]]}},{"type":"Feature","id":45,"properties":{"id":"41.90229_-93.63681"},"geometry":{"type":"Polygon","coordinates":[[[-93.64286,41.89729],[-93.63076,41.89729],[-93.63076,41.90729],[-93.64286,41.90729],[-93.64286,41.89729]]]}},{"type":"Feature","id":46,"properties":{"id":"41.90229_-93.64891"},"geometry":{"type":"Polygon","coordinates":[[[-93.65496,41.89729],[-93.64286,41.89729],[-93.64286,41.90729],[-93.65496,41.90729],[-93.65496,41.89729]]]}},{"type":"Feature","id":47,"properties":{"id":"41.90229_-93.66101"},"geometry":{"type":"Polygon","coordinates":[[[-93.66706,41.89729],[-93.65496,41.89729],[-93.65496,41.90729],[-93.66706,41.90729],[-93.66706,41.89729]]]}},{"type":"Feature","id":48,"properties":{"id":"41.90229_-93.67311"},"geometry":{"type":"Polygon","coordinates":[[[-93.67916,41.89729],[-93.66706,41.89729],[-93.66706,41.90729],[-93.67916,41.90729],[-93.67916,41.89729]]]}},{"type":"Feature","id":49,"properties":{"id":"41.90229_-93.68521"},"geometry":{"type":"Polygon","coordinates":[[[-93.69126,41.89729],[-93.67916,41.89729],[-93.67916,41.90729],[-93.69126,41.90729],[-93.69126,41.89729]]]}},{"type":"Feature","id":50,"properties":{"id":"41.90229_-93.69731"},"geometry":{"type":"Polygon","coordinates":[[[-93.70336,41.89729],[-93.69126,41.89729],[-93.69126,41.90729],[-93.70336,41.90729],[-93.70336,41.89729]]]}},{"type":"Feature","id":51,"properties":{"id":"41.90229_-93.70941"},"geometry":{"type":"Polygon","coordinates":[[[-93.71546,41.89729],[-93.70336,41.89729],[-93.70336,41.90729],[-93.71546,41.90729],[-93.71546,41.89729]]]}},{"type":"Feature","id":52,"properties":{"id":"41.90229_-93.72151"},"geometry":{"type":"Polygon","coordinates":[[[-93.72756,41.89729],[-93.71546,41.89729],[-93.71546,41.90729],[-93.72756,41.90729],[-93.72756,41.89729]]]}},{"type":"Feature","id":53,"properties":{"id":"41.90229_-93.73361"},"geometry":{"type":"Polygon","coordinates":[[[-93.73966,41.89729],[-93.72756,41.89729],[-93.72756,41.90729],[-93.73966,41.90729],[-93.73966,41.89729]]]}},{"type":"Feature","id":54,"properties":{"id":"41.90229_-93.74571"},"geometry":{"type":"Polygon","coordinates":[[[-93.75176,41.89729],[-93.73966,41.89729],[-93.73966,41.90729],[-93.75176,41.90729],[-93.75176,41.89729]]]}},{"type":"Feature","id":55,"properties":{"id":"41.90229_-93.75781"},"geometry":{"type":"Polygon","coordinates":[[[-93.76386,41.89729],[-93.75176,41.89729],[-93.75176,41.90729],[-93.76386,41.90729],[-93.76386,41.89729]]]}},{"type":"Feature","id":56,"properties":{"id":"41.90229_-93.76991"},"geometry":{"type":"Polygon","coordinates":[[[-93.77596,41.89729],[-93.76386,41.89729],[-93.76386,41.90729],[-93.77596,41.90729],[-93.77596,41.89729]]]}},{"type":"Feature","id":57,"properties":{"id":"41.90229_-93.78201"},"geometry":{"type":"Polygon","coordinates":[[[-93.78806,41.89729],[-93.77596,41.89729],[-93.77596,41.90729],[-93.78806,41.90729],[-93.78806,41.89729]]]}},{"type":"Feature","id":58,"properties":{"id":"41.90229_-93.79411"},"geometry":{"type":"Polygon","coordinates":[[[-93.80016,41.89729],[-93.78806,41.89729],[-93.78806,41.90729],[-93.80016,41.90729],[-93.80016,41.89729]]]}},{"type":"Feature","id":59,"properties":{"id":"41.90229_-93.80621"},"geometry":{"type":"Polygon","coordinates":[[[-93.81226,41.89729],[-93.80016,41.89729],[-93.80016,41.90729],[-93.81226,41.90729],[-93.81226,41.89729]]]}},{"type":"Feature","id":60,"properties":{"id":"41.90229_-93.81831"},"geometry":{"type":"Polygon","coordinates":[[[-93.82436,41.89729],[-93.81226,41.89729],[-93.81226,41.90729],[-93.82436,41.90729],[-93.82436,41.89729]]]}},{"type":"Feature","id":61,"properties":{"id":"41.90229_-93.83041"},"geometry":{"type":"Polygon","coordinates":[[[-93.83646,41.89729],[-93.82436,41.89729],[-93.82436,41.90729],[-93.83646,41.90729],[-93.83646,41.89729]]]}},{"type":"Feature","id":62,"properties":{"id":"41.91229_-93.46741"},"geometry":{"type":"Polygon","coordinates":[[[-93.47346,41.90729],[-93.46136,41.90729],[-93.46136,41.91729],[-93.47346,41.91729],[-93.47346,41.90729]]]}},{"type":"Feature","id":63,"properties":{"id":"41.91229_-93.47951"},"geometry":{"type":"Polygon","coordinates":[[[-93.48556,41.90729],[-93.47346,41.90729],[-93.47346,41.91729],[-93.48556,41.91729],[-93.48556,41.90729]]]}},{"type":"Feature","id":64,"properties":{"id":"41.91229_-93.49161"},"geometry":{"type":"Polygon","coordinates":[[[-93.49766,41.90729],[-93.48556,41.90729],[-93.48556,41.91729],[-93.49766,41.91729],[-93.49766,41.90729]]]}},{"type":"Feature","id":65,"properties":{"id":"41.91229_-93.50371"},"geometry":{"type":"Polygon","coordinates":[[[-93.50976,41.90729],[-93.49766,41.90729],[-93.49766,41.91729],[-93.50976,41.91729],[-93.50976,41.90729]]]}},{"type":"Feature","id":66,"properties":{"id":"41.91229_-93.51581"},"geometry":{"type":"Polygon","coordinates":[[[-93.52186,41.90729],[-93.50976,41.90729],[-93.50976,41.91729],[-93.52186,41.91729],[-93.52186,41.90729]]]}},{"type":"Feature","id":67,"properties":{"id":"41.91229_-93.52791"},"geometry":{"type":"Polygon","coordinates":[[[-93.53396,41.90729],[-93.52186,41.90729],[-93.52186,41.91729],[-93.53396,41.91729],[-93.53396,41.90729]]]}},{"type":"Feature","id":68,"properties":{"id":"41.91229_-93.54001"},"geometry":{"type":"Polygon","coordinates":[[[-93.54606,41.90729],[-93.53396,41.90729],[-93.53396,41.91729],[-93.54606,41.91729],[-93.54606,41.90729]]]}},{"type":"Feature","id":69,"properties":{"id":"41.91229_-93.55211"},"geometry":{"type":"Polygon","coordinates":[[[-93.55816,41.90729],[-93.54606,41.90729],[-93.54606,41.91729],[-93.55816,41.91729],[-93.55816,41.90729]]]}},{"type":"Feature","id":70,"properties":{"id":"41.91229_-93.56421"},"geometry":{"type":"Polygon","coordinates":[[[-93.57026,41.90729],[-93.55816,41.90729],[-93.55816,41.91729],[-93.57026,41.91729],[-93.57026,41.90729]]]}},{"type":"Feature","id":71,"properties":{"id":"41.91229_-93.57631"},"geometry":{"type":"Polygon","coordinates":[[[-93.58236,41.90729],[-93.57026,41.90729],[-93.57026,41.91729],[-93.58236,41.91729],[-93.58236,41.90729]]]}},{"type":"Feature","id":72,"properties":{"id":"41.91229_-93.58841"},"geometry":{"type":"Polygon","coordinates":[[[-93.59446,41.90729],[-93.58236,41.90729],[-93.58236,41.91729],[-93.59446,41.91729],[-93.59446,41.90729]]]}},{"type":"Feature","id":73,"properties":{"id":"41.91229_-93.60051"},"geometry":{"type":"Polygon","coordinates":[[[-93.60656,41.90729],[-93.59446,41.90729],[-93.59446,41.91729],[-93.60656,41.91729],[-93.60656,41.90729]]]}},{"type":"Feature","id":74,"properties":{"id":"41.91229_-93.61261"},"geometry":{"type":"Polygon","coordinates":[[[-93.61866,41.90729],[-93.60656,41.90729],[-93.60656,41.91729],[-93.61866,41.91729],[-93.61866,41.90729]]]}},{"type":"Feature","id":75,"properties":{"id":"41.91229_-93.62471"},"geometry":{"type":"Polygon","coordinates":[[[-93.63076,41.90729],[-93.61866,41.90729],[-93.61866,41.91729],[-93.63076,41.91729],[-93.63076,41.90729]]]}},{"type":"Feature","id":76,"properties":{"id":"41.91229_-93.63681"},"geometry":{"type":"Polygon","coordinates":[[[-93.64286,41.90729],[-93.63076,41.90729],[-93.63076,41.91729],[-93.64286,41.91729],[-93.64286,41.90729]]]}},{"type":"Feature","id":77,"properties":{"id":"41.91229_-93.64891"},"geometry":{"type":"Polygon","coordinates":[[[-93.65496,41.90729],[-93.64286,41.90729],[-93.64286,41.91729],[-93.65496,41.91729],[-93.65496,41.90729]]]}},{"type":"Feature","id":78,"properties":{"id":"41.91229_-93.66101"},"geometry":{"type":"Polygon","coordinates":[[[-93.66706,41.90729],[-93.65496,41.90729],[-93.65496,41.91729],[-93.66706,41.91729],[-93.66706,41.90729]]]}},{"type":"Feature","id":79,"properties":{"id":"41.91229_-93.67311"},"geometry":{"type":"Polygon","coordinates":[[[-93.67916,41.90729],[-93.66706,41.90729],[-93.66706,41.91729],[-93.67916,41.91729],[-93.67916,41.90729]]]}},{"type":"Feature","id":80,"properties":{"id":"41.91229_-93.68521"},"geometry":{"type":"Polygon","coordinates":[[[-93.69126,41.90729],[-93.67916,41.90729],[-93.67916,41.91729],[-93.69126,41.91729],[-93.69126,41.90729]]]}},{"type":"Feature","id":81,"properties":{"id":"41.91229_-93.69731"},"geometry":{"type":"Polygon","coordinates":[[[-93.70336,41.90729],[-93.69126,41.90729],[-93.69126,41.91729],[-93.70336,41.91729],[-93.70336,41.90729]]]}},{"type":"Feature","id":82,"properties":{"id":"41.91229_-93.70941"},"geometry":{"type":"Polygon","coordinates":[[[-93.71546,41.90729],[-93.70336,41.90729],[-93.70336,41.91729],[-93.71546,41.91729],[-93.71546,41.90729]]]}},{"type":"Feature","id":83,"properties":{"id":"41.91229_-93.72151"},"geometry":{"type":"Polygon","coordinates":[[[-93.72756,41.90729],[-93.71546,41.90729],[-93.71546,41.91729],[-93.72756,41.91729],[-93.72756,41.90729]]]}},{"type":"Feature","id":84,"properties":{"id":"41.91229_-93.73361"},"geometry":{"type":"Polygon","coordinates":[[[-93.73966,41.90729],[-93.72756,41.90729],[-93.72756,41.91729],[-93.73966,41.91729],[-93.73966,41.90729]]]}},{"type":"Feature","id":85,"properties":{"id":"41.91229_-93.74571"},"geometry":{"type":"Polygon","coordinates":[[[-93.75176,41.90729],[-93.73966,41.90729],[-93.73966,41.91729],[-93.75176,41.91729],[-93.75176,41.90729]]]}},{"type":"Feature","id":86,"properties":{"id":"41.91229_-93.75781"},"geometry":{"type":"Polygon","coordinates":[[[-93.76386,41.90729],[-93.75176,41.90729],[-93.75176,41.91729],[-93.76386,41.91729],[-93.76386,41.90729]]]}},{"type":"Feature","id":87,"properties":{"id":"41.91229_-93.76991"},"geometry":{"type":"Polygon","coordinates":[[[-93.77596,41.90729],[-93.76386,41.90729],[-93.76386,41.91729],[-93.77596,41.91729],[-93.77596,41.90729]]]}},{"type":"Feature","id":88,"properties":{"id":"41.91229_-93.78201"},"geometry":{"type":"Polygon","coordinates":[[[-93.78806,41.90729],[-93.77596,41.90729],[-93.77596,41.91729],[-93.78806,41.91729],[-93.78806,41.90729]]]}},{"type":"Feature","id":89,"properties":{"id":"41.91229_-93.79411"},"geometry":{"type":"Polygon","coordinates":[[[-93.80016,41.90729],[-93.78806,41.90729],[-93.78806,41.91729],[-93.80016,41.91729],[-93.80016,41.90729]]]}},{"type":"Feature","id":90,"properties":{"id":"41.91229_-93.80621"},"geometry":{"type":"Polygon","coordinates":[[[-93.81226,41.90729],[-93.80016,41.90729],[-93.80016,41.91729],[-93.81226,41.91729],[-93.81226,41.90729]]]}},{"type":"Feature","id":91,"properties":{"id":"41.91229_-93.81831"},"geometry":{"type":"Polygon","coordinates":[[[-93.82436,41.90729],[-93.81226,41.90729],[-93.81226,41.91729],[-93.82436,41.91729],[-93.82436,41.90729]]]}},{"type":"Feature","id":92,"properties":{"id":"41.91229_-93.83041"},"geometry":{"type":"Polygon","coordinates":[[[-93.83646,41.90729],[-93.82436,41.90729],[-93.82436,41.91729],[-93.83646,41.91729],[-93.83646,41.90729]]]}},{"type":"Feature","id":93,"properties":{"id":"41.92229_-93.46741"},"geometry":{"type":"Polygon","coordinates":[[[-93.47346,41.91729],[-93.46136,41.91729],[-93.46136,41.92729],[-93.47346,41.92729],[-93.47346,41.91729]]]}},{"type":"Feature","id":94,"properties":{"id":"41.92229_-93.47951"},"geometry":{"type":"Polygon","coordinates":[[[-93.48556,41.91729],[-93.47346,41.91729],[-93.47346,41.92729],[-93.48556,41.92729],[-93.48556,41.91729]]]}},{"type":"Feature","id":95,"properties":{"id":"41.92229_-93.49161"},"geometry":{"type":"Polygon","coordinates":[[[-93.49766,41.91729],[-93.48556,41.91729],[-93.48556,41.92729],[-93.49766,41.92729],[-93.49766,41.91729]]]}},{"type":"Feature","id":96,"properties":{"id":"41.92229_-93.50371"},"geometry":{"type":"Polygon","coordinates":[[[-93.50976,41.91729],[-93.49766,41.91729],[-93.49766,41.92729],[-93.50976,41.92729],[-93.50976,41.91729]]]}},{"type":"Feature","id":97,"properties":{"id":"41.92229_-93.51581"},"geometry":{"type":"Polygon","coordinates":[[[-93.52186,41.91729],[-93.50976,41.91729],[-93.50976,41.92729],[-93.52186,41.92729],[-93.52186,41.91729]]]}},{"type":"Feature","id":98,"properties":{"id":"41.92229_-93.52791"},"geometry":{"type":"Polygon","coordinates":[[[-93.53396,41.91729],[-93.52186,41.91729],[-93.52186,41.92729],[-93.53396,41.92729],[-93.53396,41.91729]]]}},{"type":"Feature","id":99,"properties":{"id":"41.92229_-93.54001"},"geometry":{"type":"Polygon","coordinates":[[[-93.54606,41.91729],[-93.53396,41.91729],[-93.53396,41.92729],[-93.54606,41.92729],[-93.54606,41.91729]]]}},{"type":"Feature","id":100,"properties":{"id":"41.92229_-93.55211"},"geometry":{"type":"Polygon","coordinates":[[[-93.55816,41.91729],[-93.54606,41.91729],[-93.54606,41.92729],[-93.55816,41.92729],[-93.55816,41.91729]]]}},{"type":"Feature","id":101,"properties":{"id":"41.92229_-93.56421"},"geometry":{"type":"Polygon","coordinates":[[[-93.57026,41.91729],[-93.55816,41.91729],[-93.55816,41.92729],[-93.57026,41.92729],[-93.57026,41.91729]]]}},{"type":"Feature","id":102,"properties":{"id":"41.92229_-93.57631"},"geometry":{"type":"Polygon","coordinates":[[[-93.58236,41.91729],[-93.57026,41.91729],[-93.57026,41.92729],[-93.58236,41.92729],[-93.58236,41.91729]]]}},{"type":"Feature","id":103,"properties":{"id":"41.92229_-93.58841"},"geometry":{"type":"Polygon","coordinates":[[[-93.59446,41.91729],[-93.58236,41.91729],[-93.58236,41.92729],[-93.59446,41.92729],[-93.59446,41.91729]]]}},{"type":"Feature","id":104,"properties":{"id":"41.92229_-93.60051"},"geometry":{"type":"Polygon","coordinates":[[[-93.60656,41.91729],[-93.59446,41.91729],[-93.59446,41.92729],[-93.60656,41.92729],[-93.60656,41.91729]]]}},{"type":"Feature","id":105,"properties":{"id":"41.92229_-93.61261"},"geometry":{"type":"Polygon","coordinates":[[[-93.61866,41.91729],[-93.60656,41.91729],[-93.60656,41.92729],[-93.61866,41.92729],[-93.61866,41.91729]]]}},{"type":"Feature","id":106,"properties":{"id":"41.92229_-93.62471"},"geometry":{"type":"Polygon","coordinates":[[[-93.63076,41.91729],[-93.61866,41.91729],[-93.61866,41.92729],[-93.63076,41.92729],[-93.63076,41.91729]]]}},{"type":"Feature","id":107,"properties":{"id":"41.92229_-93.63681"},"geometry":{"type":"Polygon","coordinates":[[[-93.64286,41.91729],[-93.63076,41.91729],[-93.63076,41.92729],[-93.64286,41.92729],[-93.64286,41.91729]]]}},{"type":"Feature","id":108,"properties":{"id":"41.92229_-93.64891"},"geometry":{"type":"Polygon","coordinates":[[[-93.65496,41.91729],[-93.64286,41.91729],[-93.64286,41.92729],[-93.65496,41.92729],[-93.65496,41.91729]]]}},{"type":"Feature","id":109,"properties":{"id":"41.92229_-93.66101"},"geometry":{"type":"Polygon","coordinates":[[[-93.66706,41.91729],[-93.65496,41.91729],[-93.65496,41.92729],[-93.66706,41.92729],[-93.66706,41.91729]]]}},{"type":"Feature","id":110,"properties":{"id":"41.92229_-93.67311"},"geometry":{"type":"Polygon","coordinates":[[[-93.67916,41.91729],[-93.66706,41.91729],[-93.66706,41.92729],[-93.67916,41.92729],[-93.67916,41.91729]]]}},{"type":"Feature","id":111,"properties":{"id":"41.92229_-93.68521"},"geometry":{"type":"Polygon","coordinates":[[[-93.69126,41.91729],[-93.67916,41.91729],[-93.67916,41.92729],[-93.69126,41.92729],[-93.69126,41.91729]]]}},{"type":"Feature","id":112,"properties":{"id":"41.92229_-93.69731"},"geometry":{"type":"Polygon","coordinates":[[[-93.70336,41.91729],[-93.69126,41.91729],[-93.69126,41.92729],[-93.70336,41.92729],[-93.70336,41.91729]]]}},{"type":"Feature","id":113,"properties":{"id":"41.92229_-93.70941"},"geometry":{"type":"Polygon","coordinates":[[[-93.71546,41.91729],[-93.70336,41.91729],[-93.70336,41.92729],[-93.71546,41.92729],[-93.71546,41.91729]]]}},{"type":"Feature","id":114,"properties":{"id":"41.92229_-93.72151"},"geometry":{"type":"Polygon","coordinates":[[[-93.72756,41.91729],[-93.71546,41.91729],[-93.71546,41.92729],[-93.72756,41.92729],[-93.72756,41.91729]]]}},{"type":"Feature","id":115,"properties":{"id":"41.92229_-93.73361"},"geometry":{"type":"Polygon","coordinates":[[[-93.73966,41.91729],[-93.72756,41.91729],[-93.72756,41.92729],[-93.73966,41.92729],[-93.73966,41.91729]]]}},{"type":"Feature","id":116,"properties":{"id":"41.92229_-93.74571"},"geometry":{"type":"Polygon","coordinates":[[[-93.75176,41.91729],[-93.73966,41.91729],[-93.73966,41.92729],[-93.75176,41.92729],[-93.75176,41.91729]]]}},{"type":"Feature","id":117,"properties":{"id":"41.92229_-93.75781"},"geometry":{"type":"Polygon","coordinates":[[[-93.76386,41.91729],[-93.75176,41.91729],[-93.75176,41.92729],[-93.76386,41.92729],[-93.76386,41.91729]]]}},{"type":"Feature","id":118,"properties":{"id":"41.92229_-93.76991"},"geometry":{"type":"Polygon","coordinates":[[[-93.77596,41.91729],[-93.76386,41.91729],[-93.76386,41.92729],[-93.77596,41.92729],[-93.77596,41.91729]]]}},{"type":"Feature","id":119,"properties":{"id":"41.92229_-93.78201"},"geometry":{"type":"Polygon","coordinates":[[[-93.78806,41.91729],[-93.77596,41.91729],[-93.77596,41.92729],[-93.78806,41.92729],[-93.78806,41.91729]]]}},{"type":"Feature","id":120,"properties":{"id":"41.92229_-93.79411"},"geometry":{"type":"Polygon","coordinates":[[[-93.80016,41.91729],[-93.78806,41.91729],[-93.78806,41.92729],[-93.80016,41.92729],[-93.80016,41.91729]]]}},{"type":"Feature","id":121,"properties":{"id":"41.92229_-93.80621"},"geometry":{"type":"Polygon","coordinates":[[[-93.81226,41.91729],[-93.80016,41.91729],[-93.80016,41.92729],[-93.81226,41.92729],[-93.81226,41.91729]]]}},{"type":"Feature","id":122,"properties":{"id":"41.92229_-93.81831"},"geometry":{"type":"Polygon","coordinates":[[[-93.82436,41.91729],[-93.81226,41.91729],[-93.81226,41.92729],[-93.82436,41.92729],[-93.82436,41.91729]]]}},{"type":"Feature","id":123,"properties":{"id":"41.92229_-93.83041"},"geometry":{"type":"Polygon","coordinates":[[[-93.83646,41.91729],[-93.82436,41.91729],[-93.82436,41.92729],[-93.83646,41.92729],[-93.83646,41.91729]]]}},{"type":"Feature","id":124,"properties":{"id":"41.93229_-93.46741"},"geometry":{"type":"Polygon","coordinates":[[[-93.47346,41.92729],[-93.46136,41.92729],[-93.46136,41.93729],[-93.47346,41.93729],[-93.47346,41.92729]]]}},{"type":"Feature","id":125,"properties":{"id":"41.93229_-93.47951"},"geometry":{"type":"Polygon","coordinates":[[[-93.48556,41.92729],[-93.47346,41.92729],[-93.47346,41.93729],[-93.48556,41.93729],[-93.48556,41.92729]]]}},{"type":"Feature","id":126,"properties":{"id":"41.93229_-93.49161"},"geometry":{"type":"Polygon","coordinates":[[[-93.49766,41.92729],[-93.48556,41.92729],[-93.48556,41.93729],[-93.49766,41.93729],[-93.49766,41.92729]]]}},{"type":"Feature","id":127,"properties":{"id":"41.93229_-93.50371"},"geometry":{"type":"Polygon","coordinates":[[[-93.50976,41.92729],[-93.49766,41.92729],[-93.49766,41.93729],[-93.50976,41.93729],[-93.50976,41.92729]]]}},{"type":"Feature","id":128,"properties":{"id":"41.93229_-93.51581"},"geometry":{"type":"Polygon","coordinates":[[[-93.52186,41.92729],[-93.50976,41.92729],[-93.50976,41.93729],[-93.52186,41.93729],[-93.52186,41.92729]]]}},{"type":"Feature","id":129,"properties":{"id":"41.93229_-93.52791"},"geometry":{"type":"Polygon","coordinates":[[[-93.53396,41.92729],[-93.52186,41.92729],[-93.52186,41.93729],[-93.53396,41.93729],[-93.53396,41.92729]]]}},{"type":"Feature","id":130,"properties":{"id":"41.93229_-93.54001"},"geometry":{"type":"Polygon","coordinates":[[[-93.54606,41.92729],[-93.53396,41.92729],[-93.53396,41.93729],[-93.54606,41.93729],[-93.54606,41.92729]]]}},{"type":"Feature","id":131,"properties":{"id":"41.93229_-93.55211"},"geometry":{"type":"Polygon","coordinates":[[[-93.55816,41.92729],[-93.54606,41.92729],[-93.54606,41.93729],[-93.55816,41.93729],[-93.55816,41.92729]]]}},{"type":"Feature","id":132,"properties":{"id":"41.93229_-93.56421"},"geometry":{"type":"Polygon","coordinates":[[[-93.57026,41.92729],[-93.55816,41.92729],[-93.55816,41.93729],[-93.57026,41.93729],[-93.57026,41.92729]]]}},{"type":"Feature","id":133,"properties":{"id":"41.93229_-93.57631"},"geometry":{"type":"Polygon","coordinates":[[[-93.58236,41.92729],[-93.57026,41.92729],[-93.57026,41.93729],[-93.58236,41.93729],[-93.58236,41.92729]]]}},{"type":"Feature","id":134,"properties":{"id":"41.93229_-93.58841"},"geometry":{"type":"Polygon","coordinates":[[[-93.59446,41.92729],[-93.58236,41.92729],[-93.58236,41.93729],[-93.59446,41.93729],[-93.59446,41.92729]]]}},{"type":"Feature","id":135,"properties":{"id":"41.93229_-93.60051"},"geometry":{"type":"Polygon","coordinates":[[[-93.60656,41.92729],[-93.59446,41.92729],[-93.59446,41.93729],[-93.60656,41.93729],[-93.60656,41.92729]]]}},{"type":"Feature","id":136,"properties":{"id":"41.93229_-93.61261"},"geometry":{"type":"Polygon","coordinates":[[[-93.61866,41.92729],[-93.60656,41.92729],[-93.60656,41.93729],[-93.61866,41.93729],[-93.61866,41.92729]]]}},{"type":"Feature","id":137,"properties":{"id":"41.93229_-93.62471"},"geometry":{"type":"Polygon","coordinates":[[[-93.63076,41.92729],[-93.61866,41.92729],[-93.61866,41.93729],[-93.63076,41.93729],[-93.63076,41.92729]]]}},{"type":"Feature","id":138,"properties":{"id":"41.93229_-93.63681"},"geometry":{"type":"Polygon","coordinates":[[[-93.64286,41.92729],[-93.63076,41.92729],[-93.63076,41.93729],[-93.64286,41.93729],[-93.64286,41.92729]]]}},{"type":"Feature","id":139,"properties":{"id":"41.93229_-93.64891"},"geometry":{"type":"Polygon","coordinates":[[[-93.65496,41.92729],[-93.64286,41.92729],[-93.64286,41.93729],[-93.65496,41.93729],[-93.65496,41.92729]]]}},{"type":"Feature","id":140,"properties":{"id":"41.93229_-93.66101"},"geometry":{"type":"Polygon","coordinates":[[[-93.66706,41.92729],[-93.65496,41.92729],[-93.65496,41.93729],[-93.66706,41.93729],[-93.66706,41.92729]]]}},{"type":"Feature","id":141,"properties":{"id":"41.93229_-93.67311"},"geometry":{"type":"Polygon","coordinates":[[[-93.67916,41.92729],[-93.66706,41.92729],[-93.66706,41.93729],[-93.67916,41.93729],[-93.67916,41.92729]]]}},{"type":"Feature","id":142,"properties":{"id":"41.93229_-93.68521"},"geometry":{"type":"Polygon","coordinates":[[[-93.69126,41.92729],[-93.67916,41.92729],[-93.67916,41.93729],[-93.69126,41.93729],[-93.69126,41.92729]]]}},{"type":"Feature","id":143,"properties":{"id":"41.93229_-93.69731"},"geometry":{"type":"Polygon","coordinates":[[[-93.70336,41.92729],[-93.69126,41.92729],[-93.69126,41.93729],[-93.70336,41.93729],[-93.70336,41.92729]]]}},{"type":"Feature","id":144,"properties":{"id":"41.93229_-93.70941"},"geometry":{"type":"Polygon","coordinates":[[[-93.71546,41.92729],[-93.70336,41.92729],[-93.70336,41.93729],[-93.71546,41.93729],[-93.71546,41.92729]]]}},{"type":"Feature","id":145,"properties":{"id":"41.93229_-93.72151"},"geometry":{"type":"Polygon","coordinates":[[[-93.72756,41.92729],[-93.71546,41.92729],[-93.71546,41.93729],[-93.72756,41.93729],[-93.72756,41.92729]]]}},{"type":"Feature","id":146,"properties":{"id":"41.93229_-93.73361"},"geometry":{"type":"Polygon","coordinates":[[[-93.73966,41.92729],[-93.72756,41.92729],[-93.72756,41.93729],[-93.73966,41.93729],[-93.73966,41.92729]]]}},{"type":"Feature","id":147,"properties":{"id":"41.93229_-93.74571"},"geometry":{"type":"Polygon","coordinates":[[[-93.75176,41.92729],[-93.73966,41.92729],[-93.73966,41.93729],[-93.75176,41.93729],[-93.75176,41.92729]]]}},{"type":"Feature","id":148,"properties":{"id":"41.93229_-93.75781"},"geometry":{"type":"Polygon","coordinates":[[[-93.76386,41.92729],[-93.75176,41.92729],[-93.75176,41.93729],[-93.76386,41.93729],[-93.76386,41.92729]]]}},{"type":"Feature","id":149,"properties":{"id":"41.93229_-93.76991"},"geometry":{"type":"Polygon","coordinates":[[[-93.77596,41.92729],[-93.76386,41.92729],[-93.76386,41.93729],[-93.77596,41.93729],[-93.77596,41.92729]]]}},{"type":"Feature","id":150,"properties":{"id":"41.93229_-93.78201"},"geometry":{"type":"Polygon","coordinates":[[[-93.78806,41.92729],[-93.77596,41.92729],[-93.77596,41.93729],[-93.78806,41.93729],[-93.78806,41.92729]]]}},{"type":"Feature","id":151,"properties":{"id":"41.93229_-93.79411"},"geometry":{"type":"Polygon","coordinates":[[[-93.80016,41.92729],[-93.78806,41.92729],[-93.78806,41.93729],[-93.80016,41.93729],[-93.80016,41.92729]]]}},{"type":"Feature","id":152,"properties":{"id":"41.93229_-93.80621"},"geometry":{"type":"Polygon","coordinates":[[[-93.81226,41.92729],[-93.80016,41.92729],[-93.80016,41.93729],[-93.81226,41.93729],[-93.81226,41.92729]]]}},{"type":"Feature","id":153,"properties":{"id":"41.93229_-93.81831"},"geometry":{"type":"Polygon","coordinates":[[[-93.82436,41.92729],[-93.81226,41.92729],[-93.81226,41.93729],[-93.82436,41.93729],[-93.82436,41.92729]]]}},{"type":"Feature","id":154,"properties":{"id":"41.93229_-93.83041"},"geometry":{"type":"Polygon","coordinates":[[[-93.83646,41.92729],[-93.82436,41.92729],[-93.82436,41.93729],[-93.83646,41.93729],[-93.83646,41.92729]]]}},{"type":"Feature","id":155,"properties":{"id":"41.94229_-93.46741"},"geometry":{"type":"Polygon","coordinates":[[[-93.47346,41.93729],[-93.46136,41.93729],[-93.46136,41.94729],[-93.47346,41.94729],[-93.47346,41.93729]]]}},{"type":"Feature","id":156,"properties":{"id":"41.94229_-93.47951"},"geometry":{"type":"Polygon","coordinates":[[[-93.48556,41.93729],[-93.47346,41.93729],[-93.47346,41.94729],[-93.48556,41.94729],[-93.48556,41.93729]]]}},{"type":"Feature","id":157,"properties":{"id":"41.94229_-93.49161"},"geometry":{"type":"Polygon","coordinates":[[[-93.49766,41.93729],[-93.48556,41.93729],[-93.48556,41.94729],[-93.49766,41.94729],[-93.49766,41.93729]]]}},{"type":"Feature","id":158,"properties":{"id":"41.94229_-93.50371"},"geometry":{"type":"Polygon","coordinates":[[[-93.50976,41.93729],[-93.49766,41.93729],[-93.49766,41.94729],[-93.50976,41.94729],[-93.50976,41.93729]]]}},{"type":"Feature","id":159,"properties":{"id":"41.94229_-93.51581"},"geometry":{"type":"Polygon","coordinates":[[[-93.52186,41.93729],[-93.50976,41.93729],[-93.50976,41.94729],[-93.52186,41.94729],[-93.52186,41.93729]]]}},{"type":"Feature","id":160,"properties":{"id":"41.94229_-93.52791"},"geometry":{"type":"Polygon","coordinates":[[[-93.53396,41.93729],[-93.52186,41.93729],[-93.52186,41.94729],[-93.53396,41.94729],[-93.53396,41.93729]]]}},{"type":"Feature","id":161,"properties":{"id":"41.94229_-93.54001"},"geometry":{"type":"Polygon","coordinates":[[[-93.54606,41.93729],[-93.53396,41.93729],[-93.53396,41.94729],[-93.54606,41.94729],[-93.54606,41.93729]]]}},{"type":"Feature","id":162,"properties":{"id":"41.94229_-93.55211"},"geometry":{"type":"Polygon","coordinates":[[[-93.55816,41.93729],[-93.54606,41.93729],[-93.54606,41.94729],[-93.55816,41.94729],[-93.55816,41.93729]]]}},{"type":"Feature","id":163,"properties":{"id":"41.94229_-93.56421"},"geometry":{"type":"Polygon","coordinates":[[[-93.57026,41.93729],[-93.55816,41.93729],[-93.55816,41.94729],[-93.57026,41.94729],[-93.57026,41.93729]]]}},{"type":"Feature","id":164,"properties":{"id":"41.94229_-93.57631"},"geometry":{"type":"Polygon","coordinates":[[[-93.58236,41.93729],[-93.57026,41.93729],[-93.57026,41.94729],[-93.58236,41.94729],[-93.58236,41.93729]]]}},{"type":"Feature","id":165,"properties":{"id":"41.94229_-93.58841"},"geometry":{"type":"Polygon","coordinates":[[[-93.59446,41.93729],[-93.58236,41.93729],[-93.58236,41.94729],[-93.59446,41.94729],[-93.59446,41.93729]]]}},{"type":"Feature","id":166,"properties":{"id":"41.94229_-93.60051"},"geometry":{"type":"Polygon","coordinates":[[[-93.60656,41.93729],[-93.59446,41.93729],[-93.59446,41.94729],[-93.60656,41.94729],[-93.60656,41.93729]]]}},{"type":"Feature","id":167,"properties":{"id":"41.94229_-93.61261"},"geometry":{"type":"Polygon","coordinates":[[[-93.61866,41.93729],[-93.60656,41.93729],[-93.60656,41.94729],[-93.61866,41.94729],[-93.61866,41.93729]]]}},{"type":"Feature","id":168,"properties":{"id":"41.94229_-93.62471"},"geometry":{"type":"Polygon","coordinates":[[[-93.63076,41.93729],[-93.61866,41.93729],[-93.61866,41.94729],[-93.63076,41.94729],[-93.63076,41.93729]]]}},{"type":"Feature","id":169,"properties":{"id":"41.94229_-93.63681"},"geometry":{"type":"Polygon","coordinates":[[[-93.64286,41.93729],[-93.63076,41.93729],[-93.63076,41.94729],[-93.64286,41.94729],[-93.64286,41.93729]]]}},{"type":"Feature","id":170,"properties":{"id":"41.94229_-93.64891"},"geometry":{"type":"Polygon","coordinates":[[[-93.65496,41.93729],[-93.64286,41.93729],[-93.64286,41.94729],[-93.65496,41.94729],[-93.65496,41.93729]]]}},{"type":"Feature","id":171,"properties":{"id":"41.94229_-93.66101"},"geometry":{"type":"Polygon","coordinates":[[[-93.66706,41.93729],[-93.65496,41.93729],[-93.65496,41.94729],[-93.66706,41.94729],[-93.66706,41.93729]]]}},{"type":"Feature","id":172,"properties":{"id":"41.94229_-93.67311"},"geometry":{"type":"Polygon","coordinates":[[[-93.67916,41.93729],[-93.66706,41.93729],[-93.66706,41.94729],[-93.67916,41.94729],[-93.67916,41.93729]]]}},{"type":"Feature","id":173,"properties":{"id":"41.94229_-93.68521"},"geometry":{"type":"Polygon","coordinates":[[[-93.69126,41.93729],[-93.67916,41.93729],[-93.67916,41.94729],[-93.69126,41.94729],[-93.69126,41.93729]]]}},{"type":"Feature","id":174,"properties":{"id":"41.94229_-93.69731"},"geometry":{"type":"Polygon","coordinates":[[[-93.70336,41.93729],[-93.69126,41.93729],[-93.69126,41.94729],[-93.70336,41.94729],[-93.70336,41.93729]]]}},{"type":"Feature","id":175,"properties":{"id":"41.94229_-93.70941"},"geometry":{"type":"Polygon","coordinates":[[[-93.71546,41.93729],[-93.70336,41.93729],[-93.70336,41.94729],[-93.71546,41.94729],[-93.71546,41.93729]]]}},{"type":"Feature","id":176,"properties":{"id":"41.94229_-93.72151"},"geometry":{"type":"Polygon","coordinates":[[[-93.72756,41.93729],[-93.71546,41.93729],[-93.71546,41.94729],[-93.72756,41.94729],[-93.72756,41.93729]]]}},{"type":"Feature","id":177,"properties":{"id":"41.94229_-93.73361"},"geometry":{"type":"Polygon","coordinates":[[[-93.73966,41.93729],[-93.72756,41.93729],[-93.72756,41.94729],[-93.73966,41.94729],[-93.73966,41.93729]]]}},{"type":"Feature","id":178,"properties":{"id":"41.94229_-93.74571"},"geometry":{"type":"Polygon","coordinates":[[[-93.75176,41.93729],[-93.73966,41.93729],[-93.73966,41.94729],[-93.75176,41.94729],[-93.75176,41.93729]]]}},{"type":"Feature","id":179,"properties":{"id":"41.94229_-93.75781"},"geometry":{"type":"Polygon","coordinates":[[[-93.76386,41.93729],[-93.75176,41.93729],[-93.75176,41.94729],[-93.76386,41.94729],[-93.76386,41.93729]]]}},{"type":"Feature","id":180,"properties":{"id":"41.94229_-93.76991"},"geometry":{"type":"Polygon","coordinates":[[[-93.77596,41.93729],[-93.76386,41.93729],[-93.76386,41.94729],[-93.77596,41.94729],[-93.77596,41.93729]]]}},{"type":"Feature","id":181,"properties":{"id":"41.94229_-93.78201"},"geometry":{"type":"Polygon","coordinates":[[[-93.78806,41.93729],[-93.77596,41.93729],[-93.77596,41.94729],[-93.78806,41.94729],[-93.78806,41.93729]]]}},{"type":"Feature","id":182,"properties":{"id":"41.94229_-93.79411"},"geometry":{"type":"Polygon","coordinates":[[[-93.80016,41.93729],[-93.78806,41.93729],[-93.78806,41.94729],[-93.80016,41.94729],[-93.80016,41.93729]]]}},{"type":"Feature","id":183,"properties":{"id":"41.94229_-93.80621"},"geometry":{"type":"Polygon","coordinates":[[[-93.81226,41.93729],[-93.80016,41.93729],[-93.80016,41.94729],[-93.81226,41.94729],[-93.81226,41.93729]]]}},{"type":"Feature","id":184,"properties":{"id":"41.94229_-93.81831"},"geometry":{"type":"Polygon","coordinates":[[[-93.82436,41.93729],[-93.81226,41.93729],[-93.81226,41.94729],[-93.82436,41.94729],[-93.82436,41.93729]]]}},{"type":"Feature","id":185,"properties":{"id":"41.94229_-93.83041"},"geometry":{"type":"Polygon","coordinates":[[[-93.83646,41.93729],[-93.82436,41.93729],[-93.82436,41.94729],[-93.83646,41.94729],[-93.83646,41.93729]]]}},{"type":"Feature","id":186,"properties":{"id":"41.95229_-93.46741"},"geometry":{"type":"Polygon","coordinates":[[[-93.47346,41.94729],[-93.46136,41.94729],[-93.46136,41.95729],[-93.47346,41.95729],[-93.47346,41.94729]]]}},{"type":"Feature","id":187,"properties":{"id":"41.95229_-93.47951"},"geometry":{"type":"Polygon","coordinates":[[[-93.48556,41.94729],[-93.47346,41.94729],[-93.47346,41.95729],[-93.48556,41.95729],[-93.48556,41.94729]]]}},{"type":"Feature","id":188,"properties":{"id":"41.95229_-93.49161"},"geometry":{"type":"Polygon","coordinates":[[[-93.49766,41.94729],[-93.48556,41.94729],[-93.48556,41.95729],[-93.49766,41.95729],[-93.49766,41.94729]]]}},{"type":"Feature","id":189,"properties":{"id":"41.95229_-93.50371"},"geometry":{"type":"Polygon","coordinates":[[[-93.50976,41.94729],[-93.49766,41.94729],[-93.49766,41.95729],[-93.50976,41.95729],[-93.50976,41.94729]]]}},{"type":"Feature","id":190,"properties":{"id":"41.95229_-93.51581"},"geometry":{"type":"Polygon","coordinates":[[[-93.52186,41.94729],[-93.50976,41.94729],[-93.50976,41.95729],[-93.52186,41.95729],[-93.52186,41.94729]]]}},{"type":"Feature","id":191,"properties":{"id":"41.95229_-93.52791"},"geometry":{"type":"Polygon","coordinates":[[[-93.53396,41.94729],[-93.52186,41.94729],[-93.52186,41.95729],[-93.53396,41.95729],[-93.53396,41.94729]]]}},{"type":"Feature","id":192,"properties":{"id":"41.95229_-93.54001"},"geometry":{"type":"Polygon","coordinates":[[[-93.54606,41.94729],[-93.53396,41.94729],[-93.53396,41.95729],[-93.54606,41.95729],[-93.54606,41.94729]]]}},{"type":"Feature","id":193,"properties":{"id":"41.95229_-93.55211"},"geometry":{"type":"Polygon","coordinates":[[[-93.55816,41.94729],[-93.54606,41.94729],[-93.54606,41.95729],[-93.55816,41.95729],[-93.55816,41.94729]]]}},{"type":"Feature","id":194,"properties":{"id":"41.95229_-93.56421"},"geometry":{"type":"Polygon","coordinates":[[[-93.57026,41.94729],[-93.55816,41.94729],[-93.55816,41.95729],[-93.57026,41.95729],[-93.57026,41.94729]]]}},{"type":"Feature","id":195,"properties":{"id":"41.95229_-93.57631"},"geometry":{"type":"Polygon","coordinates":[[[-93.58236,41.94729],[-93.57026,41.94729],[-93.57026,41.95729],[-93.58236,41.95729],[-93.58236,41.94729]]]}},{"type":"Feature","id":196,"properties":{"id":"41.95229_-93.58841"},"geometry":{"type":"Polygon","coordinates":[[[-93.59446,41.94729],[-93.58236,41.94729],[-93.58236,41.95729],[-93.59446,41.95729],[-93.59446,41.94729]]]}},{"type":"Feature","id":197,"properties":{"id":"41.95229_-93.60051"},"geometry":{"type":"Polygon","coordinates":[[[-93.60656,41.94729],[-93.59446,41.94729],[-93.59446,41.95729],[-93.60656,41.95729],[-93.60656,41.94729]]]}},{"type":"Feature","id":198,"properties":{"id":"41.95229_-93.61261"},"geometry":{"type":"Polygon","coordinates":[[[-93.61866,41.94729],[-93.60656,41.94729],[-93.60656,41.95729],[-93.61866,41.95729],[-93.61866,41.94729]]]}},{"type":"Feature","id":199,"properties":{"id":"41.95229_-93.62471"},"geometry":{"type":"Polygon","coordinates":[[[-93.63076,41.94729],[-93.61866,41.94729],[-93.61866,41.95729],[-93.63076,41.95729],[-93.63076,41.94729]]]}},{"type":"Feature","id":200,"properties":{"id":"41.95229_-93.63681"},"geometry":{"type":"Polygon","coordinates":[[[-93.64286,41.94729],[-93.63076,41.94729],[-93.63076,41.95729],[-93.64286,41.95729],[-93.64286,41.94729]]]}},{"type":"Feature","id":201,"properties":{"id":"41.95229_-93.64891"},"geometry":{"type":"Polygon","coordinates":[[[-93.65496,41.94729],[-93.64286,41.94729],[-93.64286,41.95729],[-93.65496,41.95729],[-93.65496,41.94729]]]}},{"type":"Feature","id":202,"properties":{"id":"41.95229_-93.66101"},"geometry":{"type":"Polygon","coordinates":[[[-93.66706,41.94729],[-93.65496,41.94729],[-93.65496,41.95729],[-93.66706,41.95729],[-93.66706,41.94729]]]}},{"type":"Feature","id":203,"properties":{"id":"41.95229_-93.67311"},"geometry":{"type":"Polygon","coordinates":[[[-93.67916,41.94729],[-93.66706,41.94729],[-93.66706,41.95729],[-93.67916,41.95729],[-93.67916,41.94729]]]}},{"type":"Feature","id":204,"properties":{"id":"41.95229_-93.68521"},"geometry":{"type":"Polygon","coordinates":[[[-93.69126,41.94729],[-93.67916,41.94729],[-93.67916,41.95729],[-93.69126,41.95729],[-93.69126,41.94729]]]}},{"type":"Feature","id":205,"properties":{"id":"41.95229_-93.69731"},"geometry":{"type":"Polygon","coordinates":[[[-93.70336,41.94729],[-93.69126,41.94729],[-93.69126,41.95729],[-93.70336,41.95729],[-93.70336,41.94729]]]}},{"type":"Feature","id":206,"properties":{"id":"41.95229_-93.70941"},"geometry":{"type":"Polygon","coordinates":[[[-93.71546,41.94729],[-93.70336,41.94729],[-93.70336,41.95729],[-93.71546,41.95729],[-93.71546,41.94729]]]}},{"type":"Feature","id":207,"properties":{"id":"41.95229_-93.72151"},"geometry":{"type":"Polygon","coordinates":[[[-93.72756,41.94729],[-93.71546,41.94729],[-93.71546,41.95729],[-93.72756,41.95729],[-93.72756,41.94729]]]}},{"type":"Feature","id":208,"properties":{"id":"41.95229_-93.73361"},"geometry":{"type":"Polygon","coordinates":[[[-93.73966,41.94729],[-93.72756,41.94729],[-93.72756,41.95729],[-93.73966,41.95729],[-93.73966,41.94729]]]}},{"type":"Feature","id":209,"properties":{"id":"41.95229_-93.74571"},"geometry":{"type":"Polygon","coordinates":[[[-93.75176,41.94729],[-93.73966,41.94729],[-93.73966,41.95729],[-93.75176,41.95729],[-93.75176,41.94729]]]}},{"type":"Feature","id":210,"properties":{"id":"41.95229_-93.75781"},"geometry":{"type":"Polygon","coordinates":[[[-93.76386,41.94729],[-93.75176,41.94729],[-93.75176,41.95729],[-93.76386,41.95729],[-93.76386,41.94729]]]}},{"type":"Feature","id":211,"properties":{"id":"41.95229_-93.76991"},"geometry":{"type":"Polygon","coordinates":[[[-93.77596,41.94729],[-93.76386,41.94729],[-93.76386,41.95729],[-93.77596,41.95729],[-93.77596,41.94729]]]}},{"type":"Feature","id":212,"properties":{"id":"41.95229_-93.78201"},"geometry":{"type":"Polygon","coordinates":[[[-93.78806,41.94729],[-93.77596,41.94729],[-93.77596,41.95729],[-93.78806,41.95729],[-93.78806,41.94729]]]}},{"type":"Feature","id":213,"properties":{"id":"41.95229_-93.79411"},"geometry":{"type":"Polygon","coordinates":[[[-93.80016,41.94729],[-93.78806,41.94729],[-93.78806,41.95729],[-93.80016,41.95729],[-93.80016,41.94729]]]}},{"type":"Feature","id":214,"properties":{"id":"41.95229_-93.80621"},"geometry":{"type":"Polygon","coordinates":[[[-93.81226,41.94729],[-93.80016,41.94729],[-93.80016,41.95729],[-93.81226,41.95729],[-93.81226,41.94729]]]}},{"type":"Feature","id":215,"properties":{"id":"41.95229_-93.81831"},"geometry":{"type":"Polygon","coordinates":[[[-93.82436,41.94729],[-93.81226,41.94729],[-93.81226,41.95729],[-93.82436,41.95729],[-93.82436,41.94729]]]}},{"type":"Feature","id":216,"properties":{"id":"41.95229_-93.83041"},"geometry":{"type":"Polygon","coordinates":[[[-93.83646,41.94729],[-93.82436,41.94729],[-93.82436,41.95729],[-93.83646,41.95729],[-93.83646,41.94729]]]}},{"type":"Feature","id":217,"properties":{"id":"41.96229_-93.46741"},"geometry":{"type":"Polygon","coordinates":[[[-93.47346,41.95729],[-93.46136,41.95729],[-93.46136,41.96729],[-93.47346,41.96729],[-93.47346,41.95729]]]}},{"type":"Feature","id":218,"properties":{"id":"41.96229_-93.47951"},"geometry":{"type":"Polygon","coordinates":[[[-93.48556,41.95729],[-93.47346,41.95729],[-93.47346,41.96729],[-93.48556,41.96729],[-93.48556,41.95729]]]}},{"type":"Feature","id":219,"properties":{"id":"41.96229_-93.49161"},"geometry":{"type":"Polygon","coordinates":[[[-93.49766,41.95729],[-93.48556,41.95729],[-93.48556,41.96729],[-93.49766,41.96729],[-93.49766,41.95729]]]}},{"type":"Feature","id":220,"properties":{"id":"41.96229_-93.50371"},"geometry":{"type":"Polygon","coordinates":[[[-93.50976,41.95729],[-93.49766,41.95729],[-93.49766,41.96729],[-93.50976,41.96729],[-93.50976,41.95729]]]}},{"type":"Feature","id":221,"properties":{"id":"41.96229_-93.51581"},"geometry":{"type":"Polygon","coordinates":[[[-93.52186,41.95729],[-93.50976,41.95729],[-93.50976,41.96729],[-93.52186,41.96729],[-93.52186,41.95729]]]}},{"type":"Feature","id":222,"properties":{"id":"41.96229_-93.52791"},"geometry":{"type":"Polygon","coordinates":[[[-93.53396,41.95729],[-93.52186,41.95729],[-93.52186,41.96729],[-93.53396,41.96729],[-93.53396,41.95729]]]}},{"type":"Feature","id":223,"properties":{"id":"41.96229_-93.54001"},"geometry":{"type":"Polygon","coordinates":[[[-93.54606,41.95729],[-93.53396,41.95729],[-93.53396,41.96729],[-93.54606,41.96729],[-93.54606,41.95729]]]}},{"type":"Feature","id":224,"properties":{"id":"41.96229_-93.55211"},"geometry":{"type":"Polygon","coordinates":[[[-93.55816,41.95729],[-93.54606,41.95729],[-93.54606,41.96729],[-93.55816,41.96729],[-93.55816,41.95729]]]}},{"type":"Feature","id":225,"properties":{"id":"41.96229_-93.56421"},"geometry":{"type":"Polygon","coordinates":[[[-93.57026,41.95729],[-93.55816,41.95729],[-93.55816,41.96729],[-93.57026,41.96729],[-93.57026,41.95729]]]}},{"type":"Feature","id":226,"properties":{"id":"41.96229_-93.57631"},"geometry":{"type":"Polygon","coordinates":[[[-93.58236,41.95729],[-93.57026,41.95729],[-93.57026,41.96729],[-93.58236,41.96729],[-93.58236,41.95729]]]}},{"type":"Feature","id":227,"properties":{"id":"41.96229_-93.58841"},"geometry":{"type":"Polygon","coordinates":[[[-93.59446,41.95729],[-93.58236,41.95729],[-93.58236,41.96729],[-93.59446,41.96729],[-93.59446,41.95729]]]}},{"type":"Feature","id":228,"properties":{"id":"41.96229_-93.60051"},"geometry":{"type":"Polygon","coordinates":[[[-93.60656,41.95729],[-93.59446,41.95729],[-93.59446,41.96729],[-93.60656,41.96729],[-93.60656,41.95729]]]}},{"type":"Feature","id":229,"properties":{"id":"41.96229_-93.61261"},"geometry":{"type":"Polygon","coordinates":[[[-93.61866,41.95729],[-93.60656,41.95729],[-93.60656,41.96729],[-93.61866,41.96729],[-93.61866,41.95729]]]}},{"type":"Feature","id":230,"properties":{"id":"41.96229_-93.62471"},"geometry":{"type":"Polygon","coordinates":[[[-93.63076,41.95729],[-93.61866,41.95729],[-93.61866,41.96729],[-93.63076,41.96729],[-93.63076,41.95729]]]}},{"type":"Feature","id":231,"properties":{"id":"41.96229_-93.63681"},"geometry":{"type":"Polygon","coordinates":[[[-93.64286,41.95729],[-93.63076,41.95729],[-93.63076,41.96729],[-93.64286,41.96729],[-93.64286,41.95729]]]}},{"type":"Feature","id":232,"properties":{"id":"41.96229_-93.64891"},"geometry":{"type":"Polygon","coordinates":[[[-93.65496,41.95729],[-93.64286,41.95729],[-93.64286,41.96729],[-93.65496,41.96729],[-93.65496,41.95729]]]}},{"type":"Feature","id":233,"properties":{"id":"41.96229_-93.66101"},"geometry":{"type":"Polygon","coordinates":[[[-93.66706,41.95729],[-93.65496,41.95729],[-93.65496,41.96729],[-93.66706,41.96729],[-93.66706,41.95729]]]}},{"type":"Feature","id":234,"properties":{"id":"41.96229_-93.67311"},"geometry":{"type":"Polygon","coordinates":[[[-93.67916,41.95729],[-93.66706,41.95729],[-93.66706,41.96729],[-93.67916,41.96729],[-93.67916,41.95729]]]}},{"type":"Feature","id":235,"properties":{"id":"41.96229_-93.68521"},"geometry":{"type":"Polygon","coordinates":[[[-93.69126,41.95729],[-93.67916,41.95729],[-93.67916,41.96729],[-93.69126,41.96729],[-93.69126,41.95729]]]}},{"type":"Feature","id":236,"properties":{"id":"41.96229_-93.69731"},"geometry":{"type":"Polygon","coordinates":[[[-93.70336,41.95729],[-93.69126,41.95729],[-93.69126,41.96729],[-93.70336,41.96729],[-93.70336,41.95729]]]}},{"type":"Feature","id":237,"properties":{"id":"41.96229_-93.70941"},"geometry":{"type":"Polygon","coordinates":[[[-93.71546,41.95729],[-93.70336,41.95729],[-93.70336,41.96729],[-93.71546,41.96729],[-93.71546,41.95729]]]}},{"type":"Feature","id":238,"properties":{"id":"41.96229_-93.72151"},"geometry":{"type":"Polygon","coordinates":[[[-93.72756,41.95729],[-93.71546,41.95729],[-93.71546,41.96729],[-93.72756,41.96729],[-93.72756,41.95729]]]}},{"type":"Feature","id":239,"properties":{"id":"41.96229_-93.73361"},"geometry":{"type":"Polygon","coordinates":[[[-93.73966,41.95729],[-93.72756,41.95729],[-93.72756,41.96729],[-93.73966,41.96729],[-93.73966,41.95729]]]}},{"type":"Feature","id":240,"properties":{"id":"41.96229_-93.74571"},"geometry":{"type":"Polygon","coordinates":[[[-93.75176,41.95729],[-93.73966,41.95729],[-93.73966,41.96729],[-93.75176,41.96729],[-93.75176,41.95729]]]}},{"type":"Feature","id":241,"properties":{"id":"41.96229_-93.75781"},"geometry":{"type":"Polygon","coordinates":[[[-93.76386,41.95729],[-93.75176,41.95729],[-93.75176,41.96729],[-93.76386,41.96729],[-93.76386,41.95729]]]}},{"type":"Feature","id":242,"properties":{"id":"41.96229_-93.76991"},"geometry":{"type":"Polygon","coordinates":[[[-93.77596,41.95729],[-93.76386,41.95729],[-93.76386,41.96729],[-93.77596,41.96729],[-93.77596,41.95729]]]}},{"type":"Feature","id":243,"properties":{"id":"41.96229_-93.78201"},"geometry":{"type":"Polygon","coordinates":[[[-93.78806,41.95729],[-93.77596,41.95729],[-93.77596,41.96729],[-93.78806,41.96729],[-93.78806,41.95729]]]}},{"type":"Feature","id":244,"properties":{"id":"41.96229_-93.79411"},"geometry":{"type":"Polygon","coordinates":[[[-93.80016,41.95729],[-93.78806,41.95729],[-93.78806,41.96729],[-93.80016,41.96729],[-93.80016,41.95729]]]}},{"type":"Feature","id":245,"properties":{"id":"41.96229_-93.80621"},"geometry":{"type":"Polygon","coordinates":[[[-93.81226,41.95729],[-93.80016,41.95729],[-93.80016,41.96729],[-93.81226,41.96729],[-93.81226,41.95729]]]}},{"type":"Feature","id":246,"properties":{"id":"41.96229_-93.81831"},"geometry":{"type":"Polygon","coordinates":[[[-93.82436,41.95729],[-93.81226,41.95729],[-93.81226,41.96729],[-93.82436,41.96729],[-93.82436,41.95729]]]}},{"type":"Feature","id":247,"properties":{"id":"41.96229_-93.83041"},"geometry":{"type":"Polygon","coordinates":[[[-93.83646,41.95729],[-93.82436,41.95729],[-93.82436,41.96729],[-93.83646,41.96729],[-93.83646,41.95729]]]}},{"type":"Feature","id":248,"properties":{"id":"41.97229_-93.46741"},"geometry":{"type":"Polygon","coordinates":[[[-93.47346,41.96729],[-93.46136,41.96729],[-93.46136,41.97729],[-93.47346,41.97729],[-93.47346,41.96729]]]}},{"type":"Feature","id":249,"properties":{"id":"41.97229_-93.47951"},"geometry":{"type":"Polygon","coordinates":[[[-93.48556,41.96729],[-93.47346,41.96729],[-93.47346,41.97729],[-93.48556,41.97729],[-93.48556,41.96729]]]}},{"type":"Feature","id":250,"properties":{"id":"41.97229_-93.49161"},"geometry":{"type":"Polygon","coordinates":[[[-93.49766,41.96729],[-93.48556,41.96729],[-93.48556,41.97729],[-93.49766,41.97729],[-93.49766,41.96729]]]}},{"type":"Feature","id":251,"properties":{"id":"41.97229_-93.50371"},"geometry":{"type":"Polygon","coordinates":[[[-93.50976,41.96729],[-93.49766,41.96729],[-93.49766,41.97729],[-93.50976,41.97729],[-93.50976,41.96729]]]}},{"type":"Feature","id":252,"properties":{"id":"41.97229_-93.51581"},"geometry":{"type":"Polygon","coordinates":[[[-93.52186,41.96729],[-93.50976,41.96729],[-93.50976,41.97729],[-93.52186,41.97729],[-93.52186,41.96729]]]}},{"type":"Feature","id":253,"properties":{"id":"41.97229_-93.52791"},"geometry":{"type":"Polygon","coordinates":[[[-93.53396,41.96729],[-93.52186,41.96729],[-93.52186,41.97729],[-93.53396,41.97729],[-93.53396,41.96729]]]}},{"type":"Feature","id":254,"properties":{"id":"41.97229_-93.54001"},"geometry":{"type":"Polygon","coordinates":[[[-93.54606,41.96729],[-93.53396,41.96729],[-93.53396,41.97729],[-93.54606,41.97729],[-93.54606,41.96729]]]}},{"type":"Feature","id":255,"properties":{"id":"41.97229_-93.55211"},"geometry":{"type":"Polygon","coordinates":[[[-93.55816,41.96729],[-93.54606,41.96729],[-93.54606,41.97729],[-93.55816,41.97729],[-93.55816,41.96729]]]}},{"type":"Feature","id":256,"properties":{"id":"41.97229_-93.56421"},"geometry":{"type":"Polygon","coordinates":[[[-93.57026,41.96729],[-93.55816,41.96729],[-93.55816,41.97729],[-93.57026,41.97729],[-93.57026,41.96729]]]}},{"type":"Feature","id":257,"properties":{"id":"41.97229_-93.57631"},"geometry":{"type":"Polygon","coordinates":[[[-93.58236,41.96729],[-93.57026,41.96729],[-93.57026,41.97729],[-93.58236,41.97729],[-93.58236,41.96729]]]}},{"type":"Feature","id":258,"properties":{"id":"41.97229_-93.58841"},"geometry":{"type":"Polygon","coordinates":[[[-93.59446,41.96729],[-93.58236,41.96729],[-93.58236,41.97729],[-93.59446,41.97729],[-93.59446,41.96729]]]}},{"type":"Feature","id":259,"properties":{"id":"41.97229_-93.60051"},"geometry":{"type":"Polygon","coordinates":[[[-93.60656,41.96729],[-93.59446,41.96729],[-93.59446,41.97729],[-93.60656,41.97729],[-93.60656,41.96729]]]}},{"type":"Feature","id":260,"properties":{"id":"41.97229_-93.61261"},"geometry":{"type":"Polygon","coordinates":[[[-93.61866,41.96729],[-93.60656,41.96729],[-93.60656,41.97729],[-93.61866,41.97729],[-93.61866,41.96729]]]}},{"type":"Feature","id":261,"properties":{"id":"41.97229_-93.62471"},"geometry":{"type":"Polygon","coordinates":[[[-93.63076,41.96729],[-93.61866,41.96729],[-93.61866,41.97729],[-93.63076,41.97729],[-93.63076,41.96729]]]}},{"type":"Feature","id":262,"properties":{"id":"41.97229_-93.63681"},"geometry":{"type":"Polygon","coordinates":[[[-93.64286,41.96729],[-93.63076,41.96729],[-93.63076,41.97729],[-93.64286,41.97729],[-93.64286,41.96729]]]}},{"type":"Feature","id":263,"properties":{"id":"41.97229_-93.64891"},"geometry":{"type":"Polygon","coordinates":[[[-93.65496,41.96729],[-93.64286,41.96729],[-93.64286,41.97729],[-93.65496,41.97729],[-93.65496,41.96729]]]}},{"type":"Feature","id":264,"properties":{"id":"41.97229_-93.66101"},"geometry":{"type":"Polygon","coordinates":[[[-93.66706,41.96729],[-93.65496,41.96729],[-93.65496,41.97729],[-93.66706,41.97729],[-93.66706,41.96729]]]}},{"type":"Feature","id":265,"properties":{"id":"41.97229_-93.67311"},"geometry":{"type":"Polygon","coordinates":[[[-93.67916,41.96729],[-93.66706,41.96729],[-93.66706,41.97729],[-93.67916,41.97729],[-93.67916,41.96729]]]}},{"type":"Feature","id":266,"properties":{"id":"41.97229_-93.68521"},"geometry":{"type":"Polygon","coordinates":[[[-93.69126,41.96729],[-93.67916,41.96729],[-93.67916,41.97729],[-93.69126,41.97729],[-93.69126,41.96729]]]}},{"type":"Feature","id":267,"properties":{"id":"41.97229_-93.69731"},"geometry":{"type":"Polygon","coordinates":[[[-93.70336,41.96729],[-93.69126,41.96729],[-93.69126,41.97729],[-93.70336,41.97729],[-93.70336,41.96729]]]}},{"type":"Feature","id":268,"properties":{"id":"41.97229_-93.70941"},"geometry":{"type":"Polygon","coordinates":[[[-93.71546,41.96729],[-93.70336,41.96729],[-93.70336,41.97729],[-93.71546,41.97729],[-93.71546,41.96729]]]}},{"type":"Feature","id":269,"properties":{"id":"41.97229_-93.72151"},"geometry":{"type":"Polygon","coordinates":[[[-93.72756,41.96729],[-93.71546,41.96729],[-93.71546,41.97729],[-93.72756,41.97729],[-93.72756,41.96729]]]}},{"type":"Feature","id":270,"properties":{"id":"41.97229_-93.73361"},"geometry":{"type":"Polygon","coordinates":[[[-93.73966,41.96729],[-93.72756,41.96729],[-93.72756,41.97729],[-93.73966,41.97729],[-93.73966,41.96729]]]}},{"type":"Feature","id":271,"properties":{"id":"41.97229_-93.74571"},"geometry":{"type":"Polygon","coordinates":[[[-93.75176,41.96729],[-93.73966,41.96729],[-93.73966,41.97729],[-93.75176,41.97729],[-93.75176,41.96729]]]}},{"type":"Feature","id":272,"properties":{"id":"41.97229_-93.75781"},"geometry":{"type":"Polygon","coordinates":[[[-93.76386,41.96729],[-93.75176,41.96729],[-93.75176,41.97729],[-93.76386,41.97729],[-93.76386,41.96729]]]}},{"type":"Feature","id":273,"properties":{"id":"41.97229_-93.76991"},"geometry":{"type":"Polygon","coordinates":[[[-93.77596,41.96729],[-93.76386,41.96729],[-93.76386,41.97729],[-93.77596,41.97729],[-93.77596,41.96729]]]}},{"type":"Feature","id":274,"properties":{"id":"41.97229_-93.78201"},"geometry":{"type":"Polygon","coordinates":[[[-93.78806,41.96729],[-93.77596,41.96729],[-93.77596,41.97729],[-93.78806,41.97729],[-93.78806,41.96729]]]}},{"type":"Feature","id":275,"properties":{"id":"41.97229_-93.79411"},"geometry":{"type":"Polygon","coordinates":[[[-93.80016,41.96729],[-93.78806,41.96729],[-93.78806,41.97729],[-93.80016,41.97729],[-93.80016,41.96729]]]}},{"type":"Feature","id":276,"properties":{"id":"41.97229_-93.80621"},"geometry":{"type":"Polygon","coordinates":[[[-93.81226,41.96729],[-93.80016,41.96729],[-93.80016,41.97729],[-93.81226,41.97729],[-93.81226,41.96729]]]}},{"type":"Feature","id":277,"properties":{"id":"41.97229_-93.81831"},"geometry":{"type":"Polygon","coordinates":[[[-93.82436,41.96729],[-93.81226,41.96729],[-93.81226,41.97729],[-93.82436,41.97729],[-93.82436,41.96729]]]}},{"type":"Feature","id":278,"properties":{"id":"41.97229_-93.83041"},"geometry":{"type":"Polygon","coordinates":[[[-93.83646,41.96729],[-93.82436,41.96729],[-93.82436,41.97729],[-93.83646,41.97729],[-93.83646,41.96729]]]}},{"type":"Feature","id":279,"properties":{"id":"41.98229_-93.46741"},"geometry":{"type":"Polygon","coordinates":[[[-93.47346,41.97729],[-93.46136,41.97729],[-93.46136,41.98729],[-93.47346,41.98729],[-93.47346,41.97729]]]}},{"type":"Feature","id":280,"properties":{"id":"41.98229_-93.47951"},"geometry":{"type":"Polygon","coordinates":[[[-93.48556,41.97729],[-93.47346,41.97729],[-93.47346,41.98729],[-93.48556,41.98729],[-93.48556,41.97729]]]}},{"type":"Feature","id":281,"properties":{"id":"41.98229_-93.49161"},"geometry":{"type":"Polygon","coordinates":[[[-93.49766,41.97729],[-93.48556,41.97729],[-93.48556,41.98729],[-93.49766,41.98729],[-93.49766,41.97729]]]}},{"type":"Feature","id":282,"properties":{"id":"41.98229_-93.50371"},"geometry":{"type":"Polygon","coordinates":[[[-93.50976,41.97729],[-93.49766,41.97729],[-93.49766,41.98729],[-93.50976,41.98729],[-93.50976,41.97729]]]}},{"type":"Feature","id":283,"properties":{"id":"41.98229_-93.51581"},"geometry":{"type":"Polygon","coordinates":[[[-93.52186,41.97729],[-93.50976,41.97729],[-93.50976,41.98729],[-93.52186,41.98729],[-93.52186,41.97729]]]}},{"type":"Feature","id":284,"properties":{"id":"41.98229_-93.52791"},"geometry":{"type":"Polygon","coordinates":[[[-93.53396,41.97729],[-93.52186,41.97729],[-93.52186,41.98729],[-93.53396,41.98729],[-93.53396,41.97729]]]}},{"type":"Feature","id":285,"properties":{"id":"41.98229_-93.54001"},"geometry":{"type":"Polygon","coordinates":[[[-93.54606,41.97729],[-93.53396,41.97729],[-93.53396,41.98729],[-93.54606,41.98729],[-93.54606,41.97729]]]}},{"type":"Feature","id":286,"properties":{"id":"41.98229_-93.55211"},"geometry":{"type":"Polygon","coordinates":[[[-93.55816,41.97729],[-93.54606,41.97729],[-93.54606,41.98729],[-93.55816,41.98729],[-93.55816,41.97729]]]}},{"type":"Feature","id":287,"properties":{"id":"41.98229_-93.56421"},"geometry":{"type":"Polygon","coordinates":[[[-93.57026,41.97729],[-93.55816,41.97729],[-93.55816,41.98729],[-93.57026,41.98729],[-93.57026,41.97729]]]}},{"type":"Feature","id":288,"properties":{"id":"41.98229_-93.57631"},"geometry":{"type":"Polygon","coordinates":[[[-93.58236,41.97729],[-93.57026,41.97729],[-93.57026,41.98729],[-93.58236,41.98729],[-93.58236,41.97729]]]}},{"type":"Feature","id":289,"properties":{"id":"41.98229_-93.58841"},"geometry":{"type":"Polygon","coordinates":[[[-93.59446,41.97729],[-93.58236,41.97729],[-93.58236,41.98729],[-93.59446,41.98729],[-93.59446,41.97729]]]}},{"type":"Feature","id":290,"properties":{"id":"41.98229_-93.60051"},"geometry":{"type":"Polygon","coordinates":[[[-93.60656,41.97729],[-93.59446,41.97729],[-93.59446,41.98729],[-93.60656,41.98729],[-93.60656,41.97729]]]}},{"type":"Feature","id":291,"properties":{"id":"41.98229_-93.61261"},"geometry":{"type":"Polygon","coordinates":[[[-93.61866,41.97729],[-93.60656,41.97729],[-93.60656,41.98729],[-93.61866,41.98729],[-93.61866,41.97729]]]}},{"type":"Feature","id":292,"properties":{"id":"41.98229_-93.62471"},"geometry":{"type":"Polygon","coordinates":[[[-93.63076,41.97729],[-93.61866,41.97729],[-93.61866,41.98729],[-93.63076,41.98729],[-93.63076,41.97729]]]}},{"type":"Feature","id":293,"properties":{"id":"41.98229_-93.63681"},"geometry":{"type":"Polygon","coordinates":[[[-93.64286,41.97729],[-93.63076,41.97729],[-93.63076,41.98729],[-93.64286,41.98729],[-93.64286,41.97729]]]}},{"type":"Feature","id":294,"properties":{"id":"41.98229_-93.64891"},"geometry":{"type":"Polygon","coordinates":[[[-93.65496,41.97729],[-93.64286,41.97729],[-93.64286,41.98729],[-93.65496,41.98729],[-93.65496,41.97729]]]}},{"type":"Feature","id":295,"properties":{"id":"41.98229_-93.66101"},"geometry":{"type":"Polygon","coordinates":[[[-93.66706,41.97729],[-93.65496,41.97729],[-93.65496,41.98729],[-93.66706,41.98729],[-93.66706,41.97729]]]}},{"type":"Feature","id":296,"properties":{"id":"41.98229_-93.67311"},"geometry":{"type":"Polygon","coordinates":[[[-93.67916,41.97729],[-93.66706,41.97729],[-93.66706,41.98729],[-93.67916,41.98729],[-93.67916,41.97729]]]}},{"type":"Feature","id":297,"properties":{"id":"41.98229_-93.68521"},"geometry":{"type":"Polygon","coordinates":[[[-93.69126,41.97729],[-93.67916,41.97729],[-93.67916,41.98729],[-93.69126,41.98729],[-93.69126,41.97729]]]}},{"type":"Feature","id":298,"properties":{"id":"41.98229_-93.69731"},"geometry":{"type":"Polygon","coordinates":[[[-93.70336,41.97729],[-93.69126,41.97729],[-93.69126,41.98729],[-93.70336,41.98729],[-93.70336,41.97729]]]}},{"type":"Feature","id":299,"properties":{"id":"41.98229_-93.70941"},"geometry":{"type":"Polygon","coordinates":[[[-93.71546,41.97729],[-93.70336,41.97729],[-93.70336,41.98729],[-93.71546,41.98729],[-93.71546,41.97729]]]}},{"type":"Feature","id":300,"properties":{"id":"41.98229_-93.72151"},"geometry":{"type":"Polygon","coordinates":[[[-93.72756,41.97729],[-93.71546,41.97729],[-93.71546,41.98729],[-93.72756,41.98729],[-93.72756,41.97729]]]}},{"type":"Feature","id":301,"properties":{"id":"41.98229_-93.73361"},"geometry":{"type":"Polygon","coordinates":[[[-93.73966,41.97729],[-93.72756,41.97729],[-93.72756,41.98729],[-93.73966,41.98729],[-93.73966,41.97729]]]}},{"type":"Feature","id":302,"properties":{"id":"41.98229_-93.74571"},"geometry":{"type":"Polygon","coordinates":[[[-93.75176,41.97729],[-93.73966,41.97729],[-93.73966,41.98729],[-93.75176,41.98729],[-93.75176,41.97729]]]}},{"type":"Feature","id":303,"properties":{"id":"41.98229_-93.75781"},"geometry":{"type":"Polygon","coordinates":[[[-93.76386,41.97729],[-93.75176,41.97729],[-93.75176,41.98729],[-93.76386,41.98729],[-93.76386,41.97729]]]}},{"type":"Feature","id":304,"properties":{"id":"41.98229_-93.76991"},"geometry":{"type":"Polygon","coordinates":[[[-93.77596,41.97729],[-93.76386,41.97729],[-93.76386,41.98729],[-93.77596,41.98729],[-93.77596,41.97729]]]}},{"type":"Feature","id":305,"properties":{"id":"41.98229_-93.78201"},"geometry":{"type":"Polygon","coordinates":[[[-93.78806,41.97729],[-93.77596,41.97729],[-93.77596,41.98729],[-93.78806,41.98729],[-93.78806,41.97729]]]}},{"type":"Feature","id":306,"properties":{"id":"41.98229_-93.79411"},"geometry":{"type":"Polygon","coordinates":[[[-93.80016,41.97729],[-93.78806,41.97729],[-93.78806,41.98729],[-93.80016,41.98729],[-93.80016,41.97729]]]}},{"type":"Feature","id":307,"properties":{"id":"41.98229_-93.80621"},"geometry":{"type":"Polygon","coordinates":[[[-93.81226,41.97729],[-93.80016,41.97729],[-93.80016,41.98729],[-93.81226,41.98729],[-93.81226,41.97729]]]}},{"type":"Feature","id":308,"properties":{"id":"41.98229_-93.81831"},"geometry":{"type":"Polygon","coordinates":[[[-93.82436,41.97729],[-93.81226,41.97729],[-93.81226,41.98729],[-93.82436,41.98729],[-93.82436,41.97729]]]}},{"type":"Feature","id":309,"properties":{"id":"41.98229_-93.83041"},"geometry":{"type":"Polygon","coordinates":[[[-93.83646,41.97729],[-93.82436,41.97729],[-93.82436,41.98729],[-93.83646,41.98729],[-93.83646,41.97729]]]}},{"type":"Feature","id":310,"properties":{"id":"41.99229_-93.46741"},"geometry":{"type":"Polygon","coordinates":[[[-93.47346,41.98729],[-93.46136,41.98729],[-93.46136,41.99729],[-93.47346,41.99729],[-93.47346,41.98729]]]}},{"type":"Feature","id":311,"properties":{"id":"41.99229_-93.47951"},"geometry":{"type":"Polygon","coordinates":[[[-93.48556,41.98729],[-93.47346,41.98729],[-93.47346,41.99729],[-93.48556,41.99729],[-93.48556,41.98729]]]}},{"type":"Feature","id":312,"properties":{"id":"41.99229_-93.49161"},"geometry":{"type":"Polygon","coordinates":[[[-93.49766,41.98729],[-93.48556,41.98729],[-93.48556,41.99729],[-93.49766,41.99729],[-93.49766,41.98729]]]}},{"type":"Feature","id":313,"properties":{"id":"41.99229_-93.50371"},"geometry":{"type":"Polygon","coordinates":[[[-93.50976,41.98729],[-93.49766,41.98729],[-93.49766,41.99729],[-93.50976,41.99729],[-93.50976,41.98729]]]}},{"type":"Feature","id":314,"properties":{"id":"41.99229_-93.51581"},"geometry":{"type":"Polygon","coordinates":[[[-93.52186,41.98729],[-93.50976,41.98729],[-93.50976,41.99729],[-93.52186,41.99729],[-93.52186,41.98729]]]}},{"type":"Feature","id":315,"properties":{"id":"41.99229_-93.52791"},"geometry":{"type":"Polygon","coordinates":[[[-93.53396,41.98729],[-93.52186,41.98729],[-93.52186,41.99729],[-93.53396,41.99729],[-93.53396,41.98729]]]}},{"type":"Feature","id":316,"properties":{"id":"41.99229_-93.54001"},"geometry":{"type":"Polygon","coordinates":[[[-93.54606,41.98729],[-93.53396,41.98729],[-93.53396,41.99729],[-93.54606,41.99729],[-93.54606,41.98729]]]}},{"type":"Feature","id":317,"properties":{"id":"41.99229_-93.55211"},"geometry":{"type":"Polygon","coordinates":[[[-93.55816,41.98729],[-93.54606,41.98729],[-93.54606,41.99729],[-93.55816,41.99729],[-93.55816,41.98729]]]}},{"type":"Feature","id":318,"properties":{"id":"41.99229_-93.56421"},"geometry":{"type":"Polygon","coordinates":[[[-93.57026,41.98729],[-93.55816,41.98729],[-93.55816,41.99729],[-93.57026,41.99729],[-93.57026,41.98729]]]}},{"type":"Feature","id":319,"properties":{"id":"41.99229_-93.57631"},"geometry":{"type":"Polygon","coordinates":[[[-93.58236,41.98729],[-93.57026,41.98729],[-93.57026,41.99729],[-93.58236,41.99729],[-93.58236,41.98729]]]}},{"type":"Feature","id":320,"properties":{"id":"41.99229_-93.58841"},"geometry":{"type":"Polygon","coordinates":[[[-93.59446,41.98729],[-93.58236,41.98729],[-93.58236,41.99729],[-93.59446,41.99729],[-93.59446,41.98729]]]}},{"type":"Feature","id":321,"properties":{"id":"41.99229_-93.60051"},"geometry":{"type":"Polygon","coordinates":[[[-93.60656,41.98729],[-93.59446,41.98729],[-93.59446,41.99729],[-93.60656,41.99729],[-93.60656,41.98729]]]}},{"type":"Feature","id":322,"properties":{"id":"41.99229_-93.61261"},"geometry":{"type":"Polygon","coordinates":[[[-93.61866,41.98729],[-93.60656,41.98729],[-93.60656,41.99729],[-93.61866,41.99729],[-93.61866,41.98729]]]}},{"type":"Feature","id":323,"properties":{"id":"41.99229_-93.62471"},"geometry":{"type":"Polygon","coordinates":[[[-93.63076,41.98729],[-93.61866,41.98729],[-93.61866,41.99729],[-93.63076,41.99729],[-93.63076,41.98729]]]}},{"type":"Feature","id":324,"properties":{"id":"41.99229_-93.63681"},"geometry":{"type":"Polygon","coordinates":[[[-93.64286,41.98729],[-93.63076,41.98729],[-93.63076,41.99729],[-93.64286,41.99729],[-93.64286,41.98729]]]}},{"type":"Feature","id":325,"properties":{"id":"41.99229_-93.64891"},"geometry":{"type":"Polygon","coordinates":[[[-93.65496,41.98729],[-93.64286,41.98729],[-93.64286,41.99729],[-93.65496,41.99729],[-93.65496,41.98729]]]}},{"type":"Feature","id":326,"properties":{"id":"41.99229_-93.66101"},"geometry":{"type":"Polygon","coordinates":[[[-93.66706,41.98729],[-93.65496,41.98729],[-93.65496,41.99729],[-93.66706,41.99729],[-93.66706,41.98729]]]}},{"type":"Feature","id":327,"properties":{"id":"41.99229_-93.67311"},"geometry":{"type":"Polygon","coordinates":[[[-93.67916,41.98729],[-93.66706,41.98729],[-93.66706,41.99729],[-93.67916,41.99729],[-93.67916,41.98729]]]}},{"type":"Feature","id":328,"properties":{"id":"41.99229_-93.68521"},"geometry":{"type":"Polygon","coordinates":[[[-93.69126,41.98729],[-93.67916,41.98729],[-93.67916,41.99729],[-93.69126,41.99729],[-93.69126,41.98729]]]}},{"type":"Feature","id":329,"properties":{"id":"41.99229_-93.69731"},"geometry":{"type":"Polygon","coordinates":[[[-93.70336,41.98729],[-93.69126,41.98729],[-93.69126,41.99729],[-93.70336,41.99729],[-93.70336,41.98729]]]}},{"type":"Feature","id":330,"properties":{"id":"41.99229_-93.70941"},"geometry":{"type":"Polygon","coordinates":[[[-93.71546,41.98729],[-93.70336,41.98729],[-93.70336,41.99729],[-93.71546,41.99729],[-93.71546,41.98729]]]}},{"type":"Feature","id":331,"properties":{"id":"41.99229_-93.72151"},"geometry":{"type":"Polygon","coordinates":[[[-93.72756,41.98729],[-93.71546,41.98729],[-93.71546,41.99729],[-93.72756,41.99729],[-93.72756,41.98729]]]}},{"type":"Feature","id":332,"properties":{"id":"41.99229_-93.73361"},"geometry":{"type":"Polygon","coordinates":[[[-93.73966,41.98729],[-93.72756,41.98729],[-93.72756,41.99729],[-93.73966,41.99729],[-93.73966,41.98729]]]}},{"type":"Feature","id":333,"properties":{"id":"41.99229_-93.74571"},"geometry":{"type":"Polygon","coordinates":[[[-93.75176,41.98729],[-93.73966,41.98729],[-93.73966,41.99729],[-93.75176,41.99729],[-93.75176,41.98729]]]}},{"type":"Feature","id":334,"properties":{"id":"41.99229_-93.75781"},"geometry":{"type":"Polygon","coordinates":[[[-93.76386,41.98729],[-93.75176,41.98729],[-93.75176,41.99729],[-93.76386,41.99729],[-93.76386,41.98729]]]}},{"type":"Feature","id":335,"properties":{"id":"41.99229_-93.76991"},"geometry":{"type":"Polygon","coordinates":[[[-93.77596,41.98729],[-93.76386,41.98729],[-93.76386,41.99729],[-93.77596,41.99729],[-93.77596,41.98729]]]}},{"type":"Feature","id":336,"properties":{"id":"41.99229_-93.78201"},"geometry":{"type":"Polygon","coordinates":[[[-93.78806,41.98729],[-93.77596,41.98729],[-93.77596,41.99729],[-93.78806,41.99729],[-93.78806,41.98729]]]}},{"type":"Feature","id":337,"properties":{"id":"41.99229_-93.79411"},"geometry":{"type":"Polygon","coordinates":[[[-93.80016,41.98729],[-93.78806,41.98729],[-93.78806,41.99729],[-93.80016,41.99729],[-93.80016,41.98729]]]}},{"type":"Feature","id":338,"properties":{"id":"41.99229_-93.80621"},"geometry":{"type":"Polygon","coordinates":[[[-93.81226,41.98729],[-93.80016,41.98729],[-93.80016,41.99729],[-93.81226,41.99729],[-93.81226,41.98729]]]}},{"type":"Feature","id":339,"properties":{"id":"41.99229_-93.81831"},"geometry":{"type":"Polygon","coordinates":[[[-93.82436,41.98729],[-93.81226,41.98729],[-93.81226,41.99729],[-93.82436,41.99729],[-93.82436,41.98729]]]}},{"type":"Feature","id":340,"properties":{"id":"41.99229_-93.83041"},"geometry":{"type":"Polygon","coordinates":[[[-93.83646,41.98729],[-93.82436,41.98729],[-93.82436,41.99729],[-93.83646,41.99729],[-93.83646,41.98729]]]}},{"type":"Feature","id":341,"properties":{"id":"42.00229_-93.46741"},"geometry":{"type":"Polygon","coordinates":[[[-93.47346,41.99729],[-93.46136,41.99729],[-93.46136,42.00729],[-93.47346,42.00729],[-93.47346,41.99729]]]}},{"type":"Feature","id":342,"properties":{"id":"42.00229_-93.47951"},"geometry":{"type":"Polygon","coordinates":[[[-93.48556,41.99729],[-93.47346,41.99729],[-93.47346,42.00729],[-93.48556,42.00729],[-93.48556,41.99729]]]}},{"type":"Feature","id":343,"properties":{"id":"42.00229_-93.49161"},"geometry":{"type":"Polygon","coordinates":[[[-93.49766,41.99729],[-93.48556,41.99729],[-93.48556,42.00729],[-93.49766,42.00729],[-93.49766,41.99729]]]}},{"type":"Feature","id":344,"properties":{"id":"42.00229_-93.50371"},"geometry":{"type":"Polygon","coordinates":[[[-93.50976,41.99729],[-93.49766,41.99729],[-93.49766,42.00729],[-93.50976,42.00729],[-93.50976,41.99729]]]}},{"type":"Feature","id":345,"properties":{"id":"42.00229_-93.51581"},"geometry":{"type":"Polygon","coordinates":[[[-93.52186,41.99729],[-93.50976,41.99729],[-93.50976,42.00729],[-93.52186,42.00729],[-93.52186,41.99729]]]}},{"type":"Feature","id":346,"properties":{"id":"42.00229_-93.52791"},"geometry":{"type":"Polygon","coordinates":[[[-93.53396,41.99729],[-93.52186,41.99729],[-93.52186,42.00729],[-93.53396,42.00729],[-93.53396,41.99729]]]}},{"type":"Feature","id":347,"properties":{"id":"42.00229_-93.54001"},"geometry":{"type":"Polygon","coordinates":[[[-93.54606,41.99729],[-93.53396,41.99729],[-93.53396,42.00729],[-93.54606,42.00729],[-93.54606,41.99729]]]}},{"type":"Feature","id":348,"properties":{"id":"42.00229_-93.55211"},"geometry":{"type":"Polygon","coordinates":[[[-93.55816,41.99729],[-93.54606,41.99729],[-93.54606,42.00729],[-93.55816,42.00729],[-93.55816,41.99729]]]}},{"type":"Feature","id":349,"properties":{"id":"42.00229_-93.56421"},"geometry":{"type":"Polygon","coordinates":[[[-93.57026,41.99729],[-93.55816,41.99729],[-93.55816,42.00729],[-93.57026,42.00729],[-93.57026,41.99729]]]}},{"type":"Feature","id":350,"properties":{"id":"42.00229_-93.57631"},"geometry":{"type":"Polygon","coordinates":[[[-93.58236,41.99729],[-93.57026,41.99729],[-93.57026,42.00729],[-93.58236,42.00729],[-93.58236,41.99729]]]}},{"type":"Feature","id":351,"properties":{"id":"42.00229_-93.58841"},"geometry":{"type":"Polygon","coordinates":[[[-93.59446,41.99729],[-93.58236,41.99729],[-93.58236,42.00729],[-93.59446,42.00729],[-93.59446,41.99729]]]}},{"type":"Feature","id":352,"properties":{"id":"42.00229_-93.60051"},"geometry":{"type":"Polygon","coordinates":[[[-93.60656,41.99729],[-93.59446,41.99729],[-93.59446,42.00729],[-93.60656,42.00729],[-93.60656,41.99729]]]}},{"type":"Feature","id":353,"properties":{"id":"42.00229_-93.61261"},"geometry":{"type":"Polygon","coordinates":[[[-93.61866,41.99729],[-93.60656,41.99729],[-93.60656,42.00729],[-93.61866,42.00729],[-93.61866,41.99729]]]}},{"type":"Feature","id":354,"properties":{"id":"42.00229_-93.62471"},"geometry":{"type":"Polygon","coordinates":[[[-93.63076,41.99729],[-93.61866,41.99729],[-93.61866,42.00729],[-93.63076,42.00729],[-93.63076,41.99729]]]}},{"type":"Feature","id":355,"properties":{"id":"42.00229_-93.63681"},"geometry":{"type":"Polygon","coordinates":[[[-93.64286,41.99729],[-93.63076,41.99729],[-93.63076,42.00729],[-93.64286,42.00729],[-93.64286,41.99729]]]}},{"type":"Feature","id":356,"properties":{"id":"42.00229_-93.64891"},"geometry":{"type":"Polygon","coordinates":[[[-93.65496,41.99729],[-93.64286,41.99729],[-93.64286,42.00729],[-93.65496,42.00729],[-93.65496,41.99729]]]}},{"type":"Feature","id":357,"properties":{"id":"42.00229_-93.66101"},"geometry":{"type":"Polygon","coordinates":[[[-93.66706,41.99729],[-93.65496,41.99729],[-93.65496,42.00729],[-93.66706,42.00729],[-93.66706,41.99729]]]}},{"type":"Feature","id":358,"properties":{"id":"42.00229_-93.67311"},"geometry":{"type":"Polygon","coordinates":[[[-93.67916,41.99729],[-93.66706,41.99729],[-93.66706,42.00729],[-93.67916,42.00729],[-93.67916,41.99729]]]}},{"type":"Feature","id":359,"properties":{"id":"42.00229_-93.68521"},"geometry":{"type":"Polygon","coordinates":[[[-93.69126,41.99729],[-93.67916,41.99729],[-93.67916,42.00729],[-93.69126,42.00729],[-93.69126,41.99729]]]}},{"type":"Feature","id":360,"properties":{"id":"42.00229_-93.69731"},"geometry":{"type":"Polygon","coordinates":[[[-93.70336,41.99729],[-93.69126,41.99729],[-93.69126,42.00729],[-93.70336,42.00729],[-93.70336,41.99729]]]}},{"type":"Feature","id":361,"properties":{"id":"42.00229_-93.70941"},"geometry":{"type":"Polygon","coordinates":[[[-93.71546,41.99729],[-93.70336,41.99729],[-93.70336,42.00729],[-93.71546,42.00729],[-93.71546,41.99729]]]}},{"type":"Feature","id":362,"properties":{"id":"42.00229_-93.72151"},"geometry":{"type":"Polygon","coordinates":[[[-93.72756,41.99729],[-93.71546,41.99729],[-93.71546,42.00729],[-93.72756,42.00729],[-93.72756,41.99729]]]}},{"type":"Feature","id":363,"properties":{"id":"42.00229_-93.73361"},"geometry":{"type":"Polygon","coordinates":[[[-93.73966,41.99729],[-93.72756,41.99729],[-93.72756,42.00729],[-93.73966,42.00729],[-93.73966,41.99729]]]}},{"type":"Feature","id":364,"properties":{"id":"42.00229_-93.74571"},"geometry":{"type":"Polygon","coordinates":[[[-93.75176,41.99729],[-93.73966,41.99729],[-93.73966,42.00729],[-93.75176,42.00729],[-93.75176,41.99729]]]}},{"type":"Feature","id":365,"properties":{"id":"42.00229_-93.75781"},"geometry":{"type":"Polygon","coordinates":[[[-93.76386,41.99729],[-93.75176,41.99729],[-93.75176,42.00729],[-93.76386,42.00729],[-93.76386,41.99729]]]}},{"type":"Feature","id":366,"properties":{"id":"42.00229_-93.76991"},"geometry":{"type":"Polygon","coordinates":[[[-93.77596,41.99729],[-93.76386,41.99729],[-93.76386,42.00729],[-93.77596,42.00729],[-93.77596,41.99729]]]}},{"type":"Feature","id":367,"properties":{"id":"42.00229_-93.78201"},"geometry":{"type":"Polygon","coordinates":[[[-93.78806,41.99729],[-93.77596,41.99729],[-93.77596,42.00729],[-93.78806,42.00729],[-93.78806,41.99729]]]}},{"type":"Feature","id":368,"properties":{"id":"42.00229_-93.79411"},"geometry":{"type":"Polygon","coordinates":[[[-93.80016,41.99729],[-93.78806,41.99729],[-93.78806,42.00729],[-93.80016,42.00729],[-93.80016,41.99729]]]}},{"type":"Feature","id":369,"properties":{"id":"42.00229_-93.80621"},"geometry":{"type":"Polygon","coordinates":[[[-93.81226,41.99729],[-93.80016,41.99729],[-93.80016,42.00729],[-93.81226,42.00729],[-93.81226,41.99729]]]}},{"type":"Feature","id":370,"properties":{"id":"42.00229_-93.81831"},"geometry":{"type":"Polygon","coordinates":[[[-93.82436,41.99729],[-93.81226,41.99729],[-93.81226,42.00729],[-93.82436,42.00729],[-93.82436,41.99729]]]}},{"type":"Feature","id":371,"properties":{"id":"42.00229_-93.83041"},"geometry":{"type":"Polygon","coordinates":[[[-93.83646,41.99729],[-93.82436,41.99729],[-93.82436,42.00729],[-93.83646,42.00729],[-93.83646,41.99729]]]}},{"type":"Feature","id":372,"properties":{"id":"42.01229_-93.46741"},"geometry":{"type":"Polygon","coordinates":[[[-93.47346,42.00729],[-93.46136,42.00729],[-93.46136,42.01729],[-93.47346,42.01729],[-93.47346,42.00729]]]}},{"type":"Feature","id":373,"properties":{"id":"42.01229_-93.47951"},"geometry":{"type":"Polygon","coordinates":[[[-93.48556,42.00729],[-93.47346,42.00729],[-93.47346,42.01729],[-93.48556,42.01729],[-93.48556,42.00729]]]}},{"type":"Feature","id":374,"properties":{"id":"42.01229_-93.49161"},"geometry":{"type":"Polygon","coordinates":[[[-93.49766,42.00729],[-93.48556,42.00729],[-93.48556,42.01729],[-93.49766,42.01729],[-93.49766,42.00729]]]}},{"type":"Feature","id":375,"properties":{"id":"42.01229_-93.50371"},"geometry":{"type":"Polygon","coordinates":[[[-93.50976,42.00729],[-93.49766,42.00729],[-93.49766,42.01729],[-93.50976,42.01729],[-93.50976,42.00729]]]}},{"type":"Feature","id":376,"properties":{"id":"42.01229_-93.51581"},"geometry":{"type":"Polygon","coordinates":[[[-93.52186,42.00729],[-93.50976,42.00729],[-93.50976,42.01729],[-93.52186,42.01729],[-93.52186,42.00729]]]}},{"type":"Feature","id":377,"properties":{"id":"42.01229_-93.52791"},"geometry":{"type":"Polygon","coordinates":[[[-93.53396,42.00729],[-93.52186,42.00729],[-93.52186,42.01729],[-93.53396,42.01729],[-93.53396,42.00729]]]}},{"type":"Feature","id":378,"properties":{"id":"42.01229_-93.54001"},"geometry":{"type":"Polygon","coordinates":[[[-93.54606,42.00729],[-93.53396,42.00729],[-93.53396,42.01729],[-93.54606,42.01729],[-93.54606,42.00729]]]}},{"type":"Feature","id":379,"properties":{"id":"42.01229_-93.55211"},"geometry":{"type":"Polygon","coordinates":[[[-93.55816,42.00729],[-93.54606,42.00729],[-93.54606,42.01729],[-93.55816,42.01729],[-93.55816,42.00729]]]}},{"type":"Feature","id":380,"properties":{"id":"42.01229_-93.56421"},"geometry":{"type":"Polygon","coordinates":[[[-93.57026,42.00729],[-93.55816,42.00729],[-93.55816,42.01729],[-93.57026,42.01729],[-93.57026,42.00729]]]}},{"type":"Feature","id":381,"properties":{"id":"42.01229_-93.57631"},"geometry":{"type":"Polygon","coordinates":[[[-93.58236,42.00729],[-93.57026,42.00729],[-93.57026,42.01729],[-93.58236,42.01729],[-93.58236,42.00729]]]}},{"type":"Feature","id":382,"properties":{"id":"42.01229_-93.58841"},"geometry":{"type":"Polygon","coordinates":[[[-93.59446,42.00729],[-93.58236,42.00729],[-93.58236,42.01729],[-93.59446,42.01729],[-93.59446,42.00729]]]}},{"type":"Feature","id":383,"properties":{"id":"42.01229_-93.60051"},"geometry":{"type":"Polygon","coordinates":[[[-93.60656,42.00729],[-93.59446,42.00729],[-93.59446,42.01729],[-93.60656,42.01729],[-93.60656,42.00729]]]}},{"type":"Feature","id":384,"properties":{"id":"42.01229_-93.61261"},"geometry":{"type":"Polygon","coordinates":[[[-93.61866,42.00729],[-93.60656,42.00729],[-93.60656,42.01729],[-93.61866,42.01729],[-93.61866,42.00729]]]}},{"type":"Feature","id":385,"properties":{"id":"42.01229_-93.62471"},"geometry":{"type":"Polygon","coordinates":[[[-93.63076,42.00729],[-93.61866,42.00729],[-93.61866,42.01729],[-93.63076,42.01729],[-93.63076,42.00729]]]}},{"type":"Feature","id":386,"properties":{"id":"42.01229_-93.63681"},"geometry":{"type":"Polygon","coordinates":[[[-93.64286,42.00729],[-93.63076,42.00729],[-93.63076,42.01729],[-93.64286,42.01729],[-93.64286,42.00729]]]}},{"type":"Feature","id":387,"properties":{"id":"42.01229_-93.64891"},"geometry":{"type":"Polygon","coordinates":[[[-93.65496,42.00729],[-93.64286,42.00729],[-93.64286,42.01729],[-93.65496,42.01729],[-93.65496,42.00729]]]}},{"type":"Feature","id":388,"properties":{"id":"42.01229_-93.66101"},"geometry":{"type":"Polygon","coordinates":[[[-93.66706,42.00729],[-93.65496,42.00729],[-93.65496,42.01729],[-93.66706,42.01729],[-93.66706,42.00729]]]}},{"type":"Feature","id":389,"properties":{"id":"42.01229_-93.67311"},"geometry":{"type":"Polygon","coordinates":[[[-93.67916,42.00729],[-93.66706,42.00729],[-93.66706,42.01729],[-93.67916,42.01729],[-93.67916,42.00729]]]}},{"type":"Feature","id":390,"properties":{"id":"42.01229_-93.68521"},"geometry":{"type":"Polygon","coordinates":[[[-93.69126,42.00729],[-93.67916,42.00729],[-93.67916,42.01729],[-93.69126,42.01729],[-93.69126,42.00729]]]}},{"type":"Feature","id":391,"properties":{"id":"42.01229_-93.69731"},"geometry":{"type":"Polygon","coordinates":[[[-93.70336,42.00729],[-93.69126,42.00729],[-93.69126,42.01729],[-93.70336,42.01729],[-93.70336,42.00729]]]}},{"type":"Feature","id":392,"properties":{"id":"42.01229_-93.70941"},"geometry":{"type":"Polygon","coordinates":[[[-93.71546,42.00729],[-93.70336,42.00729],[-93.70336,42.01729],[-93.71546,42.01729],[-93.71546,42.00729]]]}},{"type":"Feature","id":393,"properties":{"id":"42.01229_-93.72151"},"geometry":{"type":"Polygon","coordinates":[[[-93.72756,42.00729],[-93.71546,42.00729],[-93.71546,42.01729],[-93.72756,42.01729],[-93.72756,42.00729]]]}},{"type":"Feature","id":394,"properties":{"id":"42.01229_-93.73361"},"geometry":{"type":"Polygon","coordinates":[[[-93.73966,42.00729],[-93.72756,42.00729],[-93.72756,42.01729],[-93.73966,42.01729],[-93.73966,42.00729]]]}},{"type":"Feature","id":395,"properties":{"id":"42.01229_-93.74571"},"geometry":{"type":"Polygon","coordinates":[[[-93.75176,42.00729],[-93.73966,42.00729],[-93.73966,42.01729],[-93.75176,42.01729],[-93.75176,42.00729]]]}},{"type":"Feature","id":396,"properties":{"id":"42.01229_-93.75781"},"geometry":{"type":"Polygon","coordinates":[[[-93.76386,42.00729],[-93.75176,42.00729],[-93.75176,42.01729],[-93.76386,42.01729],[-93.76386,42.00729]]]}},{"type":"Feature","id":397,"properties":{"id":"42.01229_-93.76991"},"geometry":{"type":"Polygon","coordinates":[[[-93.77596,42.00729],[-93.76386,42.00729],[-93.76386,42.01729],[-93.77596,42.01729],[-93.77596,42.00729]]]}},{"type":"Feature","id":398,"properties":{"id":"42.01229_-93.78201"},"geometry":{"type":"Polygon","coordinates":[[[-93.78806,42.00729],[-93.77596,42.00729],[-93.77596,42.01729],[-93.78806,42.01729],[-93.78806,42.00729]]]}},{"type":"Feature","id":399,"properties":{"id":"42.01229_-93.79411"},"geometry":{"type":"Polygon","coordinates":[[[-93.80016,42.00729],[-93.78806,42.00729],[-93.78806,42.01729],[-93.80016,42.01729],[-93.80016,42.00729]]]}},{"type":"Feature","id":400,"properties":{"id":"42.01229_-93.80621"},"geometry":{"type":"Polygon","coordinates":[[[-93.81226,42.00729],[-93.80016,42.00729],[-93.80016,42.01729],[-93.81226,42.01729],[-93.81226,42.00729]]]}},{"type":"Feature","id":401,"properties":{"id":"42.01229_-93.81831"},"geometry":{"type":"Polygon","coordinates":[[[-93.82436,42.00729],[-93.81226,42.00729],[-93.81226,42.01729],[-93.82436,42.01729],[-93.82436,42.00729]]]}},{"type":"Feature","id":402,"properties":{"id":"42.01229_-93.83041"},"geometry":{"type":"Polygon","coordinates":[[[-93.83646,42.00729],[-93.82436,42.00729],[-93.82436,42.01729],[-93.83646,42.01729],[-93.83646,42.00729]]]}},{"type":"Feature","id":403,"properties":{"id":"42.02229_-93.46741"},"geometry":{"type":"Polygon","coordinates":[[[-93.47346,42.01729],[-93.46136,42.01729],[-93.46136,42.02729],[-93.47346,42.02729],[-93.47346,42.01729]]]}},{"type":"Feature","id":404,"properties":{"id":"42.02229_-93.47951"},"geometry":{"type":"Polygon","coordinates":[[[-93.48556,42.01729],[-93.47346,42.01729],[-93.47346,42.02729],[-93.48556,42.02729],[-93.48556,42.01729]]]}},{"type":"Feature","id":405,"properties":{"id":"42.02229_-93.49161"},"geometry":{"type":"Polygon","coordinates":[[[-93.49766,42.01729],[-93.48556,42.01729],[-93.48556,42.02729],[-93.49766,42.02729],[-93.49766,42.01729]]]}},{"type":"Feature","id":406,"properties":{"id":"42.02229_-93.50371"},"geometry":{"type":"Polygon","coordinates":[[[-93.50976,42.01729],[-93.49766,42.01729],[-93.49766,42.02729],[-93.50976,42.02729],[-93.50976,42.01729]]]}},{"type":"Feature","id":407,"properties":{"id":"42.02229_-93.51581"},"geometry":{"type":"Polygon","coordinates":[[[-93.52186,42.01729],[-93.50976,42.01729],[-93.50976,42.02729],[-93.52186,42.02729],[-93.52186,42.01729]]]}},{"type":"Feature","id":408,"properties":{"id":"42.02229_-93.52791"},"geometry":{"type":"Polygon","coordinates":[[[-93.53396,42.01729],[-93.52186,42.01729],[-93.52186,42.02729],[-93.53396,42.02729],[-93.53396,42.01729]]]}},{"type":"Feature","id":409,"properties":{"id":"42.02229_-93.54001"},"geometry":{"type":"Polygon","coordinates":[[[-93.54606,42.01729],[-93.53396,42.01729],[-93.53396,42.02729],[-93.54606,42.02729],[-93.54606,42.01729]]]}},{"type":"Feature","id":410,"properties":{"id":"42.02229_-93.55211"},"geometry":{"type":"Polygon","coordinates":[[[-93.55816,42.01729],[-93.54606,42.01729],[-93.54606,42.02729],[-93.55816,42.02729],[-93.55816,42.01729]]]}},{"type":"Feature","id":411,"properties":{"id":"42.02229_-93.56421"},"geometry":{"type":"Polygon","coordinates":[[[-93.57026,42.01729],[-93.55816,42.01729],[-93.55816,42.02729],[-93.57026,42.02729],[-93.57026,42.01729]]]}},{"type":"Feature","id":412,"properties":{"id":"42.02229_-93.57631"},"geometry":{"type":"Polygon","coordinates":[[[-93.58236,42.01729],[-93.57026,42.01729],[-93.57026,42.02729],[-93.58236,42.02729],[-93.58236,42.01729]]]}},{"type":"Feature","id":413,"properties":{"id":"42.02229_-93.58841"},"geometry":{"type":"Polygon","coordinates":[[[-93.59446,42.01729],[-93.58236,42.01729],[-93.58236,42.02729],[-93.59446,42.02729],[-93.59446,42.01729]]]}},{"type":"Feature","id":414,"properties":{"id":"42.02229_-93.60051"},"geometry":{"type":"Polygon","coordinates":[[[-93.60656,42.01729],[-93.59446,42.01729],[-93.59446,42.02729],[-93.60656,42.02729],[-93.60656,42.01729]]]}},{"type":"Feature","id":415,"properties":{"id":"42.02229_-93.61261"},"geometry":{"type":"Polygon","coordinates":[[[-93.61866,42.01729],[-93.60656,42.01729],[-93.60656,42.02729],[-93.61866,42.02729],[-93.61866,42.01729]]]}},{"type":"Feature","id":416,"properties":{"id":"42.02229_-93.62471"},"geometry":{"type":"Polygon","coordinates":[[[-93.63076,42.01729],[-93.61866,42.01729],[-93.61866,42.02729],[-93.63076,42.02729],[-93.63076,42.01729]]]}},{"type":"Feature","id":417,"properties":{"id":"42.02229_-93.63681"},"geometry":{"type":"Polygon","coordinates":[[[-93.64286,42.01729],[-93.63076,42.01729],[-93.63076,42.02729],[-93.64286,42.02729],[-93.64286,42.01729]]]}},{"type":"Feature","id":418,"properties":{"id":"42.02229_-93.64891"},"geometry":{"type":"Polygon","coordinates":[[[-93.65496,42.01729],[-93.64286,42.01729],[-93.64286,42.02729],[-93.65496,42.02729],[-93.65496,42.01729]]]}},{"type":"Feature","id":419,"properties":{"id":"42.02229_-93.66101"},"geometry":{"type":"Polygon","coordinates":[[[-93.66706,42.01729],[-93.65496,42.01729],[-93.65496,42.02729],[-93.66706,42.02729],[-93.66706,42.01729]]]}},{"type":"Feature","id":420,"properties":{"id":"42.02229_-93.67311"},"geometry":{"type":"Polygon","coordinates":[[[-93.67916,42.01729],[-93.66706,42.01729],[-93.66706,42.02729],[-93.67916,42.02729],[-93.67916,42.01729]]]}},{"type":"Feature","id":421,"properties":{"id":"42.02229_-93.68521"},"geometry":{"type":"Polygon","coordinates":[[[-93.69126,42.01729],[-93.67916,42.01729],[-93.67916,42.02729],[-93.69126,42.02729],[-93.69126,42.01729]]]}},{"type":"Feature","id":422,"properties":{"id":"42.02229_-93.69731"},"geometry":{"type":"Polygon","coordinates":[[[-93.70336,42.01729],[-93.69126,42.01729],[-93.69126,42.02729],[-93.70336,42.02729],[-93.70336,42.01729]]]}},{"type":"Feature","id":423,"properties":{"id":"42.02229_-93.70941"},"geometry":{"type":"Polygon","coordinates":[[[-93.71546,42.01729],[-93.70336,42.01729],[-93.70336,42.02729],[-93.71546,42.02729],[-93.71546,42.01729]]]}},{"type":"Feature","id":424,"properties":{"id":"42.02229_-93.72151"},"geometry":{"type":"Polygon","coordinates":[[[-93.72756,42.01729],[-93.71546,42.01729],[-93.71546,42.02729],[-93.72756,42.02729],[-93.72756,42.01729]]]}},{"type":"Feature","id":425,"properties":{"id":"42.02229_-93.73361"},"geometry":{"type":"Polygon","coordinates":[[[-93.73966,42.01729],[-93.72756,42.01729],[-93.72756,42.02729],[-93.73966,42.02729],[-93.73966,42.01729]]]}},{"type":"Feature","id":426,"properties":{"id":"42.02229_-93.74571"},"geometry":{"type":"Polygon","coordinates":[[[-93.75176,42.01729],[-93.73966,42.01729],[-93.73966,42.02729],[-93.75176,42.02729],[-93.75176,42.01729]]]}},{"type":"Feature","id":427,"properties":{"id":"42.02229_-93.75781"},"geometry":{"type":"Polygon","coordinates":[[[-93.76386,42.01729],[-93.75176,42.01729],[-93.75176,42.02729],[-93.76386,42.02729],[-93.76386,42.01729]]]}},{"type":"Feature","id":428,"properties":{"id":"42.02229_-93.76991"},"geometry":{"type":"Polygon","coordinates":[[[-93.77596,42.01729],[-93.76386,42.01729],[-93.76386,42.02729],[-93.77596,42.02729],[-93.77596,42.01729]]]}},{"type":"Feature","id":429,"properties":{"id":"42.02229_-93.78201"},"geometry":{"type":"Polygon","coordinates":[[[-93.78806,42.01729],[-93.77596,42.01729],[-93.77596,42.02729],[-93.78806,42.02729],[-93.78806,42.01729]]]}},{"type":"Feature","id":430,"properties":{"id":"42.02229_-93.79411"},"geometry":{"type":"Polygon","coordinates":[[[-93.80016,42.01729],[-93.78806,42.01729],[-93.78806,42.02729],[-93.80016,42.02729],[-93.80016,42.01729]]]}},{"type":"Feature","id":431,"properties":{"id":"42.02229_-93.80621"},"geometry":{"type":"Polygon","coordinates":[[[-93.81226,42.01729],[-93.80016,42.01729],[-93.80016,42.02729],[-93.81226,42.02729],[-93.81226,42.01729]]]}},{"type":"Feature","id":432,"properties":{"id":"42.02229_-93.81831"},"geometry":{"type":"Polygon","coordinates":[[[-93.82436,42.01729],[-93.81226,42.01729],[-93.81226,42.02729],[-93.82436,42.02729],[-93.82436,42.01729]]]}},{"type":"Feature","id":433,"properties":{"id":"42.02229_-93.83041"},"geometry":{"type":"Polygon","coordinates":[[[-93.83646,42.01729],[-93.82436,42.01729],[-93.82436,42.02729],[-93.83646,42.02729],[-93.83646,42.01729]]]}},{"type":"Feature","id":434,"properties":{"id":"42.03229_-93.46741"},"geometry":{"type":"Polygon","coordinates":[[[-93.47346,42.02729],[-93.46136,42.02729],[-93.46136,42.03729],[-93.47346,42.03729],[-93.47346,42.02729]]]}},{"type":"Feature","id":435,"properties":{"id":"42.03229_-93.47951"},"geometry":{"type":"Polygon","coordinates":[[[-93.48556,42.02729],[-93.47346,42.02729],[-93.47346,42.03729],[-93.48556,42.03729],[-93.48556,42.02729]]]}},{"type":"Feature","id":436,"properties":{"id":"42.03229_-93.49161"},"geometry":{"type":"Polygon","coordinates":[[[-93.49766,42.02729],[-93.48556,42.02729],[-93.48556,42.03729],[-93.49766,42.03729],[-93.49766,42.02729]]]}},{"type":"Feature","id":437,"properties":{"id":"42.03229_-93.50371"},"geometry":{"type":"Polygon","coordinates":[[[-93.50976,42.02729],[-93.49766,42.02729],[-93.49766,42.03729],[-93.50976,42.03729],[-93.50976,42.02729]]]}},{"type":"Feature","id":438,"properties":{"id":"42.03229_-93.51581"},"geometry":{"type":"Polygon","coordinates":[[[-93.52186,42.02729],[-93.50976,42.02729],[-93.50976,42.03729],[-93.52186,42.03729],[-93.52186,42.02729]]]}},{"type":"Feature","id":439,"properties":{"id":"42.03229_-93.52791"},"geometry":{"type":"Polygon","coordinates":[[[-93.53396,42.02729],[-93.52186,42.02729],[-93.52186,42.03729],[-93.53396,42.03729],[-93.53396,42.02729]]]}},{"type":"Feature","id":440,"properties":{"id":"42.03229_-93.54001"},"geometry":{"type":"Polygon","coordinates":[[[-93.54606,42.02729],[-93.53396,42.02729],[-93.53396,42.03729],[-93.54606,42.03729],[-93.54606,42.02729]]]}},{"type":"Feature","id":441,"properties":{"id":"42.03229_-93.55211"},"geometry":{"type":"Polygon","coordinates":[[[-93.55816,42.02729],[-93.54606,42.02729],[-93.54606,42.03729],[-93.55816,42.03729],[-93.55816,42.02729]]]}},{"type":"Feature","id":442,"properties":{"id":"42.03229_-93.56421"},"geometry":{"type":"Polygon","coordinates":[[[-93.57026,42.02729],[-93.55816,42.02729],[-93.55816,42.03729],[-93.57026,42.03729],[-93.57026,42.02729]]]}},{"type":"Feature","id":443,"properties":{"id":"42.03229_-93.57631"},"geometry":{"type":"Polygon","coordinates":[[[-93.58236,42.02729],[-93.57026,42.02729],[-93.57026,42.03729],[-93.58236,42.03729],[-93.58236,42.02729]]]}},{"type":"Feature","id":444,"properties":{"id":"42.03229_-93.58841"},"geometry":{"type":"Polygon","coordinates":[[[-93.59446,42.02729],[-93.58236,42.02729],[-93.58236,42.03729],[-93.59446,42.03729],[-93.59446,42.02729]]]}},{"type":"Feature","id":445,"properties":{"id":"42.03229_-93.60051"},"geometry":{"type":"Polygon","coordinates":[[[-93.60656,42.02729],[-93.59446,42.02729],[-93.59446,42.03729],[-93.60656,42.03729],[-93.60656,42.02729]]]}},{"type":"Feature","id":446,"properties":{"id":"42.03229_-93.61261"},"geometry":{"type":"Polygon","coordinates":[[[-93.61866,42.02729],[-93.60656,42.02729],[-93.60656,42.03729],[-93.61866,42.03729],[-93.61866,42.02729]]]}},{"type":"Feature","id":447,"properties":{"id":"42.03229_-93.62471"},"geometry":{"type":"Polygon","coordinates":[[[-93.63076,42.02729],[-93.61866,42.02729],[-93.61866,42.03729],[-93.63076,42.03729],[-93.63076,42.02729]]]}},{"type":"Feature","id":448,"properties":{"id":"42.03229_-93.63681"},"geometry":{"type":"Polygon","coordinates":[[[-93.64286,42.02729],[-93.63076,42.02729],[-93.63076,42.03729],[-93.64286,42.03729],[-93.64286,42.02729]]]}},{"type":"Feature","id":449,"properties":{"id":"42.03229_-93.64891"},"geometry":{"type":"Polygon","coordinates":[[[-93.65496,42.02729],[-93.64286,42.02729],[-93.64286,42.03729],[-93.65496,42.03729],[-93.65496,42.02729]]]}},{"type":"Feature","id":450,"properties":{"id":"42.03229_-93.66101"},"geometry":{"type":"Polygon","coordinates":[[[-93.66706,42.02729],[-93.65496,42.02729],[-93.65496,42.03729],[-93.66706,42.03729],[-93.66706,42.02729]]]}},{"type":"Feature","id":451,"properties":{"id":"42.03229_-93.67311"},"geometry":{"type":"Polygon","coordinates":[[[-93.67916,42.02729],[-93.66706,42.02729],[-93.66706,42.03729],[-93.67916,42.03729],[-93.67916,42.02729]]]}},{"type":"Feature","id":452,"properties":{"id":"42.03229_-93.68521"},"geometry":{"type":"Polygon","coordinates":[[[-93.69126,42.02729],[-93.67916,42.02729],[-93.67916,42.03729],[-93.69126,42.03729],[-93.69126,42.02729]]]}},{"type":"Feature","id":453,"properties":{"id":"42.03229_-93.69731"},"geometry":{"type":"Polygon","coordinates":[[[-93.70336,42.02729],[-93.69126,42.02729],[-93.69126,42.03729],[-93.70336,42.03729],[-93.70336,42.02729]]]}},{"type":"Feature","id":454,"properties":{"id":"42.03229_-93.70941"},"geometry":{"type":"Polygon","coordinates":[[[-93.71546,42.02729],[-93.70336,42.02729],[-93.70336,42.03729],[-93.71546,42.03729],[-93.71546,42.02729]]]}},{"type":"Feature","id":455,"properties":{"id":"42.03229_-93.72151"},"geometry":{"type":"Polygon","coordinates":[[[-93.72756,42.02729],[-93.71546,42.02729],[-93.71546,42.03729],[-93.72756,42.03729],[-93.72756,42.02729]]]}},{"type":"Feature","id":456,"properties":{"id":"42.03229_-93.73361"},"geometry":{"type":"Polygon","coordinates":[[[-93.73966,42.02729],[-93.72756,42.02729],[-93.72756,42.03729],[-93.73966,42.03729],[-93.73966,42.02729]]]}},{"type":"Feature","id":457,"properties":{"id":"42.03229_-93.74571"},"geometry":{"type":"Polygon","coordinates":[[[-93.75176,42.02729],[-93.73966,42.02729],[-93.73966,42.03729],[-93.75176,42.03729],[-93.75176,42.02729]]]}},{"type":"Feature","id":458,"properties":{"id":"42.03229_-93.75781"},"geometry":{"type":"Polygon","coordinates":[[[-93.76386,42.02729],[-93.75176,42.02729],[-93.75176,42.03729],[-93.76386,42.03729],[-93.76386,42.02729]]]}},{"type":"Feature","id":459,"properties":{"id":"42.03229_-93.76991"},"geometry":{"type":"Polygon","coordinates":[[[-93.77596,42.02729],[-93.76386,42.02729],[-93.76386,42.03729],[-93.77596,42.03729],[-93.77596,42.02729]]]}},{"type":"Feature","id":460,"properties":{"id":"42.03229_-93.78201"},"geometry":{"type":"Polygon","coordinates":[[[-93.78806,42.02729],[-93.77596,42.02729],[-93.77596,42.03729],[-93.78806,42.03729],[-93.78806,42.02729]]]}},{"type":"Feature","id":461,"properties":{"id":"42.03229_-93.79411"},"geometry":{"type":"Polygon","coordinates":[[[-93.80016,42.02729],[-93.78806,42.02729],[-93.78806,42.03729],[-93.80016,42.03729],[-93.80016,42.02729]]]}},{"type":"Feature","id":462,"properties":{"id":"42.03229_-93.80621"},"geometry":{"type":"Polygon","coordinates":[[[-93.81226,42.02729],[-93.80016,42.02729],[-93.80016,42.03729],[-93.81226,42.03729],[-93.81226,42.02729]]]}},{"type":"Feature","id":463,"properties":{"id":"42.03229_-93.81831"},"geometry":{"type":"Polygon","coordinates":[[[-93.82436,42.02729],[-93.81226,42.02729],[-93.81226,42.03729],[-93.82436,42.03729],[-93.82436,42.02729]]]}},{"type":"Feature","id":464,"properties":{"id":"42.03229_-93.83041"},"geometry":{"type":"Polygon","coordinates":[[[-93.83646,42.02729],[-93.82436,42.02729],[-93.82436,42.03729],[-93.83646,42.03729],[-93.83646,42.02729]]]}},{"type":"Feature","id":465,"properties":{"id":"42.04229_-93.46741"},"geometry":{"type":"Polygon","coordinates":[[[-93.47346,42.03729],[-93.46136,42.03729],[-93.46136,42.04729],[-93.47346,42.04729],[-93.47346,42.03729]]]}},{"type":"Feature","id":466,"properties":{"id":"42.04229_-93.47951"},"geometry":{"type":"Polygon","coordinates":[[[-93.48556,42.03729],[-93.47346,42.03729],[-93.47346,42.04729],[-93.48556,42.04729],[-93.48556,42.03729]]]}},{"type":"Feature","id":467,"properties":{"id":"42.04229_-93.49161"},"geometry":{"type":"Polygon","coordinates":[[[-93.49766,42.03729],[-93.48556,42.03729],[-93.48556,42.04729],[-93.49766,42.04729],[-93.49766,42.03729]]]}},{"type":"Feature","id":468,"properties":{"id":"42.04229_-93.50371"},"geometry":{"type":"Polygon","coordinates":[[[-93.50976,42.03729],[-93.49766,42.03729],[-93.49766,42.04729],[-93.50976,42.04729],[-93.50976,42.03729]]]}},{"type":"Feature","id":469,"properties":{"id":"42.04229_-93.51581"},"geometry":{"type":"Polygon","coordinates":[[[-93.52186,42.03729],[-93.50976,42.03729],[-93.50976,42.04729],[-93.52186,42.04729],[-93.52186,42.03729]]]}},{"type":"Feature","id":470,"properties":{"id":"42.04229_-93.52791"},"geometry":{"type":"Polygon","coordinates":[[[-93.53396,42.03729],[-93.52186,42.03729],[-93.52186,42.04729],[-93.53396,42.04729],[-93.53396,42.03729]]]}},{"type":"Feature","id":471,"properties":{"id":"42.04229_-93.54001"},"geometry":{"type":"Polygon","coordinates":[[[-93.54606,42.03729],[-93.53396,42.03729],[-93.53396,42.04729],[-93.54606,42.04729],[-93.54606,42.03729]]]}},{"type":"Feature","id":472,"properties":{"id":"42.04229_-93.55211"},"geometry":{"type":"Polygon","coordinates":[[[-93.55816,42.03729],[-93.54606,42.03729],[-93.54606,42.04729],[-93.55816,42.04729],[-93.55816,42.03729]]]}},{"type":"Feature","id":473,"properties":{"id":"42.04229_-93.56421"},"geometry":{"type":"Polygon","coordinates":[[[-93.57026,42.03729],[-93.55816,42.03729],[-93.55816,42.04729],[-93.57026,42.04729],[-93.57026,42.03729]]]}},{"type":"Feature","id":474,"properties":{"id":"42.04229_-93.57631"},"geometry":{"type":"Polygon","coordinates":[[[-93.58236,42.03729],[-93.57026,42.03729],[-93.57026,42.04729],[-93.58236,42.04729],[-93.58236,42.03729]]]}},{"type":"Feature","id":475,"properties":{"id":"42.04229_-93.58841"},"geometry":{"type":"Polygon","coordinates":[[[-93.59446,42.03729],[-93.58236,42.03729],[-93.58236,42.04729],[-93.59446,42.04729],[-93.59446,42.03729]]]}},{"type":"Feature","id":476,"properties":{"id":"42.04229_-93.60051"},"geometry":{"type":"Polygon","coordinates":[[[-93.60656,42.03729],[-93.59446,42.03729],[-93.59446,42.04729],[-93.60656,42.04729],[-93.60656,42.03729]]]}},{"type":"Feature","id":477,"properties":{"id":"42.04229_-93.61261"},"geometry":{"type":"Polygon","coordinates":[[[-93.61866,42.03729],[-93.60656,42.03729],[-93.60656,42.04729],[-93.61866,42.04729],[-93.61866,42.03729]]]}},{"type":"Feature","id":478,"properties":{"id":"42.04229_-93.62471"},"geometry":{"type":"Polygon","coordinates":[[[-93.63076,42.03729],[-93.61866,42.03729],[-93.61866,42.04729],[-93.63076,42.04729],[-93.63076,42.03729]]]}},{"type":"Feature","id":479,"properties":{"id":"42.04229_-93.63681"},"geometry":{"type":"Polygon","coordinates":[[[-93.64286,42.03729],[-93.63076,42.03729],[-93.63076,42.04729],[-93.64286,42.04729],[-93.64286,42.03729]]]}},{"type":"Feature","id":480,"properties":{"id":"42.04229_-93.64891"},"geometry":{"type":"Polygon","coordinates":[[[-93.65496,42.03729],[-93.64286,42.03729],[-93.64286,42.04729],[-93.65496,42.04729],[-93.65496,42.03729]]]}},{"type":"Feature","id":481,"properties":{"id":"42.04229_-93.66101"},"geometry":{"type":"Polygon","coordinates":[[[-93.66706,42.03729],[-93.65496,42.03729],[-93.65496,42.04729],[-93.66706,42.04729],[-93.66706,42.03729]]]}},{"type":"Feature","id":482,"properties":{"id":"42.04229_-93.67311"},"geometry":{"type":"Polygon","coordinates":[[[-93.67916,42.03729],[-93.66706,42.03729],[-93.66706,42.04729],[-93.67916,42.04729],[-93.67916,42.03729]]]}},{"type":"Feature","id":483,"properties":{"id":"42.04229_-93.68521"},"geometry":{"type":"Polygon","coordinates":[[[-93.69126,42.03729],[-93.67916,42.03729],[-93.67916,42.04729],[-93.69126,42.04729],[-93.69126,42.03729]]]}},{"type":"Feature","id":484,"properties":{"id":"42.04229_-93.69731"},"geometry":{"type":"Polygon","coordinates":[[[-93.70336,42.03729],[-93.69126,42.03729],[-93.69126,42.04729],[-93.70336,42.04729],[-93.70336,42.03729]]]}},{"type":"Feature","id":485,"properties":{"id":"42.04229_-93.70941"},"geometry":{"type":"Polygon","coordinates":[[[-93.71546,42.03729],[-93.70336,42.03729],[-93.70336,42.04729],[-93.71546,42.04729],[-93.71546,42.03729]]]}},{"type":"Feature","id":486,"properties":{"id":"42.04229_-93.72151"},"geometry":{"type":"Polygon","coordinates":[[[-93.72756,42.03729],[-93.71546,42.03729],[-93.71546,42.04729],[-93.72756,42.04729],[-93.72756,42.03729]]]}},{"type":"Feature","id":487,"properties":{"id":"42.04229_-93.73361"},"geometry":{"type":"Polygon","coordinates":[[[-93.73966,42.03729],[-93.72756,42.03729],[-93.72756,42.04729],[-93.73966,42.04729],[-93.73966,42.03729]]]}},{"type":"Feature","id":488,"properties":{"id":"42.04229_-93.74571"},"geometry":{"type":"Polygon","coordinates":[[[-93.75176,42.03729],[-93.73966,42.03729],[-93.73966,42.04729],[-93.75176,42.04729],[-93.75176,42.03729]]]}},{"type":"Feature","id":489,"properties":{"id":"42.04229_-93.75781"},"geometry":{"type":"Polygon","coordinates":[[[-93.76386,42.03729],[-93.75176,42.03729],[-93.75176,42.04729],[-93.76386,42.04729],[-93.76386,42.03729]]]}},{"type":"Feature","id":490,"properties":{"id":"42.04229_-93.76991"},"geometry":{"type":"Polygon","coordinates":[[[-93.77596,42.03729],[-93.76386,42.03729],[-93.76386,42.04729],[-93.77596,42.04729],[-93.77596,42.03729]]]}},{"type":"Feature","id":491,"properties":{"id":"42.04229_-93.78201"},"geometry":{"type":"Polygon","coordinates":[[[-93.78806,42.03729],[-93.77596,42.03729],[-93.77596,42.04729],[-93.78806,42.04729],[-93.78806,42.03729]]]}},{"type":"Feature","id":492,"properties":{"id":"42.04229_-93.79411"},"geometry":{"type":"Polygon","coordinates":[[[-93.80016,42.03729],[-93.78806,42.03729],[-93.78806,42.04729],[-93.80016,42.04729],[-93.80016,42.03729]]]}},{"type":"Feature","id":493,"properties":{"id":"42.04229_-93.80621"},"geometry":{"type":"Polygon","coordinates":[[[-93.81226,42.03729],[-93.80016,42.03729],[-93.80016,42.04729],[-93.81226,42.04729],[-93.81226,42.03729]]]}},{"type":"Feature","id":494,"properties":{"id":"42.04229_-93.81831"},"geometry":{"type":"Polygon","coordinates":[[[-93.82436,42.03729],[-93.81226,42.03729],[-93.81226,42.04729],[-93.82436,42.04729],[-93.82436,42.03729]]]}},{"type":"Feature","id":495,"properties":{"id":"42.04229_-93.83041"},"geometry":{"type":"Polygon","coordinates":[[[-93.83646,42.03729],[-93.82436,42.03729],[-93.82436,42.04729],[-93.83646,42.04729],[-93.83646,42.03729]]]}},{"type":"Feature","id":496,"properties":{"id":"42.05229_-93.46741"},"geometry":{"type":"Polygon","coordinates":[[[-93.47346,42.04729],[-93.46136,42.04729],[-93.46136,42.05729],[-93.47346,42.05729],[-93.47346,42.04729]]]}},{"type":"Feature","id":497,"properties":{"id":"42.05229_-93.47951"},"geometry":{"type":"Polygon","coordinates":[[[-93.48556,42.04729],[-93.47346,42.04729],[-93.47346,42.05729],[-93.48556,42.05729],[-93.48556,42.04729]]]}},{"type":"Feature","id":498,"properties":{"id":"42.05229_-93.49161"},"geometry":{"type":"Polygon","coordinates":[[[-93.49766,42.04729],[-93.48556,42.04729],[-93.48556,42.05729],[-93.49766,42.05729],[-93.49766,42.04729]]]}},{"type":"Feature","id":499,"properties":{"id":"42.05229_-93.50371"},"geometry":{"type":"Polygon","coordinates":[[[-93.50976,42.04729],[-93.49766,42.04729],[-93.49766,42.05729],[-93.50976,42.05729],[-93.50976,42.04729]]]}},{"type":"Feature","id":500,"properties":{"id":"42.05229_-93.51581"},"geometry":{"type":"Polygon","coordinates":[[[-93.52186,42.04729],[-93.50976,42.04729],[-93.50976,42.05729],[-93.52186,42.05729],[-93.52186,42.04729]]]}},{"type":"Feature","id":501,"properties":{"id":"42.05229_-93.52791"},"geometry":{"type":"Polygon","coordinates":[[[-93.53396,42.04729],[-93.52186,42.04729],[-93.52186,42.05729],[-93.53396,42.05729],[-93.53396,42.04729]]]}},{"type":"Feature","id":502,"properties":{"id":"42.05229_-93.54001"},"geometry":{"type":"Polygon","coordinates":[[[-93.54606,42.04729],[-93.53396,42.04729],[-93.53396,42.05729],[-93.54606,42.05729],[-93.54606,42.04729]]]}},{"type":"Feature","id":503,"properties":{"id":"42.05229_-93.55211"},"geometry":{"type":"Polygon","coordinates":[[[-93.55816,42.04729],[-93.54606,42.04729],[-93.54606,42.05729],[-93.55816,42.05729],[-93.55816,42.04729]]]}},{"type":"Feature","id":504,"properties":{"id":"42.05229_-93.56421"},"geometry":{"type":"Polygon","coordinates":[[[-93.57026,42.04729],[-93.55816,42.04729],[-93.55816,42.05729],[-93.57026,42.05729],[-93.57026,42.04729]]]}},{"type":"Feature","id":505,"properties":{"id":"42.05229_-93.57631"},"geometry":{"type":"Polygon","coordinates":[[[-93.58236,42.04729],[-93.57026,42.04729],[-93.57026,42.05729],[-93.58236,42.05729],[-93.58236,42.04729]]]}},{"type":"Feature","id":506,"properties":{"id":"42.05229_-93.58841"},"geometry":{"type":"Polygon","coordinates":[[[-93.59446,42.04729],[-93.58236,42.04729],[-93.58236,42.05729],[-93.59446,42.05729],[-93.59446,42.04729]]]}},{"type":"Feature","id":507,"properties":{"id":"42.05229_-93.60051"},"geometry":{"type":"Polygon","coordinates":[[[-93.60656,42.04729],[-93.59446,42.04729],[-93.59446,42.05729],[-93.60656,42.05729],[-93.60656,42.04729]]]}},{"type":"Feature","id":508,"properties":{"id":"42.05229_-93.61261"},"geometry":{"type":"Polygon","coordinates":[[[-93.61866,42.04729],[-93.60656,42.04729],[-93.60656,42.05729],[-93.61866,42.05729],[-93.61866,42.04729]]]}},{"type":"Feature","id":509,"properties":{"id":"42.05229_-93.62471"},"geometry":{"type":"Polygon","coordinates":[[[-93.63076,42.04729],[-93.61866,42.04729],[-93.61866,42.05729],[-93.63076,42.05729],[-93.63076,42.04729]]]}},{"type":"Feature","id":510,"properties":{"id":"42.05229_-93.63681"},"geometry":{"type":"Polygon","coordinates":[[[-93.64286,42.04729],[-93.63076,42.04729],[-93.63076,42.05729],[-93.64286,42.05729],[-93.64286,42.04729]]]}},{"type":"Feature","id":511,"properties":{"id":"42.05229_-93.64891"},"geometry":{"type":"Polygon","coordinates":[[[-93.65496,42.04729],[-93.64286,42.04729],[-93.64286,42.05729],[-93.65496,42.05729],[-93.65496,42.04729]]]}},{"type":"Feature","id":512,"properties":{"id":"42.05229_-93.66101"},"geometry":{"type":"Polygon","coordinates":[[[-93.66706,42.04729],[-93.65496,42.04729],[-93.65496,42.05729],[-93.66706,42.05729],[-93.66706,42.04729]]]}},{"type":"Feature","id":513,"properties":{"id":"42.05229_-93.67311"},"geometry":{"type":"Polygon","coordinates":[[[-93.67916,42.04729],[-93.66706,42.04729],[-93.66706,42.05729],[-93.67916,42.05729],[-93.67916,42.04729]]]}},{"type":"Feature","id":514,"properties":{"id":"42.05229_-93.68521"},"geometry":{"type":"Polygon","coordinates":[[[-93.69126,42.04729],[-93.67916,42.04729],[-93.67916,42.05729],[-93.69126,42.05729],[-93.69126,42.04729]]]}},{"type":"Feature","id":515,"properties":{"id":"42.05229_-93.69731"},"geometry":{"type":"Polygon","coordinates":[[[-93.70336,42.04729],[-93.69126,42.04729],[-93.69126,42.05729],[-93.70336,42.05729],[-93.70336,42.04729]]]}},{"type":"Feature","id":516,"properties":{"id":"42.05229_-93.70941"},"geometry":{"type":"Polygon","coordinates":[[[-93.71546,42.04729],[-93.70336,42.04729],[-93.70336,42.05729],[-93.71546,42.05729],[-93.71546,42.04729]]]}},{"type":"Feature","id":517,"properties":{"id":"42.05229_-93.72151"},"geometry":{"type":"Polygon","coordinates":[[[-93.72756,42.04729],[-93.71546,42.04729],[-93.71546,42.05729],[-93.72756,42.05729],[-93.72756,42.04729]]]}},{"type":"Feature","id":518,"properties":{"id":"42.05229_-93.73361"},"geometry":{"type":"Polygon","coordinates":[[[-93.73966,42.04729],[-93.72756,42.04729],[-93.72756,42.05729],[-93.73966,42.05729],[-93.73966,42.04729]]]}},{"type":"Feature","id":519,"properties":{"id":"42.05229_-93.74571"},"geometry":{"type":"Polygon","coordinates":[[[-93.75176,42.04729],[-93.73966,42.04729],[-93.73966,42.05729],[-93.75176,42.05729],[-93.75176,42.04729]]]}},{"type":"Feature","id":520,"properties":{"id":"42.05229_-93.75781"},"geometry":{"type":"Polygon","coordinates":[[[-93.76386,42.04729],[-93.75176,42.04729],[-93.75176,42.05729],[-93.76386,42.05729],[-93.76386,42.04729]]]}},{"type":"Feature","id":521,"properties":{"id":"42.05229_-93.76991"},"geometry":{"type":"Polygon","coordinates":[[[-93.77596,42.04729],[-93.76386,42.04729],[-93.76386,42.05729],[-93.77596,42.05729],[-93.77596,42.04729]]]}},{"type":"Feature","id":522,"properties":{"id":"42.05229_-93.78201"},"geometry":{"type":"Polygon","coordinates":[[[-93.78806,42.04729],[-93.77596,42.04729],[-93.77596,42.05729],[-93.78806,42.05729],[-93.78806,42.04729]]]}},{"type":"Feature","id":523,"properties":{"id":"42.05229_-93.79411"},"geometry":{"type":"Polygon","coordinates":[[[-93.80016,42.04729],[-93.78806,42.04729],[-93.78806,42.05729],[-93.80016,42.05729],[-93.80016,42.04729]]]}},{"type":"Feature","id":524,"properties":{"id":"42.05229_-93.80621"},"geometry":{"type":"Polygon","coordinates":[[[-93.81226,42.04729],[-93.80016,42.04729],[-93.80016,42.05729],[-93.81226,42.05729],[-93.81226,42.04729]]]}},{"type":"Feature","id":525,"properties":{"id":"42.05229_-93.81831"},"geometry":{"type":"Polygon","coordinates":[[[-93.82436,42.04729],[-93.81226,42.04729],[-93.81226,42.05729],[-93.82436,42.05729],[-93.82436,42.04729]]]}},{"type":"Feature","id":526,"properties":{"id":"42.05229_-93.83041"},"geometry":{"type":"Polygon","coordinates":[[[-93.83646,42.04729],[-93.82436,42.04729],[-93.82436,42.05729],[-93.83646,42.05729],[-93.83646,42.04729]]]}},{"type":"Feature","id":527,"properties":{"id":"42.06229_-93.46741"},"geometry":{"type":"Polygon","coordinates":[[[-93.47346,42.05729],[-93.46136,42.05729],[-93.46136,42.06729],[-93.47346,42.06729],[-93.47346,42.05729]]]}},{"type":"Feature","id":528,"properties":{"id":"42.06229_-93.47951"},"geometry":{"type":"Polygon","coordinates":[[[-93.48556,42.05729],[-93.47346,42.05729],[-93.47346,42.06729],[-93.48556,42.06729],[-93.48556,42.05729]]]}},{"type":"Feature","id":529,"properties":{"id":"42.06229_-93.49161"},"geometry":{"type":"Polygon","coordinates":[[[-93.49766,42.05729],[-93.48556,42.05729],[-93.48556,42.06729],[-93.49766,42.06729],[-93.49766,42.05729]]]}},{"type":"Feature","id":530,"properties":{"id":"42.06229_-93.50371"},"geometry":{"type":"Polygon","coordinates":[[[-93.50976,42.05729],[-93.49766,42.05729],[-93.49766,42.06729],[-93.50976,42.06729],[-93.50976,42.05729]]]}},{"type":"Feature","id":531,"properties":{"id":"42.06229_-93.51581"},"geometry":{"type":"Polygon","coordinates":[[[-93.52186,42.05729],[-93.50976,42.05729],[-93.50976,42.06729],[-93.52186,42.06729],[-93.52186,42.05729]]]}},{"type":"Feature","id":532,"properties":{"id":"42.06229_-93.52791"},"geometry":{"type":"Polygon","coordinates":[[[-93.53396,42.05729],[-93.52186,42.05729],[-93.52186,42.06729],[-93.53396,42.06729],[-93.53396,42.05729]]]}},{"type":"Feature","id":533,"properties":{"id":"42.06229_-93.54001"},"geometry":{"type":"Polygon","coordinates":[[[-93.54606,42.05729],[-93.53396,42.05729],[-93.53396,42.06729],[-93.54606,42.06729],[-93.54606,42.05729]]]}},{"type":"Feature","id":534,"properties":{"id":"42.06229_-93.55211"},"geometry":{"type":"Polygon","coordinates":[[[-93.55816,42.05729],[-93.54606,42.05729],[-93.54606,42.06729],[-93.55816,42.06729],[-93.55816,42.05729]]]}},{"type":"Feature","id":535,"properties":{"id":"42.06229_-93.56421"},"geometry":{"type":"Polygon","coordinates":[[[-93.57026,42.05729],[-93.55816,42.05729],[-93.55816,42.06729],[-93.57026,42.06729],[-93.57026,42.05729]]]}},{"type":"Feature","id":536,"properties":{"id":"42.06229_-93.57631"},"geometry":{"type":"Polygon","coordinates":[[[-93.58236,42.05729],[-93.57026,42.05729],[-93.57026,42.06729],[-93.58236,42.06729],[-93.58236,42.05729]]]}},{"type":"Feature","id":537,"properties":{"id":"42.06229_-93.58841"},"geometry":{"type":"Polygon","coordinates":[[[-93.59446,42.05729],[-93.58236,42.05729],[-93.58236,42.06729],[-93.59446,42.06729],[-93.59446,42.05729]]]}},{"type":"Feature","id":538,"properties":{"id":"42.06229_-93.60051"},"geometry":{"type":"Polygon","coordinates":[[[-93.60656,42.05729],[-93.59446,42.05729],[-93.59446,42.06729],[-93.60656,42.06729],[-93.60656,42.05729]]]}},{"type":"Feature","id":539,"properties":{"id":"42.06229_-93.61261"},"geometry":{"type":"Polygon","coordinates":[[[-93.61866,42.05729],[-93.60656,42.05729],[-93.60656,42.06729],[-93.61866,42.06729],[-93.61866,42.05729]]]}},{"type":"Feature","id":540,"properties":{"id":"42.06229_-93.62471"},"geometry":{"type":"Polygon","coordinates":[[[-93.63076,42.05729],[-93.61866,42.05729],[-93.61866,42.06729],[-93.63076,42.06729],[-93.63076,42.05729]]]}},{"type":"Feature","id":541,"properties":{"id":"42.06229_-93.63681"},"geometry":{"type":"Polygon","coordinates":[[[-93.64286,42.05729],[-93.63076,42.05729],[-93.63076,42.06729],[-93.64286,42.06729],[-93.64286,42.05729]]]}},{"type":"Feature","id":542,"properties":{"id":"42.06229_-93.64891"},"geometry":{"type":"Polygon","coordinates":[[[-93.65496,42.05729],[-93.64286,42.05729],[-93.64286,42.06729],[-93.65496,42.06729],[-93.65496,42.05729]]]}},{"type":"Feature","id":543,"properties":{"id":"42.06229_-93.66101"},"geometry":{"type":"Polygon","coordinates":[[[-93.66706,42.05729],[-93.65496,42.05729],[-93.65496,42.06729],[-93.66706,42.06729],[-93.66706,42.05729]]]}},{"type":"Feature","id":544,"properties":{"id":"42.06229_-93.67311"},"geometry":{"type":"Polygon","coordinates":[[[-93.67916,42.05729],[-93.66706,42.05729],[-93.66706,42.06729],[-93.67916,42.06729],[-93.67916,42.05729]]]}},{"type":"Feature","id":545,"properties":{"id":"42.06229_-93.68521"},"geometry":{"type":"Polygon","coordinates":[[[-93.69126,42.05729],[-93.67916,42.05729],[-93.67916,42.06729],[-93.69126,42.06729],[-93.69126,42.05729]]]}},{"type":"Feature","id":546,"properties":{"id":"42.06229_-93.69731"},"geometry":{"type":"Polygon","coordinates":[[[-93.70336,42.05729],[-93.69126,42.05729],[-93.69126,42.06729],[-93.70336,42.06729],[-93.70336,42.05729]]]}},{"type":"Feature","id":547,"properties":{"id":"42.06229_-93.70941"},"geometry":{"type":"Polygon","coordinates":[[[-93.71546,42.05729],[-93.70336,42.05729],[-93.70336,42.06729],[-93.71546,42.06729],[-93.71546,42.05729]]]}},{"type":"Feature","id":548,"properties":{"id":"42.06229_-93.72151"},"geometry":{"type":"Polygon","coordinates":[[[-93.72756,42.05729],[-93.71546,42.05729],[-93.71546,42.06729],[-93.72756,42.06729],[-93.72756,42.05729]]]}},{"type":"Feature","id":549,"properties":{"id":"42.06229_-93.73361"},"geometry":{"type":"Polygon","coordinates":[[[-93.73966,42.05729],[-93.72756,42.05729],[-93.72756,42.06729],[-93.73966,42.06729],[-93.73966,42.05729]]]}},{"type":"Feature","id":550,"properties":{"id":"42.06229_-93.74571"},"geometry":{"type":"Polygon","coordinates":[[[-93.75176,42.05729],[-93.73966,42.05729],[-93.73966,42.06729],[-93.75176,42.06729],[-93.75176,42.05729]]]}},{"type":"Feature","id":551,"properties":{"id":"42.06229_-93.75781"},"geometry":{"type":"Polygon","coordinates":[[[-93.76386,42.05729],[-93.75176,42.05729],[-93.75176,42.06729],[-93.76386,42.06729],[-93.76386,42.05729]]]}},{"type":"Feature","id":552,"properties":{"id":"42.06229_-93.76991"},"geometry":{"type":"Polygon","coordinates":[[[-93.77596,42.05729],[-93.76386,42.05729],[-93.76386,42.06729],[-93.77596,42.06729],[-93.77596,42.05729]]]}},{"type":"Feature","id":553,"properties":{"id":"42.06229_-93.78201"},"geometry":{"type":"Polygon","coordinates":[[[-93.78806,42.05729],[-93.77596,42.05729],[-93.77596,42.06729],[-93.78806,42.06729],[-93.78806,42.05729]]]}},{"type":"Feature","id":554,"properties":{"id":"42.06229_-93.79411"},"geometry":{"type":"Polygon","coordinates":[[[-93.80016,42.05729],[-93.78806,42.05729],[-93.78806,42.06729],[-93.80016,42.06729],[-93.80016,42.05729]]]}},{"type":"Feature","id":555,"properties":{"id":"42.06229_-93.80621"},"geometry":{"type":"Polygon","coordinates":[[[-93.81226,42.05729],[-93.80016,42.05729],[-93.80016,42.06729],[-93.81226,42.06729],[-93.81226,42.05729]]]}},{"type":"Feature","id":556,"properties":{"id":"42.06229_-93.81831"},"geometry":{"type":"Polygon","coordinates":[[[-93.82436,42.05729],[-93.81226,42.05729],[-93.81226,42.06729],[-93.82436,42.06729],[-93.82436,42.05729]]]}},{"type":"Feature","id":557,"properties":{"id":"42.06229_-93.83041"},"geometry":{"type":"Polygon","coordinates":[[[-93.83646,42.05729],[-93.82436,42.05729],[-93.82436,42.06729],[-93.83646,42.06729],[-93.83646,42.05729]]]}},{"type":"Feature","id":558,"properties":{"id":"42.07229_-93.46741"},"geometry":{"type":"Polygon","coordinates":[[[-93.47346,42.06729],[-93.46136,42.06729],[-93.46136,42.07729],[-93.47346,42.07729],[-93.47346,42.06729]]]}},{"type":"Feature","id":559,"properties":{"id":"42.07229_-93.47951"},"geometry":{"type":"Polygon","coordinates":[[[-93.48556,42.06729],[-93.47346,42.06729],[-93.47346,42.07729],[-93.48556,42.07729],[-93.48556,42.06729]]]}},{"type":"Feature","id":560,"properties":{"id":"42.07229_-93.49161"},"geometry":{"type":"Polygon","coordinates":[[[-93.49766,42.06729],[-93.48556,42.06729],[-93.48556,42.07729],[-93.49766,42.07729],[-93.49766,42.06729]]]}},{"type":"Feature","id":561,"properties":{"id":"42.07229_-93.50371"},"geometry":{"type":"Polygon","coordinates":[[[-93.50976,42.06729],[-93.49766,42.06729],[-93.49766,42.07729],[-93.50976,42.07729],[-93.50976,42.06729]]]}},{"type":"Feature","id":562,"properties":{"id":"42.07229_-93.51581"},"geometry":{"type":"Polygon","coordinates":[[[-93.52186,42.06729],[-93.50976,42.06729],[-93.50976,42.07729],[-93.52186,42.07729],[-93.52186,42.06729]]]}},{"type":"Feature","id":563,"properties":{"id":"42.07229_-93.52791"},"geometry":{"type":"Polygon","coordinates":[[[-93.53396,42.06729],[-93.52186,42.06729],[-93.52186,42.07729],[-93.53396,42.07729],[-93.53396,42.06729]]]}},{"type":"Feature","id":564,"properties":{"id":"42.07229_-93.54001"},"geometry":{"type":"Polygon","coordinates":[[[-93.54606,42.06729],[-93.53396,42.06729],[-93.53396,42.07729],[-93.54606,42.07729],[-93.54606,42.06729]]]}},{"type":"Feature","id":565,"properties":{"id":"42.07229_-93.55211"},"geometry":{"type":"Polygon","coordinates":[[[-93.55816,42.06729],[-93.54606,42.06729],[-93.54606,42.07729],[-93.55816,42.07729],[-93.55816,42.06729]]]}},{"type":"Feature","id":566,"properties":{"id":"42.07229_-93.56421"},"geometry":{"type":"Polygon","coordinates":[[[-93.57026,42.06729],[-93.55816,42.06729],[-93.55816,42.07729],[-93.57026,42.07729],[-93.57026,42.06729]]]}},{"type":"Feature","id":567,"properties":{"id":"42.07229_-93.57631"},"geometry":{"type":"Polygon","coordinates":[[[-93.58236,42.06729],[-93.57026,42.06729],[-93.57026,42.07729],[-93.58236,42.07729],[-93.58236,42.06729]]]}},{"type":"Feature","id":568,"properties":{"id":"42.07229_-93.58841"},"geometry":{"type":"Polygon","coordinates":[[[-93.59446,42.06729],[-93.58236,42.06729],[-93.58236,42.07729],[-93.59446,42.07729],[-93.59446,42.06729]]]}},{"type":"Feature","id":569,"properties":{"id":"42.07229_-93.60051"},"geometry":{"type":"Polygon","coordinates":[[[-93.60656,42.06729],[-93.59446,42.06729],[-93.59446,42.07729],[-93.60656,42.07729],[-93.60656,42.06729]]]}},{"type":"Feature","id":570,"properties":{"id":"42.07229_-93.61261"},"geometry":{"type":"Polygon","coordinates":[[[-93.61866,42.06729],[-93.60656,42.06729],[-93.60656,42.07729],[-93.61866,42.07729],[-93.61866,42.06729]]]}},{"type":"Feature","id":571,"properties":{"id":"42.07229_-93.62471"},"geometry":{"type":"Polygon","coordinates":[[[-93.63076,42.06729],[-93.61866,42.06729],[-93.61866,42.07729],[-93.63076,42.07729],[-93.63076,42.06729]]]}},{"type":"Feature","id":572,"properties":{"id":"42.07229_-93.63681"},"geometry":{"type":"Polygon","coordinates":[[[-93.64286,42.06729],[-93.63076,42.06729],[-93.63076,42.07729],[-93.64286,42.07729],[-93.64286,42.06729]]]}},{"type":"Feature","id":573,"properties":{"id":"42.07229_-93.64891"},"geometry":{"type":"Polygon","coordinates":[[[-93.65496,42.06729],[-93.64286,42.06729],[-93.64286,42.07729],[-93.65496,42.07729],[-93.65496,42.06729]]]}},{"type":"Feature","id":574,"properties":{"id":"42.07229_-93.66101"},"geometry":{"type":"Polygon","coordinates":[[[-93.66706,42.06729],[-93.65496,42.06729],[-93.65496,42.07729],[-93.66706,42.07729],[-93.66706,42.06729]]]}},{"type":"Feature","id":575,"properties":{"id":"42.07229_-93.67311"},"geometry":{"type":"Polygon","coordinates":[[[-93.67916,42.06729],[-93.66706,42.06729],[-93.66706,42.07729],[-93.67916,42.07729],[-93.67916,42.06729]]]}},{"type":"Feature","id":576,"properties":{"id":"42.07229_-93.68521"},"geometry":{"type":"Polygon","coordinates":[[[-93.69126,42.06729],[-93.67916,42.06729],[-93.67916,42.07729],[-93.69126,42.07729],[-93.69126,42.06729]]]}},{"type":"Feature","id":577,"properties":{"id":"42.07229_-93.69731"},"geometry":{"type":"Polygon","coordinates":[[[-93.70336,42.06729],[-93.69126,42.06729],[-93.69126,42.07729],[-93.70336,42.07729],[-93.70336,42.06729]]]}},{"type":"Feature","id":578,"properties":{"id":"42.07229_-93.70941"},"geometry":{"type":"Polygon","coordinates":[[[-93.71546,42.06729],[-93.70336,42.06729],[-93.70336,42.07729],[-93.71546,42.07729],[-93.71546,42.06729]]]}},{"type":"Feature","id":579,"properties":{"id":"42.07229_-93.72151"},"geometry":{"type":"Polygon","coordinates":[[[-93.72756,42.06729],[-93.71546,42.06729],[-93.71546,42.07729],[-93.72756,42.07729],[-93.72756,42.06729]]]}},{"type":"Feature","id":580,"properties":{"id":"42.07229_-93.73361"},"geometry":{"type":"Polygon","coordinates":[[[-93.73966,42.06729],[-93.72756,42.06729],[-93.72756,42.07729],[-93.73966,42.07729],[-93.73966,42.06729]]]}},{"type":"Feature","id":581,"properties":{"id":"42.07229_-93.74571"},"geometry":{"type":"Polygon","coordinates":[[[-93.75176,42.06729],[-93.73966,42.06729],[-93.73966,42.07729],[-93.75176,42.07729],[-93.75176,42.06729]]]}},{"type":"Feature","id":582,"properties":{"id":"42.07229_-93.75781"},"geometry":{"type":"Polygon","coordinates":[[[-93.76386,42.06729],[-93.75176,42.06729],[-93.75176,42.07729],[-93.76386,42.07729],[-93.76386,42.06729]]]}},{"type":"Feature","id":583,"properties":{"id":"42.07229_-93.76991"},"geometry":{"type":"Polygon","coordinates":[[[-93.77596,42.06729],[-93.76386,42.06729],[-93.76386,42.07729],[-93.77596,42.07729],[-93.77596,42.06729]]]}},{"type":"Feature","id":584,"properties":{"id":"42.07229_-93.78201"},"geometry":{"type":"Polygon","coordinates":[[[-93.78806,42.06729],[-93.77596,42.06729],[-93.77596,42.07729],[-93.78806,42.07729],[-93.78806,42.06729]]]}},{"type":"Feature","id":585,"properties":{"id":"42.07229_-93.79411"},"geometry":{"type":"Polygon","coordinates":[[[-93.80016,42.06729],[-93.78806,42.06729],[-93.78806,42.07729],[-93.80016,42.07729],[-93.80016,42.06729]]]}},{"type":"Feature","id":586,"properties":{"id":"42.07229_-93.80621"},"geometry":{"type":"Polygon","coordinates":[[[-93.81226,42.06729],[-93.80016,42.06729],[-93.80016,42.07729],[-93.81226,42.07729],[-93.81226,42.06729]]]}},{"type":"Feature","id":587,"properties":{"id":"42.07229_-93.81831"},"geometry":{"type":"Polygon","coordinates":[[[-93.82436,42.06729],[-93.81226,42.06729],[-93.81226,42.07729],[-93.82436,42.07729],[-93.82436,42.06729]]]}},{"type":"Feature","id":588,"properties":{"id":"42.07229_-93.83041"},"geometry":{"type":"Polygon","coordinates":[[[-93.83646,42.06729],[-93.82436,42.06729],[-93.82436,42.07729],[-93.83646,42.07729],[-93.83646,42.06729]]]}},{"type":"Feature","id":589,"properties":{"id":"42.08229_-93.46741"},"geometry":{"type":"Polygon","coordinates":[[[-93.47346,42.07729],[-93.46136,42.07729],[-93.46136,42.08729],[-93.47346,42.08729],[-93.47346,42.07729]]]}},{"type":"Feature","id":590,"properties":{"id":"42.08229_-93.47951"},"geometry":{"type":"Polygon","coordinates":[[[-93.48556,42.07729],[-93.47346,42.07729],[-93.47346,42.08729],[-93.48556,42.08729],[-93.48556,42.07729]]]}},{"type":"Feature","id":591,"properties":{"id":"42.08229_-93.49161"},"geometry":{"type":"Polygon","coordinates":[[[-93.49766,42.07729],[-93.48556,42.07729],[-93.48556,42.08729],[-93.49766,42.08729],[-93.49766,42.07729]]]}},{"type":"Feature","id":592,"properties":{"id":"42.08229_-93.50371"},"geometry":{"type":"Polygon","coordinates":[[[-93.50976,42.07729],[-93.49766,42.07729],[-93.49766,42.08729],[-93.50976,42.08729],[-93.50976,42.07729]]]}},{"type":"Feature","id":593,"properties":{"id":"42.08229_-93.51581"},"geometry":{"type":"Polygon","coordinates":[[[-93.52186,42.07729],[-93.50976,42.07729],[-93.50976,42.08729],[-93.52186,42.08729],[-93.52186,42.07729]]]}},{"type":"Feature","id":594,"properties":{"id":"42.08229_-93.52791"},"geometry":{"type":"Polygon","coordinates":[[[-93.53396,42.07729],[-93.52186,42.07729],[-93.52186,42.08729],[-93.53396,42.08729],[-93.53396,42.07729]]]}},{"type":"Feature","id":595,"properties":{"id":"42.08229_-93.54001"},"geometry":{"type":"Polygon","coordinates":[[[-93.54606,42.07729],[-93.53396,42.07729],[-93.53396,42.08729],[-93.54606,42.08729],[-93.54606,42.07729]]]}},{"type":"Feature","id":596,"properties":{"id":"42.08229_-93.55211"},"geometry":{"type":"Polygon","coordinates":[[[-93.55816,42.07729],[-93.54606,42.07729],[-93.54606,42.08729],[-93.55816,42.08729],[-93.55816,42.07729]]]}},{"type":"Feature","id":597,"properties":{"id":"42.08229_-93.56421"},"geometry":{"type":"Polygon","coordinates":[[[-93.57026,42.07729],[-93.55816,42.07729],[-93.55816,42.08729],[-93.57026,42.08729],[-93.57026,42.07729]]]}},{"type":"Feature","id":598,"properties":{"id":"42.08229_-93.57631"},"geometry":{"type":"Polygon","coordinates":[[[-93.58236,42.07729],[-93.57026,42.07729],[-93.57026,42.08729],[-93.58236,42.08729],[-93.58236,42.07729]]]}},{"type":"Feature","id":599,"properties":{"id":"42.08229_-93.58841"},"geometry":{"type":"Polygon","coordinates":[[[-93.59446,42.07729],[-93.58236,42.07729],[-93.58236,42.08729],[-93.59446,42.08729],[-93.59446,42.07729]]]}},{"type":"Feature","id":600,"properties":{"id":"42.08229_-93.60051"},"geometry":{"type":"Polygon","coordinates":[[[-93.60656,42.07729],[-93.59446,42.07729],[-93.59446,42.08729],[-93.60656,42.08729],[-93.60656,42.07729]]]}},{"type":"Feature","id":601,"properties":{"id":"42.08229_-93.61261"},"geometry":{"type":"Polygon","coordinates":[[[-93.61866,42.07729],[-93.60656,42.07729],[-93.60656,42.08729],[-93.61866,42.08729],[-93.61866,42.07729]]]}},{"type":"Feature","id":602,"properties":{"id":"42.08229_-93.62471"},"geometry":{"type":"Polygon","coordinates":[[[-93.63076,42.07729],[-93.61866,42.07729],[-93.61866,42.08729],[-93.63076,42.08729],[-93.63076,42.07729]]]}},{"type":"Feature","id":603,"properties":{"id":"42.08229_-93.63681"},"geometry":{"type":"Polygon","coordinates":[[[-93.64286,42.07729],[-93.63076,42.07729],[-93.63076,42.08729],[-93.64286,42.08729],[-93.64286,42.07729]]]}},{"type":"Feature","id":604,"properties":{"id":"42.08229_-93.64891"},"geometry":{"type":"Polygon","coordinates":[[[-93.65496,42.07729],[-93.64286,42.07729],[-93.64286,42.08729],[-93.65496,42.08729],[-93.65496,42.07729]]]}},{"type":"Feature","id":605,"properties":{"id":"42.08229_-93.66101"},"geometry":{"type":"Polygon","coordinates":[[[-93.66706,42.07729],[-93.65496,42.07729],[-93.65496,42.08729],[-93.66706,42.08729],[-93.66706,42.07729]]]}},{"type":"Feature","id":606,"properties":{"id":"42.08229_-93.67311"},"geometry":{"type":"Polygon","coordinates":[[[-93.67916,42.07729],[-93.66706,42.07729],[-93.66706,42.08729],[-93.67916,42.08729],[-93.67916,42.07729]]]}},{"type":"Feature","id":607,"properties":{"id":"42.08229_-93.68521"},"geometry":{"type":"Polygon","coordinates":[[[-93.69126,42.07729],[-93.67916,42.07729],[-93.67916,42.08729],[-93.69126,42.08729],[-93.69126,42.07729]]]}},{"type":"Feature","id":608,"properties":{"id":"42.08229_-93.69731"},"geometry":{"type":"Polygon","coordinates":[[[-93.70336,42.07729],[-93.69126,42.07729],[-93.69126,42.08729],[-93.70336,42.08729],[-93.70336,42.07729]]]}},{"type":"Feature","id":609,"properties":{"id":"42.08229_-93.70941"},"geometry":{"type":"Polygon","coordinates":[[[-93.71546,42.07729],[-93.70336,42.07729],[-93.70336,42.08729],[-93.71546,42.08729],[-93.71546,42.07729]]]}},{"type":"Feature","id":610,"properties":{"id":"42.08229_-93.72151"},"geometry":{"type":"Polygon","coordinates":[[[-93.72756,42.07729],[-93.71546,42.07729],[-93.71546,42.08729],[-93.72756,42.08729],[-93.72756,42.07729]]]}},{"type":"Feature","id":611,"properties":{"id":"42.08229_-93.73361"},"geometry":{"type":"Polygon","coordinates":[[[-93.73966,42.07729],[-93.72756,42.07729],[-93.72756,42.08729],[-93.73966,42.08729],[-93.73966,42.07729]]]}},{"type":"Feature","id":612,"properties":{"id":"42.08229_-93.74571"},"geometry":{"type":"Polygon","coordinates":[[[-93.75176,42.07729],[-93.73966,42.07729],[-93.73966,42.08729],[-93.75176,42.08729],[-93.75176,42.07729]]]}},{"type":"Feature","id":613,"properties":{"id":"42.08229_-93.75781"},"geometry":{"type":"Polygon","coordinates":[[[-93.76386,42.07729],[-93.75176,42.07729],[-93.75176,42.08729],[-93.76386,42.08729],[-93.76386,42.07729]]]}},{"type":"Feature","id":614,"properties":{"id":"42.08229_-93.76991"},"geometry":{"type":"Polygon","coordinates":[[[-93.77596,42.07729],[-93.76386,42.07729],[-93.76386,42.08729],[-93.77596,42.08729],[-93.77596,42.07729]]]}},{"type":"Feature","id":615,"properties":{"id":"42.08229_-93.78201"},"geometry":{"type":"Polygon","coordinates":[[[-93.78806,42.07729],[-93.77596,42.07729],[-93.77596,42.08729],[-93.78806,42.08729],[-93.78806,42.07729]]]}},{"type":"Feature","id":616,"properties":{"id":"42.08229_-93.79411"},"geometry":{"type":"Polygon","coordinates":[[[-93.80016,42.07729],[-93.78806,42.07729],[-93.78806,42.08729],[-93.80016,42.08729],[-93.80016,42.07729]]]}},{"type":"Feature","id":617,"properties":{"id":"42.08229_-93.80621"},"geometry":{"type":"Polygon","coordinates":[[[-93.81226,42.07729],[-93.80016,42.07729],[-93.80016,42.08729],[-93.81226,42.08729],[-93.81226,42.07729]]]}},{"type":"Feature","id":618,"properties":{"id":"42.08229_-93.81831"},"geometry":{"type":"Polygon","coordinates":[[[-93.82436,42.07729],[-93.81226,42.07729],[-93.81226,42.08729],[-93.82436,42.08729],[-93.82436,42.07729]]]}},{"type":"Feature","id":619,"properties":{"id":"42.08229_-93.83041"},"geometry":{"type":"Polygon","coordinates":[[[-93.83646,42.07729],[-93.82436,42.07729],[-93.82436,42.08729],[-93.83646,42.08729],[-93.83646,42.07729]]]}},{"type":"Feature","id":620,"properties":{"id":"42.09229_-93.46741"},"geometry":{"type":"Polygon","coordinates":[[[-93.47346,42.08729],[-93.46136,42.08729],[-93.46136,42.09729],[-93.47346,42.09729],[-93.47346,42.08729]]]}},{"type":"Feature","id":621,"properties":{"id":"42.09229_-93.47951"},"geometry":{"type":"Polygon","coordinates":[[[-93.48556,42.08729],[-93.47346,42.08729],[-93.47346,42.09729],[-93.48556,42.09729],[-93.48556,42.08729]]]}},{"type":"Feature","id":622,"properties":{"id":"42.09229_-93.49161"},"geometry":{"type":"Polygon","coordinates":[[[-93.49766,42.08729],[-93.48556,42.08729],[-93.48556,42.09729],[-93.49766,42.09729],[-93.49766,42.08729]]]}},{"type":"Feature","id":623,"properties":{"id":"42.09229_-93.50371"},"geometry":{"type":"Polygon","coordinates":[[[-93.50976,42.08729],[-93.49766,42.08729],[-93.49766,42.09729],[-93.50976,42.09729],[-93.50976,42.08729]]]}},{"type":"Feature","id":624,"properties":{"id":"42.09229_-93.51581"},"geometry":{"type":"Polygon","coordinates":[[[-93.52186,42.08729],[-93.50976,42.08729],[-93.50976,42.09729],[-93.52186,42.09729],[-93.52186,42.08729]]]}},{"type":"Feature","id":625,"properties":{"id":"42.09229_-93.52791"},"geometry":{"type":"Polygon","coordinates":[[[-93.53396,42.08729],[-93.52186,42.08729],[-93.52186,42.09729],[-93.53396,42.09729],[-93.53396,42.08729]]]}},{"type":"Feature","id":626,"properties":{"id":"42.09229_-93.54001"},"geometry":{"type":"Polygon","coordinates":[[[-93.54606,42.08729],[-93.53396,42.08729],[-93.53396,42.09729],[-93.54606,42.09729],[-93.54606,42.08729]]]}},{"type":"Feature","id":627,"properties":{"id":"42.09229_-93.55211"},"geometry":{"type":"Polygon","coordinates":[[[-93.55816,42.08729],[-93.54606,42.08729],[-93.54606,42.09729],[-93.55816,42.09729],[-93.55816,42.08729]]]}},{"type":"Feature","id":628,"properties":{"id":"42.09229_-93.56421"},"geometry":{"type":"Polygon","coordinates":[[[-93.57026,42.08729],[-93.55816,42.08729],[-93.55816,42.09729],[-93.57026,42.09729],[-93.57026,42.08729]]]}},{"type":"Feature","id":629,"properties":{"id":"42.09229_-93.57631"},"geometry":{"type":"Polygon","coordinates":[[[-93.58236,42.08729],[-93.57026,42.08729],[-93.57026,42.09729],[-93.58236,42.09729],[-93.58236,42.08729]]]}},{"type":"Feature","id":630,"properties":{"id":"42.09229_-93.58841"},"geometry":{"type":"Polygon","coordinates":[[[-93.59446,42.08729],[-93.58236,42.08729],[-93.58236,42.09729],[-93.59446,42.09729],[-93.59446,42.08729]]]}},{"type":"Feature","id":631,"properties":{"id":"42.09229_-93.60051"},"geometry":{"type":"Polygon","coordinates":[[[-93.60656,42.08729],[-93.59446,42.08729],[-93.59446,42.09729],[-93.60656,42.09729],[-93.60656,42.08729]]]}},{"type":"Feature","id":632,"properties":{"id":"42.09229_-93.61261"},"geometry":{"type":"Polygon","coordinates":[[[-93.61866,42.08729],[-93.60656,42.08729],[-93.60656,42.09729],[-93.61866,42.09729],[-93.61866,42.08729]]]}},{"type":"Feature","id":633,"properties":{"id":"42.09229_-93.62471"},"geometry":{"type":"Polygon","coordinates":[[[-93.63076,42.08729],[-93.61866,42.08729],[-93.61866,42.09729],[-93.63076,42.09729],[-93.63076,42.08729]]]}},{"type":"Feature","id":634,"properties":{"id":"42.09229_-93.63681"},"geometry":{"type":"Polygon","coordinates":[[[-93.64286,42.08729],[-93.63076,42.08729],[-93.63076,42.09729],[-93.64286,42.09729],[-93.64286,42.08729]]]}},{"type":"Feature","id":635,"properties":{"id":"42.09229_-93.64891"},"geometry":{"type":"Polygon","coordinates":[[[-93.65496,42.08729],[-93.64286,42.08729],[-93.64286,42.09729],[-93.65496,42.09729],[-93.65496,42.08729]]]}},{"type":"Feature","id":636,"properties":{"id":"42.09229_-93.66101"},"geometry":{"type":"Polygon","coordinates":[[[-93.66706,42.08729],[-93.65496,42.08729],[-93.65496,42.09729],[-93.66706,42.09729],[-93.66706,42.08729]]]}},{"type":"Feature","id":637,"properties":{"id":"42.09229_-93.67311"},"geometry":{"type":"Polygon","coordinates":[[[-93.67916,42.08729],[-93.66706,42.08729],[-93.66706,42.09729],[-93.67916,42.09729],[-93.67916,42.08729]]]}},{"type":"Feature","id":638,"properties":{"id":"42.09229_-93.68521"},"geometry":{"type":"Polygon","coordinates":[[[-93.69126,42.08729],[-93.67916,42.08729],[-93.67916,42.09729],[-93.69126,42.09729],[-93.69126,42.08729]]]}},{"type":"Feature","id":639,"properties":{"id":"42.09229_-93.69731"},"geometry":{"type":"Polygon","coordinates":[[[-93.70336,42.08729],[-93.69126,42.08729],[-93.69126,42.09729],[-93.70336,42.09729],[-93.70336,42.08729]]]}},{"type":"Feature","id":640,"properties":{"id":"42.09229_-93.70941"},"geometry":{"type":"Polygon","coordinates":[[[-93.71546,42.08729],[-93.70336,42.08729],[-93.70336,42.09729],[-93.71546,42.09729],[-93.71546,42.08729]]]}},{"type":"Feature","id":641,"properties":{"id":"42.09229_-93.72151"},"geometry":{"type":"Polygon","coordinates":[[[-93.72756,42.08729],[-93.71546,42.08729],[-93.71546,42.09729],[-93.72756,42.09729],[-93.72756,42.08729]]]}},{"type":"Feature","id":642,"properties":{"id":"42.09229_-93.73361"},"geometry":{"type":"Polygon","coordinates":[[[-93.73966,42.08729],[-93.72756,42.08729],[-93.72756,42.09729],[-93.73966,42.09729],[-93.73966,42.08729]]]}},{"type":"Feature","id":643,"properties":{"id":"42.09229_-93.74571"},"geometry":{"type":"Polygon","coordinates":[[[-93.75176,42.08729],[-93.73966,42.08729],[-93.73966,42.09729],[-93.75176,42.09729],[-93.75176,42.08729]]]}},{"type":"Feature","id":644,"properties":{"id":"42.09229_-93.75781"},"geometry":{"type":"Polygon","coordinates":[[[-93.76386,42.08729],[-93.75176,42.08729],[-93.75176,42.09729],[-93.76386,42.09729],[-93.76386,42.08729]]]}},{"type":"Feature","id":645,"properties":{"id":"42.09229_-93.76991"},"geometry":{"type":"Polygon","coordinates":[[[-93.77596,42.08729],[-93.76386,42.08729],[-93.76386,42.09729],[-93.77596,42.09729],[-93.77596,42.08729]]]}},{"type":"Feature","id":646,"properties":{"id":"42.09229_-93.78201"},"geometry":{"type":"Polygon","coordinates":[[[-93.78806,42.08729],[-93.77596,42.08729],[-93.77596,42.09729],[-93.78806,42.09729],[-93.78806,42.08729]]]}},{"type":"Feature","id":647,"properties":{"id":"42.09229_-93.79411"},"geometry":{"type":"Polygon","coordinates":[[[-93.80016,42.08729],[-93.78806,42.08729],[-93.78806,42.09729],[-93.80016,42.09729],[-93.80016,42.08729]]]}},{"type":"Feature","id":648,"properties":{"id":"42.09229_-93.80621"},"geometry":{"type":"Polygon","coordinates":[[[-93.81226,42.08729],[-93.80016,42.08729],[-93.80016,42.09729],[-93.81226,42.09729],[-93.81226,42.08729]]]}},{"type":"Feature","id":649,"properties":{"id":"42.09229_-93.81831"},"geometry":{"type":"Polygon","coordinates":[[[-93.82436,42.08729],[-93.81226,42.08729],[-93.81226,42.09729],[-93.82436,42.09729],[-93.82436,42.08729]]]}},{"type":"Feature","id":650,"properties":{"id":"42.09229_-93.83041"},"geometry":{"type":"Polygon","coordinates":[[[-93.83646,42.08729],[-93.82436,42.08729],[-93.82436,42.09729],[-93.83646,42.09729],[-93.83646,42.08729]]]}},{"type":"Feature","id":651,"properties":{"id":"42.10229_-93.46741"},"geometry":{"type":"Polygon","coordinates":[[[-93.47346,42.09729],[-93.46136,42.09729],[-93.46136,42.10729],[-93.47346,42.10729],[-93.47346,42.09729]]]}},{"type":"Feature","id":652,"properties":{"id":"42.10229_-93.47951"},"geometry":{"type":"Polygon","coordinates":[[[-93.48556,42.09729],[-93.47346,42.09729],[-93.47346,42.10729],[-93.48556,42.10729],[-93.48556,42.09729]]]}},{"type":"Feature","id":653,"properties":{"id":"42.10229_-93.49161"},"geometry":{"type":"Polygon","coordinates":[[[-93.49766,42.09729],[-93.48556,42.09729],[-93.48556,42.10729],[-93.49766,42.10729],[-93.49766,42.09729]]]}},{"type":"Feature","id":654,"properties":{"id":"42.10229_-93.50371"},"geometry":{"type":"Polygon","coordinates":[[[-93.50976,42.09729],[-93.49766,42.09729],[-93.49766,42.10729],[-93.50976,42.10729],[-93.50976,42.09729]]]}},{"type":"Feature","id":655,"properties":{"id":"42.10229_-93.51581"},"geometry":{"type":"Polygon","coordinates":[[[-93.52186,42.09729],[-93.50976,42.09729],[-93.50976,42.10729],[-93.52186,42.10729],[-93.52186,42.09729]]]}},{"type":"Feature","id":656,"properties":{"id":"42.10229_-93.52791"},"geometry":{"type":"Polygon","coordinates":[[[-93.53396,42.09729],[-93.52186,42.09729],[-93.52186,42.10729],[-93.53396,42.10729],[-93.53396,42.09729]]]}},{"type":"Feature","id":657,"properties":{"id":"42.10229_-93.54001"},"geometry":{"type":"Polygon","coordinates":[[[-93.54606,42.09729],[-93.53396,42.09729],[-93.53396,42.10729],[-93.54606,42.10729],[-93.54606,42.09729]]]}},{"type":"Feature","id":658,"properties":{"id":"42.10229_-93.55211"},"geometry":{"type":"Polygon","coordinates":[[[-93.55816,42.09729],[-93.54606,42.09729],[-93.54606,42.10729],[-93.55816,42.10729],[-93.55816,42.09729]]]}},{"type":"Feature","id":659,"properties":{"id":"42.10229_-93.56421"},"geometry":{"type":"Polygon","coordinates":[[[-93.57026,42.09729],[-93.55816,42.09729],[-93.55816,42.10729],[-93.57026,42.10729],[-93.57026,42.09729]]]}},{"type":"Feature","id":660,"properties":{"id":"42.10229_-93.57631"},"geometry":{"type":"Polygon","coordinates":[[[-93.58236,42.09729],[-93.57026,42.09729],[-93.57026,42.10729],[-93.58236,42.10729],[-93.58236,42.09729]]]}},{"type":"Feature","id":661,"properties":{"id":"42.10229_-93.58841"},"geometry":{"type":"Polygon","coordinates":[[[-93.59446,42.09729],[-93.58236,42.09729],[-93.58236,42.10729],[-93.59446,42.10729],[-93.59446,42.09729]]]}},{"type":"Feature","id":662,"properties":{"id":"42.10229_-93.60051"},"geometry":{"type":"Polygon","coordinates":[[[-93.60656,42.09729],[-93.59446,42.09729],[-93.59446,42.10729],[-93.60656,42.10729],[-93.60656,42.09729]]]}},{"type":"Feature","id":663,"properties":{"id":"42.10229_-93.61261"},"geometry":{"type":"Polygon","coordinates":[[[-93.61866,42.09729],[-93.60656,42.09729],[-93.60656,42.10729],[-93.61866,42.10729],[-93.61866,42.09729]]]}},{"type":"Feature","id":664,"properties":{"id":"42.10229_-93.62471"},"geometry":{"type":"Polygon","coordinates":[[[-93.63076,42.09729],[-93.61866,42.09729],[-93.61866,42.10729],[-93.63076,42.10729],[-93.63076,42.09729]]]}},{"type":"Feature","id":665,"properties":{"id":"42.10229_-93.63681"},"geometry":{"type":"Polygon","coordinates":[[[-93.64286,42.09729],[-93.63076,42.09729],[-93.63076,42.10729],[-93.64286,42.10729],[-93.64286,42.09729]]]}},{"type":"Feature","id":666,"properties":{"id":"42.10229_-93.64891"},"geometry":{"type":"Polygon","coordinates":[[[-93.65496,42.09729],[-93.64286,42.09729],[-93.64286,42.10729],[-93.65496,42.10729],[-93.65496,42.09729]]]}},{"type":"Feature","id":667,"properties":{"id":"42.10229_-93.66101"},"geometry":{"type":"Polygon","coordinates":[[[-93.66706,42.09729],[-93.65496,42.09729],[-93.65496,42.10729],[-93.66706,42.10729],[-93.66706,42.09729]]]}},{"type":"Feature","id":668,"properties":{"id":"42.10229_-93.67311"},"geometry":{"type":"Polygon","coordinates":[[[-93.67916,42.09729],[-93.66706,42.09729],[-93.66706,42.10729],[-93.67916,42.10729],[-93.67916,42.09729]]]}},{"type":"Feature","id":669,"properties":{"id":"42.10229_-93.68521"},"geometry":{"type":"Polygon","coordinates":[[[-93.69126,42.09729],[-93.67916,42.09729],[-93.67916,42.10729],[-93.69126,42.10729],[-93.69126,42.09729]]]}},{"type":"Feature","id":670,"properties":{"id":"42.10229_-93.69731"},"geometry":{"type":"Polygon","coordinates":[[[-93.70336,42.09729],[-93.69126,42.09729],[-93.69126,42.10729],[-93.70336,42.10729],[-93.70336,42.09729]]]}},{"type":"Feature","id":671,"properties":{"id":"42.10229_-93.70941"},"geometry":{"type":"Polygon","coordinates":[[[-93.71546,42.09729],[-93.70336,42.09729],[-93.70336,42.10729],[-93.71546,42.10729],[-93.71546,42.09729]]]}},{"type":"Feature","id":672,"properties":{"id":"42.10229_-93.72151"},"geometry":{"type":"Polygon","coordinates":[[[-93.72756,42.09729],[-93.71546,42.09729],[-93.71546,42.10729],[-93.72756,42.10729],[-93.72756,42.09729]]]}},{"type":"Feature","id":673,"properties":{"id":"42.10229_-93.73361"},"geometry":{"type":"Polygon","coordinates":[[[-93.73966,42.09729],[-93.72756,42.09729],[-93.72756,42.10729],[-93.73966,42.10729],[-93.73966,42.09729]]]}},{"type":"Feature","id":674,"properties":{"id":"42.10229_-93.74571"},"geometry":{"type":"Polygon","coordinates":[[[-93.75176,42.09729],[-93.73966,42.09729],[-93.73966,42.10729],[-93.75176,42.10729],[-93.75176,42.09729]]]}},{"type":"Feature","id":675,"properties":{"id":"42.10229_-93.75781"},"geometry":{"type":"Polygon","coordinates":[[[-93.76386,42.09729],[-93.75176,42.09729],[-93.75176,42.10729],[-93.76386,42.10729],[-93.76386,42.09729]]]}},{"type":"Feature","id":676,"properties":{"id":"42.10229_-93.76991"},"geometry":{"type":"Polygon","coordinates":[[[-93.77596,42.09729],[-93.76386,42.09729],[-93.76386,42.10729],[-93.77596,42.10729],[-93.77596,42.09729]]]}},{"type":"Feature","id":677,"properties":{"id":"42.10229_-93.78201"},"geometry":{"type":"Polygon","coordinates":[[[-93.78806,42.09729],[-93.77596,42.09729],[-93.77596,42.10729],[-93.78806,42.10729],[-93.78806,42.09729]]]}},{"type":"Feature","id":678,"properties":{"id":"42.10229_-93.79411"},"geometry":{"type":"Polygon","coordinates":[[[-93.80016,42.09729],[-93.78806,42.09729],[-93.78806,42.10729],[-93.80016,42.10729],[-93.80016,42.09729]]]}},{"type":"Feature","id":679,"properties":{"id":"42.10229_-93.80621"},"geometry":{"type":"Polygon","coordinates":[[[-93.81226,42.09729],[-93.80016,42.09729],[-93.80016,42.10729],[-93.81226,42.10729],[-93.81226,42.09729]]]}},{"type":"Feature","id":680,"properties":{"id":"42.10229_-93.81831"},"geometry":{"type":"Polygon","coordinates":[[[-93.82436,42.09729],[-93.81226,42.09729],[-93.81226,42.10729],[-93.82436,42.10729],[-93.82436,42.09729]]]}},{"type":"Feature","id":681,"properties":{"id":"42.10229_-93.83041"},"geometry":{"type":"Polygon","coordinates":[[[-93.83646,42.09729],[-93.82436,42.09729],[-93.82436,42.10729],[-93.83646,42.10729],[-93.83646,42.09729]]]}},{"type":"Feature","id":682,"properties":{"id":"42.11229_-93.46741"},"geometry":{"type":"Polygon","coordinates":[[[-93.47346,42.10729],[-93.46136,42.10729],[-93.46136,42.11729],[-93.47346,42.11729],[-93.47346,42.10729]]]}},{"type":"Feature","id":683,"properties":{"id":"42.11229_-93.47951"},"geometry":{"type":"Polygon","coordinates":[[[-93.48556,42.10729],[-93.47346,42.10729],[-93.47346,42.11729],[-93.48556,42.11729],[-93.48556,42.10729]]]}},{"type":"Feature","id":684,"properties":{"id":"42.11229_-93.49161"},"geometry":{"type":"Polygon","coordinates":[[[-93.49766,42.10729],[-93.48556,42.10729],[-93.48556,42.11729],[-93.49766,42.11729],[-93.49766,42.10729]]]}},{"type":"Feature","id":685,"properties":{"id":"42.11229_-93.50371"},"geometry":{"type":"Polygon","coordinates":[[[-93.50976,42.10729],[-93.49766,42.10729],[-93.49766,42.11729],[-93.50976,42.11729],[-93.50976,42.10729]]]}},{"type":"Feature","id":686,"properties":{"id":"42.11229_-93.51581"},"geometry":{"type":"Polygon","coordinates":[[[-93.52186,42.10729],[-93.50976,42.10729],[-93.50976,42.11729],[-93.52186,42.11729],[-93.52186,42.10729]]]}},{"type":"Feature","id":687,"properties":{"id":"42.11229_-93.52791"},"geometry":{"type":"Polygon","coordinates":[[[-93.53396,42.10729],[-93.52186,42.10729],[-93.52186,42.11729],[-93.53396,42.11729],[-93.53396,42.10729]]]}},{"type":"Feature","id":688,"properties":{"id":"42.11229_-93.54001"},"geometry":{"type":"Polygon","coordinates":[[[-93.54606,42.10729],[-93.53396,42.10729],[-93.53396,42.11729],[-93.54606,42.11729],[-93.54606,42.10729]]]}},{"type":"Feature","id":689,"properties":{"id":"42.11229_-93.55211"},"geometry":{"type":"Polygon","coordinates":[[[-93.55816,42.10729],[-93.54606,42.10729],[-93.54606,42.11729],[-93.55816,42.11729],[-93.55816,42.10729]]]}},{"type":"Feature","id":690,"properties":{"id":"42.11229_-93.56421"},"geometry":{"type":"Polygon","coordinates":[[[-93.57026,42.10729],[-93.55816,42.10729],[-93.55816,42.11729],[-93.57026,42.11729],[-93.57026,42.10729]]]}},{"type":"Feature","id":691,"properties":{"id":"42.11229_-93.57631"},"geometry":{"type":"Polygon","coordinates":[[[-93.58236,42.10729],[-93.57026,42.10729],[-93.57026,42.11729],[-93.58236,42.11729],[-93.58236,42.10729]]]}},{"type":"Feature","id":692,"properties":{"id":"42.11229_-93.58841"},"geometry":{"type":"Polygon","coordinates":[[[-93.59446,42.10729],[-93.58236,42.10729],[-93.58236,42.11729],[-93.59446,42.11729],[-93.59446,42.10729]]]}},{"type":"Feature","id":693,"properties":{"id":"42.11229_-93.60051"},"geometry":{"type":"Polygon","coordinates":[[[-93.60656,42.10729],[-93.59446,42.10729],[-93.59446,42.11729],[-93.60656,42.11729],[-93.60656,42.10729]]]}},{"type":"Feature","id":694,"properties":{"id":"42.11229_-93.61261"},"geometry":{"type":"Polygon","coordinates":[[[-93.61866,42.10729],[-93.60656,42.10729],[-93.60656,42.11729],[-93.61866,42.11729],[-93.61866,42.10729]]]}},{"type":"Feature","id":695,"properties":{"id":"42.11229_-93.62471"},"geometry":{"type":"Polygon","coordinates":[[[-93.63076,42.10729],[-93.61866,42.10729],[-93.61866,42.11729],[-93.63076,42.11729],[-93.63076,42.10729]]]}},{"type":"Feature","id":696,"properties":{"id":"42.11229_-93.63681"},"geometry":{"type":"Polygon","coordinates":[[[-93.64286,42.10729],[-93.63076,42.10729],[-93.63076,42.11729],[-93.64286,42.11729],[-93.64286,42.10729]]]}},{"type":"Feature","id":697,"properties":{"id":"42.11229_-93.64891"},"geometry":{"type":"Polygon","coordinates":[[[-93.65496,42.10729],[-93.64286,42.10729],[-93.64286,42.11729],[-93.65496,42.11729],[-93.65496,42.10729]]]}},{"type":"Feature","id":698,"properties":{"id":"42.11229_-93.66101"},"geometry":{"type":"Polygon","coordinates":[[[-93.66706,42.10729],[-93.65496,42.10729],[-93.65496,42.11729],[-93.66706,42.11729],[-93.66706,42.10729]]]}},{"type":"Feature","id":699,"properties":{"id":"42.11229_-93.67311"},"geometry":{"type":"Polygon","coordinates":[[[-93.67916,42.10729],[-93.66706,42.10729],[-93.66706,42.11729],[-93.67916,42.11729],[-93.67916,42.10729]]]}},{"type":"Feature","id":700,"properties":{"id":"42.11229_-93.68521"},"geometry":{"type":"Polygon","coordinates":[[[-93.69126,42.10729],[-93.67916,42.10729],[-93.67916,42.11729],[-93.69126,42.11729],[-93.69126,42.10729]]]}},{"type":"Feature","id":701,"properties":{"id":"42.11229_-93.69731"},"geometry":{"type":"Polygon","coordinates":[[[-93.70336,42.10729],[-93.69126,42.10729],[-93.69126,42.11729],[-93.70336,42.11729],[-93.70336,42.10729]]]}},{"type":"Feature","id":702,"properties":{"id":"42.11229_-93.70941"},"geometry":{"type":"Polygon","coordinates":[[[-93.71546,42.10729],[-93.70336,42.10729],[-93.70336,42.11729],[-93.71546,42.11729],[-93.71546,42.10729]]]}},{"type":"Feature","id":703,"properties":{"id":"42.11229_-93.72151"},"geometry":{"type":"Polygon","coordinates":[[[-93.72756,42.10729],[-93.71546,42.10729],[-93.71546,42.11729],[-93.72756,42.11729],[-93.72756,42.10729]]]}},{"type":"Feature","id":704,"properties":{"id":"42.11229_-93.73361"},"geometry":{"type":"Polygon","coordinates":[[[-93.73966,42.10729],[-93.72756,42.10729],[-93.72756,42.11729],[-93.73966,42.11729],[-93.73966,42.10729]]]}},{"type":"Feature","id":705,"properties":{"id":"42.11229_-93.74571"},"geometry":{"type":"Polygon","coordinates":[[[-93.75176,42.10729],[-93.73966,42.10729],[-93.73966,42.11729],[-93.75176,42.11729],[-93.75176,42.10729]]]}},{"type":"Feature","id":706,"properties":{"id":"42.11229_-93.75781"},"geometry":{"type":"Polygon","coordinates":[[[-93.76386,42.10729],[-93.75176,42.10729],[-93.75176,42.11729],[-93.76386,42.11729],[-93.76386,42.10729]]]}},{"type":"Feature","id":707,"properties":{"id":"42.11229_-93.76991"},"geometry":{"type":"Polygon","coordinates":[[[-93.77596,42.10729],[-93.76386,42.10729],[-93.76386,42.11729],[-93.77596,42.11729],[-93.77596,42.10729]]]}},{"type":"Feature","id":708,"properties":{"id":"42.11229_-93.78201"},"geometry":{"type":"Polygon","coordinates":[[[-93.78806,42.10729],[-93.77596,42.10729],[-93.77596,42.11729],[-93.78806,42.11729],[-93.78806,42.10729]]]}},{"type":"Feature","id":709,"properties":{"id":"42.11229_-93.79411"},"geometry":{"type":"Polygon","coordinates":[[[-93.80016,42.10729],[-93.78806,42.10729],[-93.78806,42.11729],[-93.80016,42.11729],[-93.80016,42.10729]]]}},{"type":"Feature","id":710,"properties":{"id":"42.11229_-93.80621"},"geometry":{"type":"Polygon","coordinates":[[[-93.81226,42.10729],[-93.80016,42.10729],[-93.80016,42.11729],[-93.81226,42.11729],[-93.81226,42.10729]]]}},{"type":"Feature","id":711,"properties":{"id":"42.11229_-93.81831"},"geometry":{"type":"Polygon","coordinates":[[[-93.82436,42.10729],[-93.81226,42.10729],[-93.81226,42.11729],[-93.82436,42.11729],[-93.82436,42.10729]]]}},{"type":"Feature","id":712,"properties":{"id":"42.11229_-93.83041"},"geometry":{"type":"Polygon","coordinates":[[[-93.83646,42.10729],[-93.82436,42.10729],[-93.82436,42.11729],[-93.83646,42.11729],[-93.83646,42.10729]]]}},{"type":"Feature","id":713,"properties":{"id":"42.12229_-93.46741"},"geometry":{"type":"Polygon","coordinates":[[[-93.47346,42.11729],[-93.46136,42.11729],[-93.46136,42.12729],[-93.47346,42.12729],[-93.47346,42.11729]]]}},{"type":"Feature","id":714,"properties":{"id":"42.12229_-93.47951"},"geometry":{"type":"Polygon","coordinates":[[[-93.48556,42.11729],[-93.47346,42.11729],[-93.47346,42.12729],[-93.48556,42.12729],[-93.48556,42.11729]]]}},{"type":"Feature","id":715,"properties":{"id":"42.12229_-93.49161"},"geometry":{"type":"Polygon","coordinates":[[[-93.49766,42.11729],[-93.48556,42.11729],[-93.48556,42.12729],[-93.49766,42.12729],[-93.49766,42.11729]]]}},{"type":"Feature","id":716,"properties":{"id":"42.12229_-93.50371"},"geometry":{"type":"Polygon","coordinates":[[[-93.50976,42.11729],[-93.49766,42.11729],[-93.49766,42.12729],[-93.50976,42.12729],[-93.50976,42.11729]]]}},{"type":"Feature","id":717,"properties":{"id":"42.12229_-93.51581"},"geometry":{"type":"Polygon","coordinates":[[[-93.52186,42.11729],[-93.50976,42.11729],[-93.50976,42.12729],[-93.52186,42.12729],[-93.52186,42.11729]]]}},{"type":"Feature","id":718,"properties":{"id":"42.12229_-93.52791"},"geometry":{"type":"Polygon","coordinates":[[[-93.53396,42.11729],[-93.52186,42.11729],[-93.52186,42.12729],[-93.53396,42.12729],[-93.53396,42.11729]]]}},{"type":"Feature","id":719,"properties":{"id":"42.12229_-93.54001"},"geometry":{"type":"Polygon","coordinates":[[[-93.54606,42.11729],[-93.53396,42.11729],[-93.53396,42.12729],[-93.54606,42.12729],[-93.54606,42.11729]]]}},{"type":"Feature","id":720,"properties":{"id":"42.12229_-93.55211"},"geometry":{"type":"Polygon","coordinates":[[[-93.55816,42.11729],[-93.54606,42.11729],[-93.54606,42.12729],[-93.55816,42.12729],[-93.55816,42.11729]]]}},{"type":"Feature","id":721,"properties":{"id":"42.12229_-93.56421"},"geometry":{"type":"Polygon","coordinates":[[[-93.57026,42.11729],[-93.55816,42.11729],[-93.55816,42.12729],[-93.57026,42.12729],[-93.57026,42.11729]]]}},{"type":"Feature","id":722,"properties":{"id":"42.12229_-93.57631"},"geometry":{"type":"Polygon","coordinates":[[[-93.58236,42.11729],[-93.57026,42.11729],[-93.57026,42.12729],[-93.58236,42.12729],[-93.58236,42.11729]]]}},{"type":"Feature","id":723,"properties":{"id":"42.12229_-93.58841"},"geometry":{"type":"Polygon","coordinates":[[[-93.59446,42.11729],[-93.58236,42.11729],[-93.58236,42.12729],[-93.59446,42.12729],[-93.59446,42.11729]]]}},{"type":"Feature","id":724,"properties":{"id":"42.12229_-93.60051"},"geometry":{"type":"Polygon","coordinates":[[[-93.60656,42.11729],[-93.59446,42.11729],[-93.59446,42.12729],[-93.60656,42.12729],[-93.60656,42.11729]]]}},{"type":"Feature","id":725,"properties":{"id":"42.12229_-93.61261"},"geometry":{"type":"Polygon","coordinates":[[[-93.61866,42.11729],[-93.60656,42.11729],[-93.60656,42.12729],[-93.61866,42.12729],[-93.61866,42.11729]]]}},{"type":"Feature","id":726,"properties":{"id":"42.12229_-93.62471"},"geometry":{"type":"Polygon","coordinates":[[[-93.63076,42.11729],[-93.61866,42.11729],[-93.61866,42.12729],[-93.63076,42.12729],[-93.63076,42.11729]]]}},{"type":"Feature","id":727,"properties":{"id":"42.12229_-93.63681"},"geometry":{"type":"Polygon","coordinates":[[[-93.64286,42.11729],[-93.63076,42.11729],[-93.63076,42.12729],[-93.64286,42.12729],[-93.64286,42.11729]]]}},{"type":"Feature","id":728,"properties":{"id":"42.12229_-93.64891"},"geometry":{"type":"Polygon","coordinates":[[[-93.65496,42.11729],[-93.64286,42.11729],[-93.64286,42.12729],[-93.65496,42.12729],[-93.65496,42.11729]]]}},{"type":"Feature","id":729,"properties":{"id":"42.12229_-93.66101"},"geometry":{"type":"Polygon","coordinates":[[[-93.66706,42.11729],[-93.65496,42.11729],[-93.65496,42.12729],[-93.66706,42.12729],[-93.66706,42.11729]]]}},{"type":"Feature","id":730,"properties":{"id":"42.12229_-93.67311"},"geometry":{"type":"Polygon","coordinates":[[[-93.67916,42.11729],[-93.66706,42.11729],[-93.66706,42.12729],[-93.67916,42.12729],[-93.67916,42.11729]]]}},{"type":"Feature","id":731,"properties":{"id":"42.12229_-93.68521"},"geometry":{"type":"Polygon","coordinates":[[[-93.69126,42.11729],[-93.67916,42.11729],[-93.67916,42.12729],[-93.69126,42.12729],[-93.69126,42.11729]]]}},{"type":"Feature","id":732,"properties":{"id":"42.12229_-93.69731"},"geometry":{"type":"Polygon","coordinates":[[[-93.70336,42.11729],[-93.69126,42.11729],[-93.69126,42.12729],[-93.70336,42.12729],[-93.70336,42.11729]]]}},{"type":"Feature","id":733,"properties":{"id":"42.12229_-93.70941"},"geometry":{"type":"Polygon","coordinates":[[[-93.71546,42.11729],[-93.70336,42.11729],[-93.70336,42.12729],[-93.71546,42.12729],[-93.71546,42.11729]]]}},{"type":"Feature","id":734,"properties":{"id":"42.12229_-93.72151"},"geometry":{"type":"Polygon","coordinates":[[[-93.72756,42.11729],[-93.71546,42.11729],[-93.71546,42.12729],[-93.72756,42.12729],[-93.72756,42.11729]]]}},{"type":"Feature","id":735,"properties":{"id":"42.12229_-93.73361"},"geometry":{"type":"Polygon","coordinates":[[[-93.73966,42.11729],[-93.72756,42.11729],[-93.72756,42.12729],[-93.73966,42.12729],[-93.73966,42.11729]]]}},{"type":"Feature","id":736,"properties":{"id":"42.12229_-93.74571"},"geometry":{"type":"Polygon","coordinates":[[[-93.75176,42.11729],[-93.73966,42.11729],[-93.73966,42.12729],[-93.75176,42.12729],[-93.75176,42.11729]]]}},{"type":"Feature","id":737,"properties":{"id":"42.12229_-93.75781"},"geometry":{"type":"Polygon","coordinates":[[[-93.76386,42.11729],[-93.75176,42.11729],[-93.75176,42.12729],[-93.76386,42.12729],[-93.76386,42.11729]]]}},{"type":"Feature","id":738,"properties":{"id":"42.12229_-93.76991"},"geometry":{"type":"Polygon","coordinates":[[[-93.77596,42.11729],[-93.76386,42.11729],[-93.76386,42.12729],[-93.77596,42.12729],[-93.77596,42.11729]]]}},{"type":"Feature","id":739,"properties":{"id":"42.12229_-93.78201"},"geometry":{"type":"Polygon","coordinates":[[[-93.78806,42.11729],[-93.77596,42.11729],[-93.77596,42.12729],[-93.78806,42.12729],[-93.78806,42.11729]]]}},{"type":"Feature","id":740,"properties":{"id":"42.12229_-93.79411"},"geometry":{"type":"Polygon","coordinates":[[[-93.80016,42.11729],[-93.78806,42.11729],[-93.78806,42.12729],[-93.80016,42.12729],[-93.80016,42.11729]]]}},{"type":"Feature","id":741,"properties":{"id":"42.12229_-93.80621"},"geometry":{"type":"Polygon","coordinates":[[[-93.81226,42.11729],[-93.80016,42.11729],[-93.80016,42.12729],[-93.81226,42.12729],[-93.81226,42.11729]]]}},{"type":"Feature","id":742,"properties":{"id":"42.12229_-93.81831"},"geometry":{"type":"Polygon","coordinates":[[[-93.82436,42.11729],[-93.81226,42.11729],[-93.81226,42.12729],[-93.82436,42.12729],[-93.82436,42.11729]]]}},{"type":"Feature","id":743,"properties":{"id":"42.12229_-93.83041"},"geometry":{"type":"Polygon","coordinates":[[[-93.83646,42.11729],[-93.82436,42.11729],[-93.82436,42.12729],[-93.83646,42.12729],[-93.83646,42.11729]]]}},{"type":"Feature","id":744,"properties":{"id":"42.13229_-93.46741"},"geometry":{"type":"Polygon","coordinates":[[[-93.47346,42.12729],[-93.46136,42.12729],[-93.46136,42.13729],[-93.47346,42.13729],[-93.47346,42.12729]]]}},{"type":"Feature","id":745,"properties":{"id":"42.13229_-93.47951"},"geometry":{"type":"Polygon","coordinates":[[[-93.48556,42.12729],[-93.47346,42.12729],[-93.47346,42.13729],[-93.48556,42.13729],[-93.48556,42.12729]]]}},{"type":"Feature","id":746,"properties":{"id":"42.13229_-93.49161"},"geometry":{"type":"Polygon","coordinates":[[[-93.49766,42.12729],[-93.48556,42.12729],[-93.48556,42.13729],[-93.49766,42.13729],[-93.49766,42.12729]]]}},{"type":"Feature","id":747,"properties":{"id":"42.13229_-93.50371"},"geometry":{"type":"Polygon","coordinates":[[[-93.50976,42.12729],[-93.49766,42.12729],[-93.49766,42.13729],[-93.50976,42.13729],[-93.50976,42.12729]]]}},{"type":"Feature","id":748,"properties":{"id":"42.13229_-93.51581"},"geometry":{"type":"Polygon","coordinates":[[[-93.52186,42.12729],[-93.50976,42.12729],[-93.50976,42.13729],[-93.52186,42.13729],[-93.52186,42.12729]]]}},{"type":"Feature","id":749,"properties":{"id":"42.13229_-93.52791"},"geometry":{"type":"Polygon","coordinates":[[[-93.53396,42.12729],[-93.52186,42.12729],[-93.52186,42.13729],[-93.53396,42.13729],[-93.53396,42.12729]]]}},{"type":"Feature","id":750,"properties":{"id":"42.13229_-93.54001"},"geometry":{"type":"Polygon","coordinates":[[[-93.54606,42.12729],[-93.53396,42.12729],[-93.53396,42.13729],[-93.54606,42.13729],[-93.54606,42.12729]]]}},{"type":"Feature","id":751,"properties":{"id":"42.13229_-93.55211"},"geometry":{"type":"Polygon","coordinates":[[[-93.55816,42.12729],[-93.54606,42.12729],[-93.54606,42.13729],[-93.55816,42.13729],[-93.55816,42.12729]]]}},{"type":"Feature","id":752,"properties":{"id":"42.13229_-93.56421"},"geometry":{"type":"Polygon","coordinates":[[[-93.57026,42.12729],[-93.55816,42.12729],[-93.55816,42.13729],[-93.57026,42.13729],[-93.57026,42.12729]]]}},{"type":"Feature","id":753,"properties":{"id":"42.13229_-93.57631"},"geometry":{"type":"Polygon","coordinates":[[[-93.58236,42.12729],[-93.57026,42.12729],[-93.57026,42.13729],[-93.58236,42.13729],[-93.58236,42.12729]]]}},{"type":"Feature","id":754,"properties":{"id":"42.13229_-93.58841"},"geometry":{"type":"Polygon","coordinates":[[[-93.59446,42.12729],[-93.58236,42.12729],[-93.58236,42.13729],[-93.59446,42.13729],[-93.59446,42.12729]]]}},{"type":"Feature","id":755,"properties":{"id":"42.13229_-93.60051"},"geometry":{"type":"Polygon","coordinates":[[[-93.60656,42.12729],[-93.59446,42.12729],[-93.59446,42.13729],[-93.60656,42.13729],[-93.60656,42.12729]]]}},{"type":"Feature","id":756,"properties":{"id":"42.13229_-93.61261"},"geometry":{"type":"Polygon","coordinates":[[[-93.61866,42.12729],[-93.60656,42.12729],[-93.60656,42.13729],[-93.61866,42.13729],[-93.61866,42.12729]]]}},{"type":"Feature","id":757,"properties":{"id":"42.13229_-93.62471"},"geometry":{"type":"Polygon","coordinates":[[[-93.63076,42.12729],[-93.61866,42.12729],[-93.61866,42.13729],[-93.63076,42.13729],[-93.63076,42.12729]]]}},{"type":"Feature","id":758,"properties":{"id":"42.13229_-93.63681"},"geometry":{"type":"Polygon","coordinates":[[[-93.64286,42.12729],[-93.63076,42.12729],[-93.63076,42.13729],[-93.64286,42.13729],[-93.64286,42.12729]]]}},{"type":"Feature","id":759,"properties":{"id":"42.13229_-93.64891"},"geometry":{"type":"Polygon","coordinates":[[[-93.65496,42.12729],[-93.64286,42.12729],[-93.64286,42.13729],[-93.65496,42.13729],[-93.65496,42.12729]]]}},{"type":"Feature","id":760,"properties":{"id":"42.13229_-93.66101"},"geometry":{"type":"Polygon","coordinates":[[[-93.66706,42.12729],[-93.65496,42.12729],[-93.65496,42.13729],[-93.66706,42.13729],[-93.66706,42.12729]]]}},{"type":"Feature","id":761,"properties":{"id":"42.13229_-93.67311"},"geometry":{"type":"Polygon","coordinates":[[[-93.67916,42.12729],[-93.66706,42.12729],[-93.66706,42.13729],[-93.67916,42.13729],[-93.67916,42.12729]]]}},{"type":"Feature","id":762,"properties":{"id":"42.13229_-93.68521"},"geometry":{"type":"Polygon","coordinates":[[[-93.69126,42.12729],[-93.67916,42.12729],[-93.67916,42.13729],[-93.69126,42.13729],[-93.69126,42.12729]]]}},{"type":"Feature","id":763,"properties":{"id":"42.13229_-93.69731"},"geometry":{"type":"Polygon","coordinates":[[[-93.70336,42.12729],[-93.69126,42.12729],[-93.69126,42.13729],[-93.70336,42.13729],[-93.70336,42.12729]]]}},{"type":"Feature","id":764,"properties":{"id":"42.13229_-93.70941"},"geometry":{"type":"Polygon","coordinates":[[[-93.71546,42.12729],[-93.70336,42.12729],[-93.70336,42.13729],[-93.71546,42.13729],[-93.71546,42.12729]]]}},{"type":"Feature","id":765,"properties":{"id":"42.13229_-93.72151"},"geometry":{"type":"Polygon","coordinates":[[[-93.72756,42.12729],[-93.71546,42.12729],[-93.71546,42.13729],[-93.72756,42.13729],[-93.72756,42.12729]]]}},{"type":"Feature","id":766,"properties":{"id":"42.13229_-93.73361"},"geometry":{"type":"Polygon","coordinates":[[[-93.73966,42.12729],[-93.72756,42.12729],[-93.72756,42.13729],[-93.73966,42.13729],[-93.73966,42.12729]]]}},{"type":"Feature","id":767,"properties":{"id":"42.13229_-93.74571"},"geometry":{"type":"Polygon","coordinates":[[[-93.75176,42.12729],[-93.73966,42.12729],[-93.73966,42.13729],[-93.75176,42.13729],[-93.75176,42.12729]]]}},{"type":"Feature","id":768,"properties":{"id":"42.13229_-93.75781"},"geometry":{"type":"Polygon","coordinates":[[[-93.76386,42.12729],[-93.75176,42.12729],[-93.75176,42.13729],[-93.76386,42.13729],[-93.76386,42.12729]]]}},{"type":"Feature","id":769,"properties":{"id":"42.13229_-93.76991"},"geometry":{"type":"Polygon","coordinates":[[[-93.77596,42.12729],[-93.76386,42.12729],[-93.76386,42.13729],[-93.77596,42.13729],[-93.77596,42.12729]]]}},{"type":"Feature","id":770,"properties":{"id":"42.13229_-93.78201"},"geometry":{"type":"Polygon","coordinates":[[[-93.78806,42.12729],[-93.77596,42.12729],[-93.77596,42.13729],[-93.78806,42.13729],[-93.78806,42.12729]]]}},{"type":"Feature","id":771,"properties":{"id":"42.13229_-93.79411"},"geometry":{"type":"Polygon","coordinates":[[[-93.80016,42.12729],[-93.78806,42.12729],[-93.78806,42.13729],[-93.80016,42.13729],[-93.80016,42.12729]]]}},{"type":"Feature","id":772,"properties":{"id":"42.13229_-93.80621"},"geometry":{"type":"Polygon","coordinates":[[[-93.81226,42.12729],[-93.80016,42.12729],[-93.80016,42.13729],[-93.81226,42.13729],[-93.81226,42.12729]]]}},{"type":"Feature","id":773,"properties":{"id":"42.13229_-93.81831"},"geometry":{"type":"Polygon","coordinates":[[[-93.82436,42.12729],[-93.81226,42.12729],[-93.81226,42.13729],[-93.82436,42.13729],[-93.82436,42.12729]]]}},{"type":"Feature","id":774,"properties":{"id":"42.13229_-93.83041"},"geometry":{"type":"Polygon","coordinates":[[[-93.83646,42.12729],[-93.82436,42.12729],[-93.82436,42.13729],[-93.83646,42.13729],[-93.83646,42.12729]]]}},{"type":"Feature","id":775,"properties":{"id":"42.14229_-93.46741"},"geometry":{"type":"Polygon","coordinates":[[[-93.47346,42.13729],[-93.46136,42.13729],[-93.46136,42.14729],[-93.47346,42.14729],[-93.47346,42.13729]]]}},{"type":"Feature","id":776,"properties":{"id":"42.14229_-93.47951"},"geometry":{"type":"Polygon","coordinates":[[[-93.48556,42.13729],[-93.47346,42.13729],[-93.47346,42.14729],[-93.48556,42.14729],[-93.48556,42.13729]]]}},{"type":"Feature","id":777,"properties":{"id":"42.14229_-93.49161"},"geometry":{"type":"Polygon","coordinates":[[[-93.49766,42.13729],[-93.48556,42.13729],[-93.48556,42.14729],[-93.49766,42.14729],[-93.49766,42.13729]]]}},{"type":"Feature","id":778,"properties":{"id":"42.14229_-93.50371"},"geometry":{"type":"Polygon","coordinates":[[[-93.50976,42.13729],[-93.49766,42.13729],[-93.49766,42.14729],[-93.50976,42.14729],[-93.50976,42.13729]]]}},{"type":"Feature","id":779,"properties":{"id":"42.14229_-93.51581"},"geometry":{"type":"Polygon","coordinates":[[[-93.52186,42.13729],[-93.50976,42.13729],[-93.50976,42.14729],[-93.52186,42.14729],[-93.52186,42.13729]]]}},{"type":"Feature","id":780,"properties":{"id":"42.14229_-93.52791"},"geometry":{"type":"Polygon","coordinates":[[[-93.53396,42.13729],[-93.52186,42.13729],[-93.52186,42.14729],[-93.53396,42.14729],[-93.53396,42.13729]]]}},{"type":"Feature","id":781,"properties":{"id":"42.14229_-93.54001"},"geometry":{"type":"Polygon","coordinates":[[[-93.54606,42.13729],[-93.53396,42.13729],[-93.53396,42.14729],[-93.54606,42.14729],[-93.54606,42.13729]]]}},{"type":"Feature","id":782,"properties":{"id":"42.14229_-93.55211"},"geometry":{"type":"Polygon","coordinates":[[[-93.55816,42.13729],[-93.54606,42.13729],[-93.54606,42.14729],[-93.55816,42.14729],[-93.55816,42.13729]]]}},{"type":"Feature","id":783,"properties":{"id":"42.14229_-93.56421"},"geometry":{"type":"Polygon","coordinates":[[[-93.57026,42.13729],[-93.55816,42.13729],[-93.55816,42.14729],[-93.57026,42.14729],[-93.57026,42.13729]]]}},{"type":"Feature","id":784,"properties":{"id":"42.14229_-93.57631"},"geometry":{"type":"Polygon","coordinates":[[[-93.58236,42.13729],[-93.57026,42.13729],[-93.57026,42.14729],[-93.58236,42.14729],[-93.58236,42.13729]]]}},{"type":"Feature","id":785,"properties":{"id":"42.14229_-93.58841"},"geometry":{"type":"Polygon","coordinates":[[[-93.59446,42.13729],[-93.58236,42.13729],[-93.58236,42.14729],[-93.59446,42.14729],[-93.59446,42.13729]]]}},{"type":"Feature","id":786,"properties":{"id":"42.14229_-93.60051"},"geometry":{"type":"Polygon","coordinates":[[[-93.60656,42.13729],[-93.59446,42.13729],[-93.59446,42.14729],[-93.60656,42.14729],[-93.60656,42.13729]]]}},{"type":"Feature","id":787,"properties":{"id":"42.14229_-93.61261"},"geometry":{"type":"Polygon","coordinates":[[[-93.61866,42.13729],[-93.60656,42.13729],[-93.60656,42.14729],[-93.61866,42.14729],[-93.61866,42.13729]]]}},{"type":"Feature","id":788,"properties":{"id":"42.14229_-93.62471"},"geometry":{"type":"Polygon","coordinates":[[[-93.63076,42.13729],[-93.61866,42.13729],[-93.61866,42.14729],[-93.63076,42.14729],[-93.63076,42.13729]]]}},{"type":"Feature","id":789,"properties":{"id":"42.14229_-93.63681"},"geometry":{"type":"Polygon","coordinates":[[[-93.64286,42.13729],[-93.63076,42.13729],[-93.63076,42.14729],[-93.64286,42.14729],[-93.64286,42.13729]]]}},{"type":"Feature","id":790,"properties":{"id":"42.14229_-93.64891"},"geometry":{"type":"Polygon","coordinates":[[[-93.65496,42.13729],[-93.64286,42.13729],[-93.64286,42.14729],[-93.65496,42.14729],[-93.65496,42.13729]]]}},{"type":"Feature","id":791,"properties":{"id":"42.14229_-93.66101"},"geometry":{"type":"Polygon","coordinates":[[[-93.66706,42.13729],[-93.65496,42.13729],[-93.65496,42.14729],[-93.66706,42.14729],[-93.66706,42.13729]]]}},{"type":"Feature","id":792,"properties":{"id":"42.14229_-93.67311"},"geometry":{"type":"Polygon","coordinates":[[[-93.67916,42.13729],[-93.66706,42.13729],[-93.66706,42.14729],[-93.67916,42.14729],[-93.67916,42.13729]]]}},{"type":"Feature","id":793,"properties":{"id":"42.14229_-93.68521"},"geometry":{"type":"Polygon","coordinates":[[[-93.69126,42.13729],[-93.67916,42.13729],[-93.67916,42.14729],[-93.69126,42.14729],[-93.69126,42.13729]]]}},{"type":"Feature","id":794,"properties":{"id":"42.14229_-93.69731"},"geometry":{"type":"Polygon","coordinates":[[[-93.70336,42.13729],[-93.69126,42.13729],[-93.69126,42.14729],[-93.70336,42.14729],[-93.70336,42.13729]]]}},{"type":"Feature","id":795,"properties":{"id":"42.14229_-93.70941"},"geometry":{"type":"Polygon","coordinates":[[[-93.71546,42.13729],[-93.70336,42.13729],[-93.70336,42.14729],[-93.71546,42.14729],[-93.71546,42.13729]]]}},{"type":"Feature","id":796,"properties":{"id":"42.14229_-93.72151"},"geometry":{"type":"Polygon","coordinates":[[[-93.72756,42.13729],[-93.71546,42.13729],[-93.71546,42.14729],[-93.72756,42.14729],[-93.72756,42.13729]]]}},{"type":"Feature","id":797,"properties":{"id":"42.14229_-93.73361"},"geometry":{"type":"Polygon","coordinates":[[[-93.73966,42.13729],[-93.72756,42.13729],[-93.72756,42.14729],[-93.73966,42.14729],[-93.73966,42.13729]]]}},{"type":"Feature","id":798,"properties":{"id":"42.14229_-93.74571"},"geometry":{"type":"Polygon","coordinates":[[[-93.75176,42.13729],[-93.73966,42.13729],[-93.73966,42.14729],[-93.75176,42.14729],[-93.75176,42.13729]]]}},{"type":"Feature","id":799,"properties":{"id":"42.14229_-93.75781"},"geometry":{"type":"Polygon","coordinates":[[[-93.76386,42.13729],[-93.75176,42.13729],[-93.75176,42.14729],[-93.76386,42.14729],[-93.76386,42.13729]]]}},{"type":"Feature","id":800,"properties":{"id":"42.14229_-93.76991"},"geometry":{"type":"Polygon","coordinates":[[[-93.77596,42.13729],[-93.76386,42.13729],[-93.76386,42.14729],[-93.77596,42.14729],[-93.77596,42.13729]]]}},{"type":"Feature","id":801,"properties":{"id":"42.14229_-93.78201"},"geometry":{"type":"Polygon","coordinates":[[[-93.78806,42.13729],[-93.77596,42.13729],[-93.77596,42.14729],[-93.78806,42.14729],[-93.78806,42.13729]]]}},{"type":"Feature","id":802,"properties":{"id":"42.14229_-93.79411"},"geometry":{"type":"Polygon","coordinates":[[[-93.80016,42.13729],[-93.78806,42.13729],[-93.78806,42.14729],[-93.80016,42.14729],[-93.80016,42.13729]]]}},{"type":"Feature","id":803,"properties":{"id":"42.14229_-93.80621"},"geometry":{"type":"Polygon","coordinates":[[[-93.81226,42.13729],[-93.80016,42.13729],[-93.80016,42.14729],[-93.81226,42.14729],[-93.81226,42.13729]]]}},{"type":"Feature","id":804,"properties":{"id":"42.14229_-93.81831"},"geometry":{"type":"Polygon","coordinates":[[[-93.82436,42.13729],[-93.81226,42.13729],[-93.81226,42.14729],[-93.82436,42.14729],[-93.82436,42.13729]]]}},{"type":"Feature","id":805,"properties":{"id":"42.14229_-93.83041"},"geometry":{"type":"Polygon","coordinates":[[[-93.83646,42.13729],[-93.82436,42.13729],[-93.82436,42.14729],[-93.83646,42.14729],[-93.83646,42.13729]]]}}]}